[env] ASYNC collection (M=16 free-running, budget=2048/rollout)
[env] ready launch=1.3s make=8.6s
Agent(
  (cnn): NatureCNN(
    (cnn): Sequential(
      (0): Conv2d(4, 32, kernel_size=(8, 8), stride=(4, 4))
      (1): ReLU()
      (2): Conv2d(32, 64, kernel_size=(4, 4), stride=(2, 2))
      (3): ReLU()
      (4): Conv2d(64, 64, kernel_size=(3, 3), stride=(1, 1))
      (5): ReLU()
      (6): Flatten(start_dim=1, end_dim=-1)
    )
    (fc): Sequential(
      (0): Linear(in_features=9216, out_features=256, bias=True)
      (1): ReLU()
    )
  )
  (pi): Sequential(
    (0): Linear(in_features=396, out_features=64, bias=True)
    (1): Tanh()
    (2): Linear(in_features=64, out_features=64, bias=True)
    (3): Tanh()
  )
  (vf): Sequential(
    (0): Linear(in_features=396, out_features=64, bias=True)
    (1): Tanh()
    (2): Linear(in_features=64, out_features=64, bias=True)
    (3): Tanh()
  )
  (actor): Linear(in_features=64, out_features=19, bias=True)
  (critic): Linear(in_features=64, out_features=1, bias=True)
)
params=2,497,972 nvec=[9, 10] vec_dim=140
[bootstrap] loaded agent weights from results/02:38PM-Jun-14-2026_cleanrl_228876/model/ckpt_17000802.pt (trained to step 17000802); fresh optimizer, LR 2e-05->0.0
/home/zzhang18/nchen3/sfiii/.venv/lib/python3.10/site-packages/pydantic/_internal/_generate_schema.py:2274: UnsupportedFieldAttributeWarning: The 'repr' attribute with value False was provided to the `Field()` function, which has no effect in the context it was used. 'repr' is field-specific metadata, and can only be attached to a model field using `Annotated` metadata or by assignment. This may have happened because an `Annotated` type alias using the `type` statement was used, or if the `Field()` function was attached to a single member of a union type.
  warnings.warn(
/home/zzhang18/nchen3/sfiii/.venv/lib/python3.10/site-packages/pydantic/_internal/_generate_schema.py:2274: UnsupportedFieldAttributeWarning: The 'frozen' attribute with value True was provided to the `Field()` function, which has no effect in the context it was used. 'frozen' is field-specific metadata, and can only be attached to a model field using `Annotated` metadata or by assignment. This may have happened because an `Annotated` type alias using the `type` statement was used, or if the `Field()` function was attached to a single member of a union type.
  warnings.warn(
wandb: Currently logged in as: nchen3 (ningcong-chen) to https://api.wandb.ai. Use `wandb login --relogin` to force relogin
wandb: Tracking run with wandb version 0.22.2
wandb: Run data is saved locally in /home/zzhang18/nchen3/sfiii/wandb/run-20260614_180916-kmbbfcy0
wandb: Run `wandb offline` to turn off syncing.
wandb: Syncing run 06:09PM-Jun-14-2026_cleanrl_753420
wandb: ⭐️ View project at https://wandb.ai/ningcong-chen/ppo-new-200M
wandb: 🚀 View run at https://wandb.ai/ningcong-chen/ppo-new-200M/runs/kmbbfcy0
it 1/9765 step 2050 SPS 558 kl 0.0082 rew 0.00 max_stage 0.00 mult 0.833 | collect 3.09s update 0.29s (8% upd)
it 5/9765 step 10257 SPS 601 kl 0.0054 rew 0.00 max_stage 0.00 mult 0.723 | collect 2.98s update 0.37s (11% upd)
it 10/9765 step 20508 SPS 607 kl 0.0065 rew 0.00 max_stage 0.00 mult 0.833 | collect 3.06s update 0.34s (10% upd)
it 15/9765 step 30757 SPS 606 kl 0.0053 rew 0.00 max_stage 0.00 mult 0.579 | collect 3.07s update 0.33s (10% upd)
it 20/9765 step 41022 SPS 604 kl 0.0052 rew 0.00 max_stage 0.00 mult 0.694 | collect 3.14s update 0.31s (9% upd)
it 25/9765 step 51278 SPS 605 kl 0.0039 rew 0.00 max_stage 0.00 mult 0.904 | collect 3.06s update 0.34s (10% upd)
it 30/9765 step 61533 SPS 604 kl 0.0060 rew 0.00 max_stage 0.00 mult 0.942 | collect 3.23s update 0.35s (10% upd)
it 35/9765 step 71794 SPS 604 kl 0.0054 rew 0.00 max_stage 0.00 mult 0.681 | collect 3.19s update 0.29s (8% upd)
it 40/9765 step 82050 SPS 602 kl 0.0040 rew 0.00 max_stage 0.00 mult 0.852 | collect 3.14s update 0.34s (10% upd)
it 45/9765 step 92307 SPS 602 kl 0.0035 rew 0.00 max_stage 0.00 mult 0.616 | collect 3.04s update 0.24s (7% upd)
it 50/9765 step 102571 SPS 602 kl 0.0056 rew 0.00 max_stage 0.00 mult 0.535 | collect 3.09s update 0.32s (9% upd)
it 55/9765 step 112830 SPS 602 kl 0.0050 rew 0.00 max_stage 0.00 mult 0.754 | collect 3.14s update 0.33s (10% upd)
it 60/9765 step 123080 SPS 603 kl 0.0047 rew 0.00 max_stage 0.00 mult 0.943 | collect 3.09s update 0.33s (10% upd)
it 65/9765 step 133338 SPS 603 kl 0.0059 rew 0.00 max_stage 0.00 mult 0.682 | collect 3.16s update 0.27s (8% upd)
it 70/9765 step 143588 SPS 602 kl 0.0058 rew 0.00 max_stage 0.00 mult 0.710 | collect 3.13s update 0.35s (10% upd)
it 75/9765 step 153845 SPS 602 kl 0.0072 rew 0.00 max_stage 0.00 mult 0.630 | collect 3.16s update 0.30s (9% upd)
it 80/9765 step 164097 SPS 603 kl 0.0043 rew 0.00 max_stage 0.00 mult 0.547 | collect 3.08s update 0.28s (8% upd)
it 85/9765 step 174365 SPS 603 kl 0.0057 rew 0.00 max_stage 0.00 mult 0.788 | collect 3.15s update 0.25s (7% upd)
it 90/9765 step 184613 SPS 602 kl 0.0065 rew 8.91 max_stage 2.00 mult 0.821 | collect 3.20s update 0.36s (10% upd)
it 95/9765 step 194871 SPS 602 kl 0.0055 rew 6.96 max_stage 2.00 mult 0.757 | collect 3.17s update 0.34s (10% upd)
it 100/9765 step 205139 SPS 602 kl 0.0046 rew 8.04 max_stage 2.00 mult 0.657 | collect 3.05s update 0.27s (8% upd)
it 105/9765 step 215401 SPS 602 kl 0.0045 rew 8.04 max_stage 2.00 mult 0.833 | collect 3.05s update 0.26s (8% upd)
it 110/9765 step 225662 SPS 602 kl 0.0058 rew 8.04 max_stage 2.00 mult 0.833 | collect 3.16s update 0.37s (10% upd)
it 115/9765 step 235914 SPS 603 kl 0.0043 rew 8.04 max_stage 2.00 mult 0.694 | collect 2.94s update 0.20s (6% upd)
it 120/9765 step 246171 SPS 603 kl 0.0059 rew 8.04 max_stage 2.00 mult 0.833 | collect 3.08s update 0.28s (8% upd)
it 125/9765 step 256423 SPS 603 kl 0.0054 rew 8.04 max_stage 2.00 mult 0.603 | collect 3.11s update 0.31s (9% upd)
it 130/9765 step 266681 SPS 603 kl 0.0068 rew 8.04 max_stage 2.00 mult 0.694 | collect 3.03s update 0.31s (9% upd)
it 135/9765 step 276930 SPS 603 kl 0.0046 rew 8.42 max_stage 2.50 mult 0.833 | collect 3.04s update 0.25s (8% upd)
it 140/9765 step 287179 SPS 603 kl 0.0047 rew 8.42 max_stage 2.50 mult 0.579 | collect 3.12s update 0.31s (9% upd)
it 145/9765 step 297439 SPS 603 kl 0.0047 rew 8.42 max_stage 2.50 mult 0.833 | collect 3.05s update 0.23s (7% upd)
it 150/9765 step 307693 SPS 603 kl 0.0051 rew 8.42 max_stage 2.50 mult 0.603 | collect 3.06s update 0.28s (9% upd)
it 155/9765 step 317961 SPS 603 kl 0.0050 rew 10.41 max_stage 2.80 mult 0.635 | collect 3.10s update 0.30s (9% upd)
it 160/9765 step 328220 SPS 603 kl 0.0052 rew 10.61 max_stage 3.17 mult 0.551 | collect 3.06s update 0.35s (10% upd)
it 165/9765 step 338484 SPS 603 kl 0.0039 rew 10.61 max_stage 3.17 mult 0.530 | collect 3.05s update 0.21s (7% upd)
it 170/9765 step 348740 SPS 603 kl 0.0036 rew 10.61 max_stage 3.17 mult 0.827 | collect 3.04s update 0.21s (7% upd)
it 175/9765 step 358994 SPS 603 kl 0.0040 rew 11.60 max_stage 3.50 mult 0.575 | collect 3.06s update 0.30s (9% upd)
it 180/9765 step 369252 SPS 603 kl 0.0037 rew 11.39 max_stage 3.56 mult 0.509 | collect 3.17s update 0.24s (7% upd)
it 185/9765 step 379508 SPS 603 kl 0.0060 rew 11.71 max_stage 3.60 mult 0.796 | collect 3.05s update 0.27s (8% upd)
it 190/9765 step 389769 SPS 603 kl 0.0054 rew 11.71 max_stage 3.60 mult 0.829 | collect 3.02s update 0.34s (10% upd)
it 195/9765 step 400026 SPS 603 kl 0.0039 rew 12.34 max_stage 3.73 mult 0.864 | collect 3.03s update 0.35s (10% upd)
it 200/9765 step 410279 SPS 602 kl 0.0053 rew 12.34 max_stage 3.73 mult 0.750 | collect 3.12s update 0.28s (8% upd)
it 205/9765 step 420541 SPS 603 kl 0.0046 rew 12.79 max_stage 3.83 mult 0.833 | collect 3.04s update 0.25s (8% upd)
it 210/9765 step 430797 SPS 602 kl 0.0059 rew 12.52 max_stage 3.92 mult 0.579 | collect 3.02s update 0.32s (9% upd)
it 215/9765 step 441054 SPS 602 kl 0.0034 rew 12.67 max_stage 4.00 mult 0.767 | collect 3.24s update 0.35s (10% upd)
it 220/9765 step 451301 SPS 602 kl 0.0047 rew 12.67 max_stage 4.00 mult 1.000 | collect 3.06s update 0.35s (10% upd)
it 225/9765 step 461570 SPS 602 kl 0.0059 rew 13.40 max_stage 4.07 mult 0.694 | collect 3.06s update 0.34s (10% upd)
it 230/9765 step 471832 SPS 602 kl 0.0053 rew 13.40 max_stage 4.07 mult 0.833 | collect 3.15s update 0.31s (9% upd)
it 235/9765 step 482093 SPS 602 kl 0.0041 rew 13.40 max_stage 4.07 mult 1.000 | collect 3.34s update 0.34s (9% upd)
it 240/9765 step 492346 SPS 602 kl 0.0050 rew 13.40 max_stage 4.07 mult 0.694 | collect 3.12s update 0.33s (10% upd)
it 245/9765 step 502606 SPS 602 kl 0.0040 rew 13.40 max_stage 4.07 mult 0.868 | collect 3.15s update 0.34s (10% upd)
it 250/9765 step 512858 SPS 602 kl 0.0049 rew 13.06 max_stage 4.19 mult 0.641 | collect 3.17s update 0.30s (9% upd)
it 255/9765 step 523117 SPS 602 kl 0.0040 rew 13.06 max_stage 4.19 mult 1.000 | collect 3.03s update 0.35s (10% upd)
it 260/9765 step 533376 SPS 602 kl 0.0034 rew 13.06 max_stage 4.19 mult 0.694 | collect 3.19s update 0.17s (5% upd)
it 265/9765 step 543637 SPS 602 kl 0.0039 rew 13.06 max_stage 4.19 mult 0.603 | collect 3.23s update 0.28s (8% upd)
it 270/9765 step 553882 SPS 602 kl 0.0039 rew 13.06 max_stage 4.19 mult 0.942 | collect 3.13s update 0.33s (10% upd)
it 275/9765 step 564140 SPS 602 kl 0.0051 rew 13.06 max_stage 4.19 mult 0.681 | collect 3.06s update 0.23s (7% upd)
it 280/9765 step 574402 SPS 602 kl 0.0042 rew 13.06 max_stage 4.19 mult 0.868 | collect 3.01s update 0.34s (10% upd)
it 285/9765 step 584657 SPS 602 kl 0.0025 rew 13.06 max_stage 4.19 mult 0.579 | collect 2.99s update 0.13s (4% upd)
it 290/9765 step 594908 SPS 602 kl 0.0047 rew 12.96 max_stage 4.12 mult 0.966 | collect 3.01s update 0.35s (10% upd)
it 295/9765 step 605164 SPS 602 kl 0.0060 rew 13.18 max_stage 4.16 mult 0.833 | collect 3.06s update 0.27s (8% upd)
it 300/9765 step 615416 SPS 602 kl 0.0053 rew 13.18 max_stage 4.16 mult 0.603 | collect 3.08s update 0.31s (9% upd)
it 305/9765 step 625675 SPS 602 kl 0.0041 rew 13.18 max_stage 4.16 mult 0.942 | collect 3.09s update 0.35s (10% upd)
it 310/9765 step 635923 SPS 602 kl 0.0049 rew 13.18 max_stage 4.16 mult 0.579 | collect 3.19s update 0.31s (9% upd)
it 315/9765 step 646182 SPS 602 kl 0.0045 rew 13.18 max_stage 4.16 mult 1.000 | collect 3.14s update 0.34s (10% upd)
it 320/9765 step 656446 SPS 602 kl 0.0046 rew 13.18 max_stage 4.16 mult 0.833 | collect 3.17s update 0.24s (7% upd)
it 325/9765 step 666707 SPS 602 kl 0.0046 rew 13.17 max_stage 4.25 mult 1.000 | collect 3.16s update 0.34s (10% upd)
it 330/9765 step 676967 SPS 602 kl 0.0043 rew 13.17 max_stage 4.25 mult 0.694 | collect 3.06s update 0.27s (8% upd)
it 335/9765 step 687225 SPS 602 kl 0.0045 rew 13.07 max_stage 4.24 mult 0.904 | collect 3.06s update 0.35s (10% upd)
it 340/9765 step 697490 SPS 602 kl 0.0050 rew 13.07 max_stage 4.24 mult 1.000 | collect 3.10s update 0.35s (10% upd)
it 345/9765 step 707750 SPS 602 kl 0.0044 rew 13.07 max_stage 4.24 mult 1.000 | collect 3.08s update 0.35s (10% upd)
it 350/9765 step 718004 SPS 602 kl 0.0063 rew 13.07 max_stage 4.24 mult 0.694 | collect 3.14s update 0.34s (10% upd)
it 355/9765 step 728261 SPS 602 kl 0.0040 rew 13.24 max_stage 4.32 mult 0.519 | collect 3.08s update 0.29s (9% upd)
it 360/9765 step 738511 SPS 602 kl 0.0064 rew 13.24 max_stage 4.32 mult 0.676 | collect 3.09s update 0.30s (9% upd)
it 365/9765 step 748764 SPS 602 kl 0.0057 rew 13.24 max_stage 4.32 mult 0.833 | collect 3.08s update 0.25s (8% upd)
it 370/9765 step 759025 SPS 602 kl 0.0029 rew 13.57 max_stage 4.39 mult 0.779 | collect 3.27s update 0.34s (9% upd)
it 375/9765 step 769287 SPS 602 kl 0.0045 rew 13.57 max_stage 4.39 mult 1.000 | collect 3.04s update 0.34s (10% upd)
it 380/9765 step 779538 SPS 602 kl 0.0046 rew 13.57 max_stage 4.39 mult 0.723 | collect 3.15s update 0.22s (6% upd)
it 385/9765 step 789793 SPS 602 kl 0.0057 rew 13.57 max_stage 4.39 mult 0.650 | collect 3.24s update 0.35s (10% upd)
it 390/9765 step 800050 SPS 601 kl 0.0059 rew 13.57 max_stage 4.39 mult 0.678 | collect 3.11s update 0.31s (9% upd)
it 395/9765 step 810305 SPS 601 kl 0.0050 rew 13.57 max_stage 4.39 mult 1.000 | collect 3.10s update 0.35s (10% upd)
it 400/9765 step 820562 SPS 601 kl 0.0047 rew 13.57 max_stage 4.39 mult 0.868 | collect 3.21s update 0.34s (10% upd)
it 405/9765 step 830817 SPS 601 kl 0.0054 rew 13.57 max_stage 4.39 mult 0.723 | collect 3.20s update 0.34s (10% upd)
it 410/9765 step 841075 SPS 601 kl 0.0034 rew 14.43 max_stage 4.48 mult 0.868 | collect 3.10s update 0.34s (10% upd)
it 415/9765 step 851333 SPS 601 kl 0.0043 rew 14.43 max_stage 4.48 mult 0.904 | collect 3.15s update 0.35s (10% upd)
it 420/9765 step 861592 SPS 601 kl 0.0042 rew 14.48 max_stage 4.54 mult 0.942 | collect 3.03s update 0.42s (12% upd)
it 425/9765 step 871862 SPS 601 kl 0.0047 rew 14.48 max_stage 4.54 mult 0.681 | collect 3.17s update 0.26s (7% upd)
it 430/9765 step 882127 SPS 601 kl 0.0057 rew 14.48 max_stage 4.54 mult 0.694 | collect 3.21s update 0.35s (10% upd)
it 435/9765 step 892376 SPS 600 kl 0.0035 rew 15.15 max_stage 4.75 mult 0.868 | collect 3.24s update 0.34s (9% upd)
it 440/9765 step 902639 SPS 600 kl 0.0050 rew 15.15 max_stage 4.75 mult 0.754 | collect 3.18s update 0.25s (7% upd)
it 445/9765 step 912888 SPS 600 kl 0.0054 rew 15.15 max_stage 4.75 mult 0.785 | collect 3.08s update 0.22s (7% upd)
it 450/9765 step 923146 SPS 600 kl 0.0069 rew 15.72 max_stage 4.94 mult 0.833 | collect 3.19s update 0.33s (9% upd)
it 455/9765 step 933405 SPS 600 kl 0.0049 rew 15.72 max_stage 4.94 mult 1.000 | collect 3.26s update 0.34s (9% upd)
it 460/9765 step 943658 SPS 600 kl 0.0046 rew 16.14 max_stage 5.00 mult 0.868 | collect 3.10s update 0.34s (10% upd)
it 465/9765 step 953923 SPS 600 kl 0.0055 rew 16.14 max_stage 5.00 mult 0.787 | collect 3.09s update 0.34s (10% upd)
it 470/9765 step 964183 SPS 600 kl 0.0069 rew 16.14 max_stage 5.00 mult 0.683 | collect 3.08s update 0.35s (10% upd)
it 475/9765 step 974432 SPS 600 kl 0.0055 rew 16.14 max_stage 5.00 mult 0.526 | collect 3.17s update 0.33s (9% upd)
it 480/9765 step 984691 SPS 600 kl 0.0052 rew 16.14 max_stage 5.00 mult 0.821 | collect 3.13s update 0.27s (8% upd)
it 485/9765 step 994948 SPS 600 kl 0.0048 rew 16.14 max_stage 5.00 mult 0.570 | collect 3.25s update 0.34s (9% upd)
it 490/9765 step 1005201 SPS 600 kl 0.0044 rew 16.14 max_stage 5.00 mult 0.833 | collect 3.11s update 0.24s (7% upd)
it 495/9765 step 1015455 SPS 600 kl 0.0051 rew 16.01 max_stage 5.00 mult 0.723 | collect 3.08s update 0.26s (8% upd)
it 500/9765 step 1025716 SPS 600 kl 0.0041 rew 16.01 max_stage 5.00 mult 0.868 | collect 3.18s update 0.34s (10% upd)
it 505/9765 step 1035983 SPS 600 kl 0.0029 rew 16.39 max_stage 5.03 mult 0.754 | collect 3.13s update 0.16s (5% upd)
it 510/9765 step 1046239 SPS 600 kl 0.0048 rew 16.73 max_stage 5.06 mult 0.791 | collect 3.19s update 0.34s (10% upd)
it 515/9765 step 1056488 SPS 600 kl 0.0051 rew 16.73 max_stage 5.06 mult 0.687 | collect 3.06s update 0.34s (10% upd)
it 520/9765 step 1066745 SPS 600 kl 0.0039 rew 17.16 max_stage 5.17 mult 0.894 | collect 3.17s update 0.35s (10% upd)
it 525/9765 step 1077003 SPS 600 kl 0.0033 rew 17.16 max_stage 5.17 mult 0.792 | collect 3.10s update 0.34s (10% upd)
it 530/9765 step 1087263 SPS 600 kl 0.0055 rew 17.16 max_stage 5.17 mult 0.688 | collect 3.16s update 0.34s (10% upd)
it 535/9765 step 1097520 SPS 600 kl 0.0051 rew 17.16 max_stage 5.17 mult 0.579 | collect 3.09s update 0.33s (10% upd)
it 540/9765 step 1107773 SPS 600 kl 0.0041 rew 17.16 max_stage 5.17 mult 0.992 | collect 3.10s update 0.35s (10% upd)
it 545/9765 step 1118030 SPS 600 kl 0.0057 rew 17.16 max_stage 5.17 mult 0.833 | collect 3.24s update 0.29s (8% upd)
it 550/9765 step 1128296 SPS 600 kl 0.0037 rew 17.16 max_stage 5.17 mult 0.868 | collect 3.09s update 0.34s (10% upd)
it 555/9765 step 1138554 SPS 600 kl 0.0055 rew 17.16 max_stage 5.17 mult 0.754 | collect 3.10s update 0.22s (7% upd)
it 560/9765 step 1148801 SPS 599 kl 0.0060 rew 16.97 max_stage 5.14 mult 0.785 | collect 3.06s update 0.31s (9% upd)
it 565/9765 step 1159066 SPS 599 kl 0.0053 rew 17.17 max_stage 5.13 mult 0.818 | collect 3.13s update 0.39s (11% upd)
it 570/9765 step 1169326 SPS 599 kl 0.0047 rew 17.17 max_stage 5.13 mult 1.000 | collect 2.99s update 0.41s (12% upd)
it 575/9765 step 1179583 SPS 599 kl 0.0059 rew 17.17 max_stage 5.13 mult 0.723 | collect 3.13s update 0.34s (10% upd)
it 580/9765 step 1189830 SPS 599 kl 0.0053 rew 17.17 max_stage 5.13 mult 0.628 | collect 3.14s update 0.34s (10% upd)
it 585/9765 step 1200079 SPS 599 kl 0.0045 rew 17.50 max_stage 5.17 mult 0.554 | collect 3.07s update 0.31s (9% upd)
it 590/9765 step 1210342 SPS 599 kl 0.0051 rew 17.50 max_stage 5.17 mult 0.694 | collect 3.12s update 0.27s (8% upd)
it 595/9765 step 1220597 SPS 599 kl 0.0039 rew 17.50 max_stage 5.17 mult 0.554 | collect 3.09s update 0.41s (12% upd)
it 600/9765 step 1230848 SPS 599 kl 0.0046 rew 17.50 max_stage 5.17 mult 0.533 | collect 3.07s update 0.29s (9% upd)
it 605/9765 step 1241097 SPS 599 kl 0.0053 rew 17.40 max_stage 5.12 mult 0.832 | collect 3.14s update 0.33s (10% upd)
it 610/9765 step 1251348 SPS 599 kl 0.0047 rew 17.40 max_stage 5.12 mult 1.000 | collect 3.14s update 0.43s (12% upd)
it 615/9765 step 1261619 SPS 599 kl 0.0031 rew 17.40 max_stage 5.12 mult 0.723 | collect 3.13s update 0.17s (5% upd)
it 620/9765 step 1271871 SPS 599 kl 0.0046 rew 17.40 max_stage 5.12 mult 1.000 | collect 3.18s update 0.34s (10% upd)
it 625/9765 step 1282127 SPS 599 kl 0.0051 rew 17.40 max_stage 5.12 mult 0.694 | collect 3.07s update 0.35s (10% upd)
it 630/9765 step 1292391 SPS 599 kl 0.0048 rew 17.87 max_stage 5.26 mult 1.000 | collect 3.05s update 0.35s (10% upd)
it 635/9765 step 1302648 SPS 599 kl 0.0064 rew 17.87 max_stage 5.26 mult 0.833 | collect 3.08s update 0.30s (9% upd)
it 640/9765 step 1312906 SPS 599 kl 0.0049 rew 17.87 max_stage 5.26 mult 1.000 | collect 3.13s update 0.35s (10% upd)
it 645/9765 step 1323166 SPS 599 kl 0.0045 rew 17.87 max_stage 5.26 mult 0.868 | collect 3.17s update 0.35s (10% upd)
it 650/9765 step 1333415 SPS 599 kl 0.0058 rew 17.87 max_stage 5.26 mult 0.754 | collect 2.97s update 0.37s (11% upd)
it 655/9765 step 1343671 SPS 599 kl 0.0052 rew 17.97 max_stage 5.27 mult 0.558 | collect 3.24s update 0.30s (8% upd)
it 660/9765 step 1353922 SPS 599 kl 0.0036 rew 17.99 max_stage 5.31 mult 0.558 | collect 3.27s update 0.26s (7% upd)
it 665/9765 step 1364181 SPS 599 kl 0.0048 rew 18.06 max_stage 5.33 mult 0.833 | collect 3.28s update 0.28s (8% upd)
it 670/9765 step 1374432 SPS 599 kl 0.0051 rew 18.06 max_stage 5.33 mult 0.723 | collect 3.27s update 0.34s (9% upd)
it 675/9765 step 1384686 SPS 599 kl 0.0047 rew 18.11 max_stage 5.36 mult 0.579 | collect 3.22s update 0.23s (7% upd)
it 680/9765 step 1394935 SPS 599 kl 0.0038 rew 18.15 max_stage 5.38 mult 0.754 | collect 3.13s update 0.23s (7% upd)
it 685/9765 step 1405198 SPS 599 kl 0.0039 rew 18.15 max_stage 5.38 mult 0.981 | collect 3.19s update 0.35s (10% upd)
it 690/9765 step 1415452 SPS 599 kl 0.0032 rew 18.15 max_stage 5.38 mult 0.852 | collect 3.08s update 0.34s (10% upd)
it 695/9765 step 1425714 SPS 599 kl 0.0058 rew 18.15 max_stage 5.38 mult 0.694 | collect 3.17s update 0.35s (10% upd)
it 700/9765 step 1435973 SPS 599 kl 0.0039 rew 18.15 max_stage 5.38 mult 0.868 | collect 3.09s update 0.34s (10% upd)
it 705/9765 step 1446223 SPS 599 kl 0.0047 rew 18.15 max_stage 5.38 mult 1.000 | collect 3.24s update 0.34s (10% upd)
it 710/9765 step 1456482 SPS 598 kl 0.0041 rew 18.15 max_stage 5.38 mult 0.723 | collect 3.18s update 0.25s (7% upd)
it 715/9765 step 1466742 SPS 598 kl 0.0053 rew 18.15 max_stage 5.38 mult 0.833 | collect 3.22s update 0.28s (8% upd)
it 720/9765 step 1477003 SPS 598 kl 0.0062 rew 18.15 max_stage 5.38 mult 0.833 | collect 3.09s update 0.32s (9% upd)
it 725/9765 step 1487266 SPS 598 kl 0.0046 rew 18.15 max_stage 5.38 mult 1.000 | collect 3.20s update 0.34s (10% upd)
it 730/9765 step 1497512 SPS 598 kl 0.0042 rew 18.29 max_stage 5.41 mult 0.833 | collect 3.13s update 0.16s (5% upd)
it 735/9765 step 1507766 SPS 598 kl 0.0055 rew 18.29 max_stage 5.41 mult 0.579 | collect 3.13s update 0.35s (10% upd)
it 740/9765 step 1518026 SPS 598 kl 0.0036 rew 18.29 max_stage 5.41 mult 0.694 | collect 3.15s update 0.22s (6% upd)
it 745/9765 step 1528295 SPS 598 kl 0.0036 rew 18.53 max_stage 5.47 mult 0.541 | collect 3.18s update 0.26s (8% upd)
it 750/9765 step 1538548 SPS 598 kl 0.0035 rew 18.50 max_stage 5.45 mult 0.705 | collect 3.32s update 0.21s (6% upd)
it 755/9765 step 1548796 SPS 598 kl 0.0039 rew 18.50 max_stage 5.45 mult 0.918 | collect 3.22s update 0.35s (10% upd)
it 760/9765 step 1559050 SPS 598 kl 0.0053 rew 18.50 max_stage 5.45 mult 0.797 | collect 3.12s update 0.34s (10% upd)
it 765/9765 step 1569314 SPS 598 kl 0.0054 rew 18.50 max_stage 5.45 mult 0.691 | collect 3.13s update 0.35s (10% upd)
it 770/9765 step 1579581 SPS 598 kl 0.0046 rew 18.50 max_stage 5.45 mult 0.565 | collect 3.13s update 0.27s (8% upd)
it 775/9765 step 1589833 SPS 598 kl 0.0044 rew 18.50 max_stage 5.45 mult 0.736 | collect 3.10s update 0.27s (8% upd)
it 780/9765 step 1600100 SPS 598 kl 0.0046 rew 18.99 max_stage 5.52 mult 0.639 | collect 3.36s update 0.31s (8% upd)
it 785/9765 step 1610358 SPS 598 kl 0.0040 rew 19.39 max_stage 5.57 mult 0.849 | collect 3.18s update 0.34s (10% upd)
it 790/9765 step 1620612 SPS 598 kl 0.0049 rew 19.21 max_stage 5.56 mult 0.680 | collect 3.12s update 0.27s (8% upd)
it 795/9765 step 1630860 SPS 598 kl 0.0057 rew 19.21 max_stage 5.56 mult 0.708 | collect 3.23s update 0.33s (9% upd)
it 800/9765 step 1641119 SPS 598 kl 0.0059 rew 19.21 max_stage 5.56 mult 0.833 | collect 3.13s update 0.21s (6% upd)
it 805/9765 step 1651386 SPS 598 kl 0.0052 rew 19.21 max_stage 5.56 mult 0.868 | collect 3.09s update 0.35s (10% upd)
it 810/9765 step 1661642 SPS 598 kl 0.0050 rew 19.41 max_stage 5.59 mult 0.754 | collect 3.10s update 0.28s (8% upd)
it 815/9765 step 1671907 SPS 597 kl 0.0046 rew 19.47 max_stage 5.58 mult 0.981 | collect 3.24s update 0.36s (10% upd)
it 820/9765 step 1682165 SPS 597 kl 0.0058 rew 19.28 max_stage 5.55 mult 0.833 | collect 3.17s update 0.31s (9% upd)
it 825/9765 step 1692417 SPS 597 kl 0.0058 rew 19.28 max_stage 5.55 mult 0.603 | collect 3.13s update 0.34s (10% upd)
it 830/9765 step 1702678 SPS 597 kl 0.0054 rew 19.28 max_stage 5.55 mult 0.819 | collect 3.17s update 0.35s (10% upd)
it 835/9765 step 1712941 SPS 597 kl 0.0061 rew 19.28 max_stage 5.55 mult 0.854 | collect 3.08s update 0.34s (10% upd)
it 840/9765 step 1723198 SPS 597 kl 0.0053 rew 19.28 max_stage 5.55 mult 0.684 | collect 3.25s update 0.32s (9% upd)
it 845/9765 step 1733468 SPS 597 kl 0.0046 rew 19.28 max_stage 5.55 mult 0.579 | collect 3.08s update 0.35s (10% upd)
it 850/9765 step 1743725 SPS 597 kl 0.0048 rew 19.25 max_stage 5.56 mult 0.904 | collect 3.11s update 0.35s (10% upd)
it 855/9765 step 1753984 SPS 597 kl 0.0049 rew 19.34 max_stage 5.56 mult 0.694 | collect 3.01s update 0.37s (11% upd)
it 860/9765 step 1764241 SPS 597 kl 0.0039 rew 19.34 max_stage 5.56 mult 0.868 | collect 3.09s update 0.35s (10% upd)
it 865/9765 step 1774495 SPS 597 kl 0.0051 rew 19.19 max_stage 5.57 mult 0.754 | collect 2.99s update 0.32s (10% upd)
it 870/9765 step 1784747 SPS 597 kl 0.0056 rew 19.00 max_stage 5.52 mult 0.686 | collect 2.99s update 0.34s (10% upd)
it 875/9765 step 1795004 SPS 597 kl 0.0045 rew 19.04 max_stage 5.52 mult 1.000 | collect 3.21s update 0.34s (9% upd)
it 880/9765 step 1805264 SPS 597 kl 0.0038 rew 18.80 max_stage 5.47 mult 0.824 | collect 3.17s update 0.34s (10% upd)
it 885/9765 step 1815524 SPS 597 kl 0.0052 rew 18.80 max_stage 5.47 mult 0.694 | collect 3.10s update 0.34s (10% upd)
it 890/9765 step 1825778 SPS 597 kl 0.0046 rew 18.68 max_stage 5.43 mult 1.000 | collect 3.13s update 0.35s (10% upd)
it 895/9765 step 1836029 SPS 597 kl 0.0043 rew 18.68 max_stage 5.43 mult 0.868 | collect 3.07s update 0.34s (10% upd)
it 900/9765 step 1846278 SPS 597 kl 0.0050 rew 18.68 max_stage 5.43 mult 0.603 | collect 3.13s update 0.28s (8% upd)
it 905/9765 step 1856541 SPS 597 kl 0.0054 rew 18.68 max_stage 5.43 mult 0.942 | collect 3.10s update 0.34s (10% upd)
it 910/9765 step 1866803 SPS 597 kl 0.0041 rew 18.67 max_stage 5.43 mult 1.000 | collect 3.31s update 0.34s (9% upd)
it 915/9765 step 1877061 SPS 597 kl 0.0048 rew 18.67 max_stage 5.43 mult 0.723 | collect 3.11s update 0.24s (7% upd)
it 920/9765 step 1887320 SPS 597 kl 0.0048 rew 18.67 max_stage 5.43 mult 0.833 | collect 3.10s update 0.19s (6% upd)
it 925/9765 step 1897572 SPS 597 kl 0.0058 rew 18.68 max_stage 5.42 mult 1.000 | collect 3.07s update 0.34s (10% upd)
it 930/9765 step 1907842 SPS 597 kl 0.0051 rew 18.68 max_stage 5.42 mult 1.000 | collect 3.08s update 0.35s (10% upd)
it 935/9765 step 1918110 SPS 597 kl 0.0044 rew 18.68 max_stage 5.42 mult 1.000 | collect 3.10s update 0.35s (10% upd)
it 940/9765 step 1928365 SPS 597 kl 0.0047 rew 18.68 max_stage 5.42 mult 1.000 | collect 3.11s update 0.33s (10% upd)
it 945/9765 step 1938623 SPS 597 kl 0.0052 rew 18.68 max_stage 5.42 mult 0.833 | collect 3.11s update 0.29s (9% upd)
it 950/9765 step 1948884 SPS 597 kl 0.0062 rew 18.68 max_stage 5.42 mult 0.868 | collect 3.15s update 0.35s (10% upd)
it 955/9765 step 1959133 SPS 597 kl 0.0054 rew 18.58 max_stage 5.40 mult 0.833 | collect 3.20s update 0.34s (10% upd)
it 960/9765 step 1969381 SPS 597 kl 0.0046 rew 18.55 max_stage 5.41 mult 0.603 | collect 3.20s update 0.36s (10% upd)
it 965/9765 step 1979635 SPS 597 kl 0.0051 rew 18.55 max_stage 5.41 mult 0.579 | collect 3.15s update 0.35s (10% upd)
it 970/9765 step 1989889 SPS 597 kl 0.0051 rew 18.58 max_stage 5.42 mult 0.603 | collect 3.16s update 0.36s (10% upd)
it 975/9765 step 2000151 SPS 597 kl 0.0051 rew 18.58 max_stage 5.42 mult 0.628 | collect 2.99s update 0.46s (13% upd)
it 980/9765 step 2010403 SPS 597 kl 0.0040 rew 18.45 max_stage 5.38 mult 0.981 | collect 3.05s update 0.37s (11% upd)
it 985/9765 step 2020655 SPS 597 kl 0.0043 rew 18.45 max_stage 5.38 mult 0.833 | collect 3.02s update 0.20s (6% upd)
it 990/9765 step 2030906 SPS 597 kl 0.0065 rew 18.45 max_stage 5.38 mult 0.833 | collect 3.16s update 0.29s (8% upd)
it 995/9765 step 2041164 SPS 597 kl 0.0053 rew 18.39 max_stage 5.38 mult 0.603 | collect 3.13s update 0.34s (10% upd)
it 1000/9765 step 2051420 SPS 597 kl 0.0039 rew 18.39 max_stage 5.38 mult 0.870 | collect 3.08s update 0.34s (10% upd)
it 1005/9765 step 2061674 SPS 597 kl 0.0039 rew 18.39 max_stage 5.38 mult 0.579 | collect 3.13s update 0.25s (7% upd)
it 1010/9765 step 2071937 SPS 597 kl 0.0045 rew 18.53 max_stage 5.41 mult 1.000 | collect 3.07s update 0.38s (11% upd)
it 1015/9765 step 2082196 SPS 597 kl 0.0056 rew 18.53 max_stage 5.41 mult 0.694 | collect 3.14s update 0.36s (10% upd)
it 1020/9765 step 2092459 SPS 597 kl 0.0057 rew 18.53 max_stage 5.41 mult 0.698 | collect 3.06s update 0.38s (11% upd)
it 1025/9765 step 2102717 SPS 597 kl 0.0052 rew 18.58 max_stage 5.42 mult 0.559 | collect 3.06s update 0.35s (10% upd)
it 1030/9765 step 2112975 SPS 597 kl 0.0035 rew 18.77 max_stage 5.45 mult 0.727 | collect 3.29s update 0.17s (5% upd)
it 1035/9765 step 2123238 SPS 597 kl 0.0027 rew 18.77 max_stage 5.45 mult 0.582 | collect 3.18s update 0.15s (4% upd)
it 1040/9765 step 2133493 SPS 597 kl 0.0037 rew 18.77 max_stage 5.45 mult 0.839 | collect 3.15s update 0.35s (10% upd)
it 1045/9765 step 2143756 SPS 597 kl 0.0055 rew 18.73 max_stage 5.45 mult 0.694 | collect 3.27s update 0.34s (9% upd)
it 1050/9765 step 2154015 SPS 597 kl 0.0045 rew 18.72 max_stage 5.44 mult 0.868 | collect 3.16s update 0.35s (10% upd)
it 1055/9765 step 2164278 SPS 597 kl 0.0036 rew 18.72 max_stage 5.44 mult 0.628 | collect 3.10s update 0.23s (7% upd)
it 1060/9765 step 2174525 SPS 597 kl 0.0047 rew 18.72 max_stage 5.44 mult 0.833 | collect 3.19s update 0.26s (8% upd)
it 1065/9765 step 2184779 SPS 597 kl 0.0050 rew 18.63 max_stage 5.42 mult 1.000 | collect 3.31s update 0.34s (9% upd)
it 1070/9765 step 2195031 SPS 597 kl 0.0056 rew 18.63 max_stage 5.42 mult 0.868 | collect 3.09s update 0.35s (10% upd)
it 1075/9765 step 2205284 SPS 597 kl 0.0046 rew 18.65 max_stage 5.44 mult 0.833 | collect 3.14s update 0.17s (5% upd)
it 1080/9765 step 2215540 SPS 597 kl 0.0048 rew 18.65 max_stage 5.44 mult 0.579 | collect 3.08s update 0.34s (10% upd)
it 1085/9765 step 2225796 SPS 597 kl 0.0051 rew 18.65 max_stage 5.44 mult 0.833 | collect 3.09s update 0.27s (8% upd)
it 1090/9765 step 2236048 SPS 597 kl 0.0055 rew 18.65 max_stage 5.44 mult 0.579 | collect 3.09s update 0.33s (10% upd)
it 1095/9765 step 2246311 SPS 597 kl 0.0041 rew 18.65 max_stage 5.44 mult 0.845 | collect 3.09s update 0.34s (10% upd)
it 1100/9765 step 2256556 SPS 597 kl 0.0063 rew 18.71 max_stage 5.45 mult 0.833 | collect 3.08s update 0.34s (10% upd)
it 1105/9765 step 2266811 SPS 597 kl 0.0042 rew 18.71 max_stage 5.45 mult 1.000 | collect 3.15s update 0.34s (10% upd)
it 1110/9765 step 2277061 SPS 597 kl 0.0061 rew 18.71 max_stage 5.45 mult 0.694 | collect 3.13s update 0.30s (9% upd)
it 1115/9765 step 2287326 SPS 597 kl 0.0037 rew 18.63 max_stage 5.43 mult 0.579 | collect 3.18s update 0.26s (8% upd)
it 1120/9765 step 2297586 SPS 597 kl 0.0040 rew 18.57 max_stage 5.40 mult 0.833 | collect 3.20s update 0.23s (7% upd)
it 1125/9765 step 2307841 SPS 597 kl 0.0042 rew 18.58 max_stage 5.42 mult 0.603 | collect 3.07s update 0.22s (7% upd)
it 1130/9765 step 2318094 SPS 597 kl 0.0046 rew 18.58 max_stage 5.42 mult 1.000 | collect 3.07s update 0.35s (10% upd)
it 1135/9765 step 2328358 SPS 597 kl 0.0041 rew 18.58 max_stage 5.42 mult 0.579 | collect 3.14s update 0.26s (8% upd)
it 1140/9765 step 2338619 SPS 597 kl 0.0052 rew 18.58 max_stage 5.42 mult 0.589 | collect 3.11s update 0.33s (10% upd)
it 1145/9765 step 2348875 SPS 597 kl 0.0055 rew 18.58 max_stage 5.42 mult 0.614 | collect 3.16s update 0.32s (9% upd)
it 1150/9765 step 2359135 SPS 597 kl 0.0058 rew 18.83 max_stage 5.45 mult 0.694 | collect 3.26s update 0.31s (9% upd)
it 1155/9765 step 2369385 SPS 597 kl 0.0038 rew 18.83 max_stage 5.45 mult 0.567 | collect 3.06s update 0.35s (10% upd)
it 1160/9765 step 2379639 SPS 597 kl 0.0040 rew 18.84 max_stage 5.44 mult 0.833 | collect 3.15s update 0.18s (5% upd)
it 1165/9765 step 2389885 SPS 597 kl 0.0055 rew 18.84 max_stage 5.44 mult 0.833 | collect 1.28s update 0.21s (14% upd)
it 1170/9765 step 2400139 SPS 599 kl 0.0047 rew 18.84 max_stage 5.44 mult 0.694 | collect 1.28s update 0.18s (12% upd)
it 1175/9765 step 2410386 SPS 600 kl 0.0046 rew 18.84 max_stage 5.44 mult 0.592 | collect 1.28s update 0.25s (16% upd)
it 1180/9765 step 2420638 SPS 602 kl 0.0043 rew 18.84 max_stage 5.44 mult 0.694 | collect 1.22s update 0.13s (10% upd)
it 1185/9765 step 2430884 SPS 603 kl 0.0051 rew 18.84 max_stage 5.44 mult 0.723 | collect 1.31s update 0.20s (13% upd)
it 1190/9765 step 2441145 SPS 605 kl 0.0048 rew 18.84 max_stage 5.44 mult 0.942 | collect 1.27s update 0.21s (14% upd)
it 1195/9765 step 2451398 SPS 606 kl 0.0069 rew 18.84 max_stage 5.44 mult 0.818 | collect 1.47s update 0.21s (12% upd)
it 1200/9765 step 2461647 SPS 607 kl 0.0045 rew 18.86 max_stage 5.44 mult 1.000 | collect 1.26s update 0.21s (14% upd)
it 1205/9765 step 2471902 SPS 609 kl 0.0047 rew 18.99 max_stage 5.46 mult 0.868 | collect 1.29s update 0.24s (16% upd)
it 1210/9765 step 2482152 SPS 610 kl 0.0053 rew 18.99 max_stage 5.46 mult 0.628 | collect 1.27s update 0.18s (13% upd)
it 1215/9765 step 2492409 SPS 611 kl 0.0037 rew 18.95 max_stage 5.44 mult 0.856 | collect 1.34s update 0.23s (15% upd)
it 1220/9765 step 2502660 SPS 613 kl 0.0048 rew 18.95 max_stage 5.44 mult 1.000 | collect 1.29s update 0.24s (16% upd)
it 1225/9765 step 2512916 SPS 614 kl 0.0059 rew 18.95 max_stage 5.44 mult 0.833 | collect 1.54s update 0.23s (13% upd)
it 1230/9765 step 2523165 SPS 616 kl 0.0058 rew 19.18 max_stage 5.47 mult 0.868 | collect 1.26s update 0.24s (16% upd)
it 1235/9765 step 2533416 SPS 617 kl 0.0043 rew 19.18 max_stage 5.47 mult 1.000 | collect 1.23s update 0.24s (17% upd)
it 1240/9765 step 2543666 SPS 618 kl 0.0037 rew 19.21 max_stage 5.49 mult 0.868 | collect 1.29s update 0.23s (15% upd)
it 1245/9765 step 2553918 SPS 620 kl 0.0048 rew 19.21 max_stage 5.48 mult 1.000 | collect 1.27s update 0.24s (16% upd)
it 1250/9765 step 2564173 SPS 621 kl 0.0060 rew 19.21 max_stage 5.48 mult 0.694 | collect 1.28s update 0.23s (15% upd)
it 1255/9765 step 2574425 SPS 622 kl 0.0045 rew 19.21 max_stage 5.48 mult 0.868 | collect 1.32s update 0.24s (16% upd)
it 1260/9765 step 2584682 SPS 624 kl 0.0023 rew 19.21 max_stage 5.48 mult 0.694 | collect 1.27s update 0.11s (8% upd)
it 1265/9765 step 2594938 SPS 625 kl 0.0057 rew 19.21 max_stage 5.48 mult 0.833 | collect 1.33s update 0.25s (16% upd)
it 1270/9765 step 2605182 SPS 626 kl 0.0058 rew 19.21 max_stage 5.48 mult 0.718 | collect 1.42s update 0.21s (13% upd)
it 1275/9765 step 2615428 SPS 628 kl 0.0056 rew 19.18 max_stage 5.49 mult 0.599 | collect 1.26s update 0.23s (15% upd)
it 1280/9765 step 2625676 SPS 629 kl 0.0054 rew 19.18 max_stage 5.49 mult 0.833 | collect 1.23s update 0.19s (13% upd)
it 1285/9765 step 2635923 SPS 630 kl 0.0043 rew 19.18 max_stage 5.49 mult 0.833 | collect 1.33s update 0.14s (9% upd)
it 1290/9765 step 2646173 SPS 632 kl 0.0047 rew 19.01 max_stage 5.45 mult 0.579 | collect 1.33s update 0.22s (14% upd)
it 1295/9765 step 2656423 SPS 633 kl 0.0039 rew 18.87 max_stage 5.43 mult 0.864 | collect 1.37s update 0.24s (15% upd)
it 1300/9765 step 2666669 SPS 634 kl 0.0040 rew 18.96 max_stage 5.44 mult 1.000 | collect 1.35s update 0.24s (15% upd)
it 1305/9765 step 2676922 SPS 635 kl 0.0065 rew 18.87 max_stage 5.42 mult 0.723 | collect 1.28s update 0.20s (14% upd)
it 1310/9765 step 2687176 SPS 637 kl 0.0052 rew 18.87 max_stage 5.42 mult 0.721 | collect 1.26s update 0.24s (16% upd)
it 1315/9765 step 2697434 SPS 638 kl 0.0053 rew 18.88 max_stage 5.43 mult 0.833 | collect 1.30s update 0.22s (15% upd)
it 1320/9765 step 2707685 SPS 639 kl 0.0050 rew 18.88 max_stage 5.43 mult 0.694 | collect 1.25s update 0.19s (13% upd)
it 1325/9765 step 2717939 SPS 641 kl 0.0032 rew 18.88 max_stage 5.43 mult 0.868 | collect 1.37s update 0.22s (14% upd)
it 1330/9765 step 2728199 SPS 642 kl 0.0029 rew 18.79 max_stage 5.41 mult 0.833 | collect 1.26s update 0.09s (7% upd)
it 1335/9765 step 2738450 SPS 643 kl 0.0063 rew 18.79 max_stage 5.41 mult 0.724 | collect 1.33s update 0.21s (14% upd)
it 1340/9765 step 2748703 SPS 644 kl 0.0056 rew 18.79 max_stage 5.41 mult 0.833 | collect 1.25s update 0.16s (11% upd)
it 1345/9765 step 2758950 SPS 646 kl 0.0025 rew 18.79 max_stage 5.41 mult 0.580 | collect 1.26s update 0.11s (8% upd)
it 1350/9765 step 2769198 SPS 647 kl 0.0040 rew 18.79 max_stage 5.41 mult 0.755 | collect 1.33s update 0.19s (13% upd)
it 1355/9765 step 2779447 SPS 648 kl 0.0047 rew 18.86 max_stage 5.42 mult 1.000 | collect 1.21s update 0.22s (16% upd)
it 1360/9765 step 2789703 SPS 650 kl 0.0053 rew 18.86 max_stage 5.42 mult 0.871 | collect 1.22s update 0.23s (16% upd)
it 1365/9765 step 2799954 SPS 651 kl 0.0055 rew 18.75 max_stage 5.40 mult 0.694 | collect 1.30s update 0.21s (14% upd)
it 1370/9765 step 2810205 SPS 652 kl 0.0032 rew 18.85 max_stage 5.43 mult 0.872 | collect 1.22s update 0.23s (16% upd)
it 1375/9765 step 2820462 SPS 653 kl 0.0045 rew 18.85 max_stage 5.43 mult 1.000 | collect 1.36s update 0.23s (14% upd)
it 1380/9765 step 2830711 SPS 655 kl 0.0047 rew 18.90 max_stage 5.45 mult 0.694 | collect 1.25s update 0.11s (8% upd)
it 1385/9765 step 2840964 SPS 656 kl 0.0049 rew 18.90 max_stage 5.45 mult 0.833 | collect 1.26s update 0.16s (11% upd)
it 1390/9765 step 2851215 SPS 657 kl 0.0061 rew 18.90 max_stage 5.45 mult 0.833 | collect 1.35s update 0.22s (14% upd)
it 1395/9765 step 2861464 SPS 658 kl 0.0055 rew 18.87 max_stage 5.46 mult 0.729 | collect 1.24s update 0.22s (15% upd)
it 1400/9765 step 2871714 SPS 659 kl 0.0044 rew 18.87 max_stage 5.46 mult 0.833 | collect 1.27s update 0.16s (11% upd)
it 1405/9765 step 2881965 SPS 661 kl 0.0022 rew 18.71 max_stage 5.43 mult 0.833 | collect 1.31s update 0.08s (6% upd)
it 1410/9765 step 2892214 SPS 662 kl 0.0049 rew 18.68 max_stage 5.41 mult 1.000 | collect 1.30s update 0.22s (14% upd)
it 1415/9765 step 2902469 SPS 663 kl 0.0057 rew 18.68 max_stage 5.41 mult 0.833 | collect 1.23s update 0.23s (16% upd)
it 1420/9765 step 2912731 SPS 664 kl 0.0043 rew 18.68 max_stage 5.41 mult 0.694 | collect 1.23s update 0.20s (14% upd)
it 1425/9765 step 2922985 SPS 666 kl 0.0060 rew 18.68 max_stage 5.41 mult 0.833 | collect 1.33s update 0.19s (13% upd)
it 1430/9765 step 2933233 SPS 667 kl 0.0032 rew 18.68 max_stage 5.41 mult 0.586 | collect 1.26s update 0.16s (11% upd)
it 1435/9765 step 2943483 SPS 668 kl 0.0051 rew 18.68 max_stage 5.41 mult 0.833 | collect 1.29s update 0.17s (12% upd)
it 1440/9765 step 2953737 SPS 669 kl 0.0047 rew 18.57 max_stage 5.38 mult 1.000 | collect 1.46s update 0.24s (14% upd)
it 1445/9765 step 2963992 SPS 670 kl 0.0051 rew 18.72 max_stage 5.40 mult 0.694 | collect 1.44s update 0.23s (14% upd)
it 1450/9765 step 2974240 SPS 671 kl 0.0046 rew 18.72 max_stage 5.40 mult 0.734 | collect 1.26s update 0.19s (13% upd)
it 1455/9765 step 2984491 SPS 672 kl 0.0048 rew 18.72 max_stage 5.40 mult 0.612 | collect 1.28s update 0.11s (8% upd)
it 1460/9765 step 2994747 SPS 674 kl 0.0047 rew 18.72 max_stage 5.40 mult 0.797 | collect 1.20s update 0.14s (11% upd)
it 1465/9765 step 3005002 SPS 675 kl 0.0051 rew 18.72 max_stage 5.40 mult 0.830 | collect 1.25s update 0.24s (16% upd)
it 1470/9765 step 3015257 SPS 676 kl 0.0062 rew 18.56 max_stage 5.37 mult 0.833 | collect 1.39s update 0.23s (14% upd)
it 1475/9765 step 3025509 SPS 677 kl 0.0049 rew 18.54 max_stage 5.37 mult 0.694 | collect 1.21s update 0.19s (14% upd)
it 1480/9765 step 3035758 SPS 678 kl 0.0045 rew 18.54 max_stage 5.37 mult 0.884 | collect 1.40s update 0.24s (15% upd)
it 1485/9765 step 3046005 SPS 679 kl 0.0067 rew 18.36 max_stage 5.32 mult 0.767 | collect 1.29s update 0.23s (15% upd)
it 1490/9765 step 3056256 SPS 681 kl 0.0034 rew 18.36 max_stage 5.32 mult 0.885 | collect 1.22s update 0.25s (17% upd)
it 1495/9765 step 3066507 SPS 682 kl 0.0052 rew 18.36 max_stage 5.32 mult 0.768 | collect 1.32s update 0.14s (10% upd)
it 1500/9765 step 3076756 SPS 683 kl 0.0042 rew 18.36 max_stage 5.32 mult 1.000 | collect 1.29s update 0.23s (15% upd)
it 1505/9765 step 3087004 SPS 684 kl 0.0068 rew 18.33 max_stage 5.32 mult 0.739 | collect 1.25s update 0.25s (16% upd)
it 1510/9765 step 3097258 SPS 685 kl 0.0051 rew 18.33 max_stage 5.32 mult 0.769 | collect 1.30s update 0.24s (15% upd)
it 1515/9765 step 3107512 SPS 686 kl 0.0035 rew 18.26 max_stage 5.31 mult 0.668 | collect 1.32s update 0.15s (10% upd)
it 1520/9765 step 3117762 SPS 687 kl 0.0043 rew 18.28 max_stage 5.31 mult 0.617 | collect 1.21s update 0.22s (15% upd)
it 1525/9765 step 3128009 SPS 688 kl 0.0043 rew 18.28 max_stage 5.31 mult 0.803 | collect 1.40s update 0.15s (10% upd)
it 1530/9765 step 3138258 SPS 690 kl 0.0033 rew 18.28 max_stage 5.31 mult 0.593 | collect 1.33s update 0.20s (13% upd)
it 1535/9765 step 3148508 SPS 691 kl 0.0056 rew 18.30 max_stage 5.31 mult 0.772 | collect 1.26s update 0.18s (13% upd)
it 1540/9765 step 3158759 SPS 692 kl 0.0051 rew 18.30 max_stage 5.31 mult 0.594 | collect 1.35s update 0.21s (13% upd)
it 1545/9765 step 3169008 SPS 693 kl 0.0049 rew 18.36 max_stage 5.32 mult 1.000 | collect 1.32s update 0.23s (15% upd)
it 1550/9765 step 3179255 SPS 694 kl 0.0040 rew 18.36 max_stage 5.32 mult 0.694 | collect 1.48s update 0.15s (9% upd)
it 1555/9765 step 3189503 SPS 695 kl 0.0054 rew 18.36 max_stage 5.32 mult 0.833 | collect 1.28s update 0.18s (12% upd)
it 1560/9765 step 3199750 SPS 696 kl 0.0075 rew 18.36 max_stage 5.32 mult 0.694 | collect 1.24s update 0.22s (15% upd)
it 1565/9765 step 3210000 SPS 697 kl 0.0049 rew 18.36 max_stage 5.32 mult 1.000 | collect 1.47s update 0.22s (13% upd)
it 1570/9765 step 3220249 SPS 698 kl 0.0042 rew 18.36 max_stage 5.32 mult 0.833 | collect 1.26s update 0.14s (10% upd)
it 1575/9765 step 3230499 SPS 699 kl 0.0035 rew 18.36 max_stage 5.32 mult 0.894 | collect 1.24s update 0.22s (15% upd)
it 1580/9765 step 3240753 SPS 700 kl 0.0038 rew 18.42 max_stage 5.34 mult 0.776 | collect 1.52s update 0.10s (6% upd)
it 1585/9765 step 3251008 SPS 701 kl 0.0055 rew 18.42 max_stage 5.34 mult 0.674 | collect 1.28s update 0.19s (13% upd)
it 1590/9765 step 3261253 SPS 703 kl 0.0026 rew 18.42 max_stage 5.34 mult 0.694 | collect 1.39s update 0.08s (5% upd)
it 1595/9765 step 3271505 SPS 704 kl 0.0041 rew 18.31 max_stage 5.31 mult 0.598 | collect 1.35s update 0.18s (12% upd)
it 1600/9765 step 3281750 SPS 705 kl 0.0054 rew 18.31 max_stage 5.31 mult 0.833 | collect 1.30s update 0.16s (11% upd)
it 1605/9765 step 3292001 SPS 706 kl 0.0035 rew 18.31 max_stage 5.31 mult 0.694 | collect 1.49s update 0.16s (10% upd)
it 1610/9765 step 3302254 SPS 707 kl 0.0057 rew 18.31 max_stage 5.31 mult 0.694 | collect 1.32s update 0.22s (14% upd)
it 1615/9765 step 3312509 SPS 708 kl 0.0042 rew 18.31 max_stage 5.31 mult 0.898 | collect 1.50s update 0.22s (13% upd)
it 1620/9765 step 3322761 SPS 709 kl 0.0073 rew 18.29 max_stage 5.30 mult 0.833 | collect 1.34s update 0.19s (12% upd)
it 1625/9765 step 3333012 SPS 710 kl 0.0047 rew 18.23 max_stage 5.30 mult 1.000 | collect 1.19s update 0.23s (16% upd)
it 1630/9765 step 3343270 SPS 711 kl 0.0061 rew 18.23 max_stage 5.30 mult 0.750 | collect 1.27s update 0.18s (13% upd)
it 1635/9765 step 3353521 SPS 712 kl 0.0044 rew 18.23 max_stage 5.30 mult 1.000 | collect 1.23s update 0.25s (17% upd)
it 1640/9765 step 3363768 SPS 713 kl 0.0039 rew 18.23 max_stage 5.30 mult 0.601 | collect 1.38s update 0.22s (14% upd)
it 1645/9765 step 3374021 SPS 714 kl 0.0063 rew 18.30 max_stage 5.34 mult 0.833 | collect 1.39s update 0.22s (14% upd)
it 1650/9765 step 3384275 SPS 715 kl 0.0037 rew 18.30 max_stage 5.34 mult 0.752 | collect 1.30s update 0.15s (10% upd)
it 1655/9765 step 3394531 SPS 716 kl 0.0057 rew 18.30 max_stage 5.34 mult 0.752 | collect 1.31s update 0.20s (13% upd)
it 1660/9765 step 3404777 SPS 717 kl 0.0041 rew 18.30 max_stage 5.34 mult 0.903 | collect 1.23s update 0.22s (15% upd)
it 1665/9765 step 3415023 SPS 718 kl 0.0042 rew 18.30 max_stage 5.34 mult 1.000 | collect 1.31s update 0.22s (15% upd)
it 1670/9765 step 3425276 SPS 719 kl 0.0043 rew 18.15 max_stage 5.32 mult 1.000 | collect 1.40s update 0.22s (14% upd)
it 1675/9765 step 3435526 SPS 720 kl 0.0069 rew 18.09 max_stage 5.31 mult 0.833 | collect 1.37s update 0.18s (12% upd)
it 1680/9765 step 3445785 SPS 721 kl 0.0056 rew 18.09 max_stage 5.31 mult 0.905 | collect 1.24s update 0.21s (14% upd)
it 1685/9765 step 3456030 SPS 722 kl 0.0044 rew 18.09 max_stage 5.31 mult 0.833 | collect 1.44s update 0.14s (9% upd)
it 1690/9765 step 3466285 SPS 723 kl 0.0044 rew 18.09 max_stage 5.31 mult 0.694 | collect 1.29s update 0.16s (11% upd)
it 1695/9765 step 3476539 SPS 724 kl 0.0045 rew 18.09 max_stage 5.31 mult 0.907 | collect 1.35s update 0.20s (13% upd)
it 1700/9765 step 3486791 SPS 725 kl 0.0053 rew 18.12 max_stage 5.31 mult 0.694 | collect 1.25s update 0.22s (15% upd)
it 1705/9765 step 3497044 SPS 726 kl 0.0036 rew 18.02 max_stage 5.29 mult 1.000 | collect 1.34s update 0.22s (14% upd)
it 1710/9765 step 3507291 SPS 727 kl 0.0051 rew 18.02 max_stage 5.29 mult 0.694 | collect 1.23s update 0.22s (15% upd)
it 1715/9765 step 3517551 SPS 728 kl 0.0045 rew 18.02 max_stage 5.29 mult 0.606 | collect 1.22s update 0.18s (13% upd)
it 1720/9765 step 3527799 SPS 729 kl 0.0053 rew 18.02 max_stage 5.29 mult 0.833 | collect 1.36s update 0.21s (13% upd)
it 1725/9765 step 3538050 SPS 730 kl 0.0043 rew 18.00 max_stage 5.28 mult 1.000 | collect 1.39s update 0.22s (14% upd)
it 1730/9765 step 3548300 SPS 731 kl 0.0046 rew 18.00 max_stage 5.28 mult 0.759 | collect 1.23s update 0.18s (12% upd)
it 1735/9765 step 3558556 SPS 732 kl 0.0054 rew 18.00 max_stage 5.28 mult 0.659 | collect 1.30s update 0.22s (14% upd)
it 1740/9765 step 3568804 SPS 733 kl 0.0061 rew 18.00 max_stage 5.28 mult 1.000 | collect 1.29s update 0.22s (15% upd)
it 1745/9765 step 3579055 SPS 734 kl 0.0048 rew 18.00 max_stage 5.28 mult 0.694 | collect 1.26s update 0.20s (13% upd)
it 1750/9765 step 3589301 SPS 735 kl 0.0062 rew 17.93 max_stage 5.25 mult 0.634 | collect 1.31s update 0.19s (13% upd)
it 1755/9765 step 3599550 SPS 736 kl 0.0074 rew 17.93 max_stage 5.25 mult 0.826 | collect 1.21s update 0.16s (12% upd)
it 1760/9765 step 3609798 SPS 737 kl 0.0049 rew 17.82 max_stage 5.24 mult 0.694 | collect 1.39s update 0.16s (11% upd)
it 1765/9765 step 3620051 SPS 738 kl 0.0052 rew 17.89 max_stage 5.25 mult 0.833 | collect 1.28s update 0.17s (12% upd)
it 1770/9765 step 3630304 SPS 739 kl 0.0048 rew 17.78 max_stage 5.23 mult 1.000 | collect 1.27s update 0.22s (15% upd)
it 1775/9765 step 3640557 SPS 740 kl 0.0044 rew 17.78 max_stage 5.23 mult 0.694 | collect 1.32s update 0.14s (9% upd)
it 1780/9765 step 3650807 SPS 741 kl 0.0052 rew 17.83 max_stage 5.26 mult 0.764 | collect 1.25s update 0.18s (12% upd)
it 1785/9765 step 3661061 SPS 742 kl 0.0049 rew 17.83 max_stage 5.26 mult 0.663 | collect 1.44s update 0.18s (11% upd)
it 1790/9765 step 3671318 SPS 743 kl 0.0046 rew 17.83 max_stage 5.26 mult 1.000 | collect 1.25s update 0.22s (15% upd)
it 1795/9765 step 3681573 SPS 744 kl 0.0050 rew 17.83 max_stage 5.26 mult 0.694 | collect 1.34s update 0.12s (8% upd)
it 1800/9765 step 3691819 SPS 745 kl 0.0038 rew 17.83 max_stage 5.29 mult 1.000 | collect 1.38s update 0.22s (14% upd)
it 1805/9765 step 3702064 SPS 746 kl 0.0067 rew 17.87 max_stage 5.31 mult 0.833 | collect 1.24s update 0.15s (11% upd)
it 1810/9765 step 3712316 SPS 747 kl 0.0036 rew 17.87 max_stage 5.31 mult 0.920 | collect 1.33s update 0.22s (14% upd)
it 1815/9765 step 3722568 SPS 748 kl 0.0049 rew 17.87 max_stage 5.31 mult 0.694 | collect 1.44s update 0.20s (12% upd)
it 1820/9765 step 3732814 SPS 749 kl 0.0037 rew 17.87 max_stage 5.31 mult 0.921 | collect 1.28s update 0.22s (15% upd)
it 1825/9765 step 3743068 SPS 750 kl 0.0047 rew 17.87 max_stage 5.31 mult 1.000 | collect 1.23s update 0.23s (16% upd)
it 1830/9765 step 3753319 SPS 751 kl 0.0028 rew 18.02 max_stage 5.33 mult 0.769 | collect 1.30s update 0.10s (7% upd)
it 1835/9765 step 3763563 SPS 752 kl 0.0057 rew 18.02 max_stage 5.33 mult 0.833 | collect 1.17s update 0.18s (13% upd)
it 1840/9765 step 3773815 SPS 752 kl 0.0041 rew 18.02 max_stage 5.33 mult 0.694 | collect 1.21s update 0.18s (13% upd)
it 1845/9765 step 3784064 SPS 753 kl 0.0037 rew 18.02 max_stage 5.33 mult 0.963 | collect 1.29s update 0.23s (15% upd)
it 1850/9765 step 3794313 SPS 754 kl 0.0051 rew 18.02 max_stage 5.33 mult 0.833 | collect 1.30s update 0.17s (12% upd)
it 1855/9765 step 3804572 SPS 755 kl 0.0066 rew 18.10 max_stage 5.35 mult 0.694 | collect 1.29s update 0.19s (13% upd)
it 1860/9765 step 3814824 SPS 756 kl 0.0038 rew 18.10 max_stage 5.35 mult 0.964 | collect 1.24s update 0.22s (15% upd)
it 1865/9765 step 3825074 SPS 757 kl 0.0050 rew 18.07 max_stage 5.34 mult 1.000 | collect 1.45s update 0.23s (13% upd)
it 1870/9765 step 3835319 SPS 758 kl 0.0040 rew 18.07 max_stage 5.34 mult 1.000 | collect 1.30s update 0.22s (15% upd)
it 1875/9765 step 3845567 SPS 759 kl 0.0057 rew 18.07 max_stage 5.34 mult 1.000 | collect 1.22s update 0.22s (15% upd)
it 1880/9765 step 3855823 SPS 760 kl 0.0041 rew 18.04 max_stage 5.34 mult 0.833 | collect 1.31s update 0.14s (10% upd)
it 1885/9765 step 3866077 SPS 761 kl 0.0052 rew 18.04 max_stage 5.34 mult 0.774 | collect 1.31s update 0.19s (13% upd)
it 1890/9765 step 3876325 SPS 762 kl 0.0046 rew 18.04 max_stage 5.34 mult 0.930 | collect 1.29s update 0.22s (15% upd)
it 1895/9765 step 3886577 SPS 762 kl 0.0036 rew 18.04 max_stage 5.34 mult 0.833 | collect 1.32s update 0.10s (7% upd)
it 1900/9765 step 3896825 SPS 763 kl 0.0051 rew 18.04 max_stage 5.34 mult 0.776 | collect 1.39s update 0.14s (9% upd)
it 1905/9765 step 3907078 SPS 764 kl 0.0057 rew 18.04 max_stage 5.34 mult 0.673 | collect 1.35s update 0.18s (12% upd)
it 1910/9765 step 3917337 SPS 765 kl 0.0047 rew 18.04 max_stage 5.34 mult 0.647 | collect 1.31s update 0.21s (14% upd)
it 1915/9765 step 3927589 SPS 766 kl 0.0060 rew 18.14 max_stage 5.37 mult 0.833 | collect 1.23s update 0.16s (12% upd)
it 1920/9765 step 3937834 SPS 767 kl 0.0038 rew 18.14 max_stage 5.37 mult 1.000 | collect 1.31s update 0.23s (15% upd)
it 1925/9765 step 3948079 SPS 768 kl 0.0057 rew 18.15 max_stage 5.36 mult 0.694 | collect 1.24s update 0.22s (15% upd)
it 1930/9765 step 3958331 SPS 769 kl 0.0055 rew 18.15 max_stage 5.36 mult 0.649 | collect 1.54s update 0.20s (11% upd)
it 1935/9765 step 3968579 SPS 769 kl 0.0044 rew 18.12 max_stage 5.37 mult 0.833 | collect 1.36s update 0.14s (9% upd)
it 1940/9765 step 3978834 SPS 770 kl 0.0050 rew 18.12 max_stage 5.37 mult 1.000 | collect 1.26s update 0.23s (15% upd)
it 1945/9765 step 3989091 SPS 771 kl 0.0054 rew 18.12 max_stage 5.37 mult 0.694 | collect 1.40s update 0.21s (13% upd)
it 1950/9765 step 3999342 SPS 772 kl 0.0055 rew 18.07 max_stage 5.36 mult 0.694 | collect 1.30s update 0.18s (12% upd)
it 1955/9765 step 4009596 SPS 773 kl 0.0050 rew 18.07 max_stage 5.37 mult 1.000 | collect 1.27s update 0.22s (15% upd)
it 1960/9765 step 4019842 SPS 774 kl 0.0044 rew 18.07 max_stage 5.37 mult 0.625 | collect 1.37s update 0.23s (14% upd)
it 1965/9765 step 4030095 SPS 774 kl 0.0055 rew 18.07 max_stage 5.37 mult 0.833 | collect 1.26s update 0.25s (17% upd)
it 1970/9765 step 4040347 SPS 775 kl 0.0040 rew 18.07 max_stage 5.37 mult 1.000 | collect 1.33s update 0.23s (15% upd)
it 1975/9765 step 4050594 SPS 776 kl 0.0055 rew 18.07 max_stage 5.37 mult 0.694 | collect 1.34s update 0.24s (15% upd)
it 1980/9765 step 4060843 SPS 777 kl 0.0049 rew 18.11 max_stage 5.38 mult 0.627 | collect 1.33s update 0.22s (14% upd)
it 1985/9765 step 4071102 SPS 778 kl 0.0040 rew 18.11 max_stage 5.38 mult 0.980 | collect 1.28s update 0.23s (15% upd)
it 1990/9765 step 4081355 SPS 779 kl 0.0046 rew 18.14 max_stage 5.37 mult 0.785 | collect 1.23s update 0.22s (15% upd)
it 1995/9765 step 4091602 SPS 779 kl 0.0046 rew 18.14 max_stage 5.37 mult 1.000 | collect 1.48s update 0.24s (14% upd)
it 2000/9765 step 4101853 SPS 780 kl 0.0043 rew 18.20 max_stage 5.38 mult 1.000 | collect 1.23s update 0.23s (16% upd)
it 2005/9765 step 4112104 SPS 781 kl 0.0045 rew 18.14 max_stage 5.36 mult 0.694 | collect 1.37s update 0.15s (10% upd)
it 2010/9765 step 4122349 SPS 782 kl 0.0058 rew 18.13 max_stage 5.36 mult 0.833 | collect 1.30s update 0.22s (14% upd)
it 2015/9765 step 4132600 SPS 783 kl 0.0053 rew 18.13 max_stage 5.36 mult 0.787 | collect 1.34s update 0.24s (15% upd)
it 2020/9765 step 4142854 SPS 783 kl 0.0054 rew 18.12 max_stage 5.37 mult 0.820 | collect 1.39s update 0.24s (15% upd)
it 2025/9765 step 4153112 SPS 784 kl 0.0052 rew 18.15 max_stage 5.38 mult 0.694 | collect 1.34s update 0.24s (15% upd)
it 2030/9765 step 4163357 SPS 785 kl 0.0057 rew 18.24 max_stage 5.40 mult 0.833 | collect 1.27s update 0.24s (16% upd)
it 2035/9765 step 4173608 SPS 786 kl 0.0069 rew 18.24 max_stage 5.40 mult 0.789 | collect 1.34s update 0.22s (14% upd)
it 2040/9765 step 4183865 SPS 787 kl 0.0059 rew 18.24 max_stage 5.40 mult 0.790 | collect 1.28s update 0.19s (13% upd)
it 2045/9765 step 4194117 SPS 787 kl 0.0034 rew 18.29 max_stage 5.41 mult 0.987 | collect 1.22s update 0.24s (16% upd)
it 2050/9765 step 4204364 SPS 788 kl 0.0051 rew 18.29 max_stage 5.41 mult 0.833 | collect 1.37s update 0.24s (15% upd)
it 2055/9765 step 4214609 SPS 789 kl 0.0039 rew 18.16 max_stage 5.39 mult 0.950 | collect 1.34s update 0.24s (15% upd)
it 2060/9765 step 4224854 SPS 790 kl 0.0055 rew 18.16 max_stage 5.39 mult 0.694 | collect 1.24s update 0.24s (16% upd)
it 2065/9765 step 4235102 SPS 791 kl 0.0042 rew 18.16 max_stage 5.39 mult 0.951 | collect 1.34s update 0.24s (15% upd)
it 2070/9765 step 4245356 SPS 791 kl 0.0054 rew 18.04 max_stage 5.36 mult 0.825 | collect 1.26s update 0.18s (12% upd)
it 2075/9765 step 4255615 SPS 792 kl 0.0055 rew 18.00 max_stage 5.35 mult 0.833 | collect 1.35s update 0.25s (15% upd)
it 2080/9765 step 4265865 SPS 793 kl 0.0055 rew 18.00 max_stage 5.35 mult 0.694 | collect 1.36s update 0.21s (13% upd)
it 2085/9765 step 4276115 SPS 794 kl 0.0043 rew 18.00 max_stage 5.35 mult 0.636 | collect 1.29s update 0.22s (15% upd)
it 2090/9765 step 4286367 SPS 794 kl 0.0047 rew 18.00 max_stage 5.35 mult 0.662 | collect 1.23s update 0.19s (13% upd)
it 2095/9765 step 4296611 SPS 795 kl 0.0038 rew 18.00 max_stage 5.35 mult 0.833 | collect 1.38s update 0.18s (12% upd)
it 2100/9765 step 4306863 SPS 796 kl 0.0044 rew 18.00 max_stage 5.35 mult 1.000 | collect 1.32s update 0.24s (15% upd)
it 2105/9765 step 4317113 SPS 797 kl 0.0035 rew 18.00 max_stage 5.35 mult 0.956 | collect 1.24s update 0.24s (17% upd)
it 2110/9765 step 4327361 SPS 798 kl 0.0056 rew 18.00 max_stage 5.35 mult 0.830 | collect 1.37s update 0.25s (15% upd)
it 2115/9765 step 4337615 SPS 798 kl 0.0046 rew 17.97 max_stage 5.34 mult 0.957 | collect 1.33s update 0.24s (15% upd)
it 2120/9765 step 4347864 SPS 799 kl 0.0062 rew 17.97 max_stage 5.34 mult 0.831 | collect 1.23s update 0.19s (13% upd)
it 2125/9765 step 4358118 SPS 800 kl 0.0053 rew 17.97 max_stage 5.34 mult 0.798 | collect 1.30s update 0.24s (16% upd)
it 2130/9765 step 4368361 SPS 801 kl 0.0043 rew 17.98 max_stage 5.34 mult 0.959 | collect 1.35s update 0.24s (15% upd)
it 2135/9765 step 4378612 SPS 801 kl 0.0066 rew 17.98 max_stage 5.34 mult 0.833 | collect 1.17s update 0.21s (15% upd)
it 2140/9765 step 4388856 SPS 802 kl 0.0053 rew 18.06 max_stage 5.36 mult 1.000 | collect 1.42s update 0.22s (13% upd)
it 2145/9765 step 4399113 SPS 803 kl 0.0059 rew 18.08 max_stage 5.36 mult 0.801 | collect 1.35s update 0.21s (13% upd)
it 2150/9765 step 4409364 SPS 804 kl 0.0037 rew 18.16 max_stage 5.37 mult 0.641 | collect 1.23s update 0.16s (11% upd)
it 2155/9765 step 4419614 SPS 805 kl 0.0055 rew 18.16 max_stage 5.37 mult 0.833 | collect 1.48s update 0.13s (8% upd)
it 2160/9765 step 4429864 SPS 805 kl 0.0053 rew 18.13 max_stage 5.36 mult 0.694 | collect 1.35s update 0.20s (13% upd)
it 2165/9765 step 4440115 SPS 806 kl 0.0046 rew 18.13 max_stage 5.36 mult 0.963 | collect 1.34s update 0.21s (14% upd)
it 2170/9765 step 4450364 SPS 807 kl 0.0053 rew 18.13 max_stage 5.36 mult 0.803 | collect 1.27s update 0.21s (14% upd)
it 2175/9765 step 4460614 SPS 808 kl 0.0039 rew 18.13 max_stage 5.36 mult 1.000 | collect 1.37s update 0.22s (14% upd)
it 2180/9765 step 4470862 SPS 808 kl 0.0040 rew 18.13 max_stage 5.36 mult 0.965 | collect 1.41s update 0.22s (13% upd)
it 2185/9765 step 4481111 SPS 809 kl 0.0053 rew 18.14 max_stage 5.36 mult 0.833 | collect 1.41s update 0.21s (13% upd)
it 2190/9765 step 4491362 SPS 810 kl 0.0048 rew 18.14 max_stage 5.36 mult 0.644 | collect 1.31s update 0.19s (13% upd)
it 2195/9765 step 4501617 SPS 811 kl 0.0045 rew 18.14 max_stage 5.36 mult 1.000 | collect 1.20s update 0.21s (15% upd)
it 2200/9765 step 4511865 SPS 811 kl 0.0070 rew 18.14 max_stage 5.36 mult 0.833 | collect 1.39s update 0.24s (15% upd)
it 2205/9765 step 4522119 SPS 812 kl 0.0036 rew 18.16 max_stage 5.35 mult 1.000 | collect 1.23s update 0.24s (16% upd)
it 2210/9765 step 4532378 SPS 813 kl 0.0042 rew 18.16 max_stage 5.35 mult 0.833 | collect 1.37s update 0.15s (10% upd)
it 2215/9765 step 4542631 SPS 814 kl 0.0029 rew 18.16 max_stage 5.35 mult 0.647 | collect 1.30s update 0.13s (9% upd)
it 2220/9765 step 4552878 SPS 814 kl 0.0053 rew 18.23 max_stage 5.36 mult 0.674 | collect 1.37s update 0.24s (15% upd)
it 2225/9765 step 4563132 SPS 815 kl 0.0047 rew 18.23 max_stage 5.36 mult 0.647 | collect 1.40s update 0.19s (12% upd)
it 2230/9765 step 4573384 SPS 816 kl 0.0067 rew 18.23 max_stage 5.36 mult 0.833 | collect 1.30s update 0.20s (13% upd)
it 2235/9765 step 4583629 SPS 816 kl 0.0048 rew 18.21 max_stage 5.37 mult 1.000 | collect 1.32s update 0.23s (15% upd)
it 2240/9765 step 4593882 SPS 817 kl 0.0064 rew 18.24 max_stage 5.37 mult 0.833 | collect 1.28s update 0.25s (16% upd)
it 2245/9765 step 4604140 SPS 818 kl 0.0058 rew 18.24 max_stage 5.37 mult 0.676 | collect 1.31s update 0.20s (13% upd)
it 2250/9765 step 4614396 SPS 819 kl 0.0045 rew 18.24 max_stage 5.37 mult 1.000 | collect 1.28s update 0.22s (15% upd)
it 2255/9765 step 4624646 SPS 819 kl 0.0047 rew 18.24 max_stage 5.37 mult 0.833 | collect 1.34s update 0.08s (5% upd)
it 2260/9765 step 4634892 SPS 820 kl 0.0053 rew 18.24 max_stage 5.37 mult 0.833 | collect 1.38s update 0.22s (14% upd)
it 2265/9765 step 4645141 SPS 821 kl 0.0041 rew 18.24 max_stage 5.37 mult 0.813 | collect 1.19s update 0.13s (10% upd)
it 2270/9765 step 4655401 SPS 822 kl 0.0050 rew 18.27 max_stage 5.37 mult 0.814 | collect 1.23s update 0.16s (12% upd)
it 2275/9765 step 4665648 SPS 822 kl 0.0049 rew 18.27 max_stage 5.37 mult 0.833 | collect 1.43s update 0.12s (7% upd)
it 2280/9765 step 4675908 SPS 823 kl 0.0054 rew 18.27 max_stage 5.37 mult 0.815 | collect 1.43s update 0.23s (14% upd)
it 2285/9765 step 4686160 SPS 824 kl 0.0036 rew 18.27 max_stage 5.37 mult 0.680 | collect 1.26s update 0.17s (12% upd)
it 2290/9765 step 4696409 SPS 824 kl 0.0050 rew 18.27 max_stage 5.37 mult 1.000 | collect 1.37s update 0.22s (14% upd)
it 2295/9765 step 4706656 SPS 825 kl 0.0052 rew 18.24 max_stage 5.35 mult 0.833 | collect 1.38s update 0.22s (14% upd)
it 2300/9765 step 4716905 SPS 826 kl 0.0049 rew 18.25 max_stage 5.35 mult 1.000 | collect 1.27s update 0.22s (15% upd)
it 2305/9765 step 4727159 SPS 827 kl 0.0058 rew 18.20 max_stage 5.34 mult 0.833 | collect 1.35s update 0.22s (14% upd)
it 2310/9765 step 4737404 SPS 827 kl 0.0057 rew 18.23 max_stage 5.34 mult 0.655 | collect 1.36s update 0.20s (13% upd)
it 2315/9765 step 4747658 SPS 828 kl 0.0046 rew 18.23 max_stage 5.34 mult 0.694 | collect 1.35s update 0.14s (10% upd)
it 2320/9765 step 4757906 SPS 829 kl 0.0028 rew 18.22 max_stage 5.34 mult 0.694 | collect 1.33s update 0.10s (7% upd)
it 2325/9765 step 4768155 SPS 829 kl 0.0054 rew 18.26 max_stage 5.35 mult 0.683 | collect 1.33s update 0.23s (14% upd)
it 2330/9765 step 4778407 SPS 830 kl 0.0053 rew 18.29 max_stage 5.37 mult 0.684 | collect 1.29s update 0.23s (15% upd)
it 2335/9765 step 4788656 SPS 831 kl 0.0042 rew 18.29 max_stage 5.37 mult 0.657 | collect 1.25s update 0.13s (10% upd)
it 2340/9765 step 4798906 SPS 832 kl 0.0048 rew 18.29 max_stage 5.37 mult 0.833 | collect 1.31s update 0.15s (10% upd)
it 2345/9765 step 4809153 SPS 832 kl 0.0070 rew 18.29 max_stage 5.37 mult 1.000 | collect 1.28s update 0.22s (15% upd)
it 2350/9765 step 4819413 SPS 833 kl 0.0041 rew 18.29 max_stage 5.37 mult 1.000 | collect 1.22s update 0.23s (16% upd)
it 2355/9765 step 4829665 SPS 834 kl 0.0060 rew 18.29 max_stage 5.37 mult 0.823 | collect 1.31s update 0.19s (12% upd)
it 2360/9765 step 4839914 SPS 834 kl 0.0048 rew 18.29 max_stage 5.37 mult 0.989 | collect 1.27s update 0.22s (15% upd)
it 2365/9765 step 4850166 SPS 835 kl 0.0038 rew 18.27 max_stage 5.36 mult 0.989 | collect 1.26s update 0.23s (15% upd)
it 2370/9765 step 4860422 SPS 836 kl 0.0049 rew 18.27 max_stage 5.36 mult 0.694 | collect 1.25s update 0.18s (12% upd)
it 2375/9765 step 4870675 SPS 836 kl 0.0051 rew 18.27 max_stage 5.36 mult 0.833 | collect 1.30s update 0.12s (8% upd)
it 2380/9765 step 4880931 SPS 837 kl 0.0047 rew 18.27 max_stage 5.36 mult 1.000 | collect 1.40s update 0.23s (14% upd)
it 2385/9765 step 4891184 SPS 838 kl 0.0048 rew 18.27 max_stage 5.36 mult 1.000 | collect 1.36s update 0.22s (14% upd)
it 2390/9765 step 4901431 SPS 838 kl 0.0056 rew 18.27 max_stage 5.36 mult 0.694 | collect 1.32s update 0.22s (14% upd)
it 2395/9765 step 4911679 SPS 839 kl 0.0063 rew 18.27 max_stage 5.36 mult 0.833 | collect 1.28s update 0.21s (14% upd)
it 2400/9765 step 4921932 SPS 840 kl 0.0049 rew 18.21 max_stage 5.36 mult 0.694 | collect 1.35s update 0.22s (14% upd)
it 2405/9765 step 4932186 SPS 840 kl 0.0068 rew 18.21 max_stage 5.36 mult 0.833 | collect 1.33s update 0.22s (14% upd)
it 2410/9765 step 4942434 SPS 841 kl 0.0054 rew 18.21 max_stage 5.36 mult 0.694 | collect 1.35s update 0.22s (14% upd)
it 2415/9765 step 4952688 SPS 842 kl 0.0057 rew 18.21 max_stage 5.36 mult 0.694 | collect 1.32s update 0.21s (14% upd)
it 2420/9765 step 4962934 SPS 842 kl 0.0035 rew 18.21 max_stage 5.36 mult 0.997 | collect 1.32s update 0.20s (13% upd)
it 2425/9765 step 4973184 SPS 843 kl 0.0043 rew 18.15 max_stage 5.35 mult 1.000 | collect 1.38s update 0.23s (14% upd)
it 2430/9765 step 4983428 SPS 844 kl 0.0057 rew 18.21 max_stage 5.35 mult 0.833 | collect 1.31s update 0.20s (13% upd)
it 2435/9765 step 4993677 SPS 844 kl 0.0024 rew 18.25 max_stage 5.36 mult 0.694 | collect 1.28s update 0.11s (8% upd)
it 2440/9765 step 5003931 SPS 845 kl 0.0041 rew 18.25 max_stage 5.36 mult 0.694 | collect 1.35s update 0.15s (10% upd)
it 2445/9765 step 5014176 SPS 846 kl 0.0046 rew 18.25 max_stage 5.36 mult 1.000 | collect 1.25s update 0.21s (14% upd)
it 2450/9765 step 5024426 SPS 846 kl 0.0036 rew 18.25 max_stage 5.36 mult 0.833 | collect 1.41s update 0.09s (6% upd)
it 2455/9765 step 5034681 SPS 847 kl 0.0046 rew 18.30 max_stage 5.38 mult 1.000 | collect 1.23s update 0.21s (14% upd)
it 2460/9765 step 5044928 SPS 847 kl 0.0054 rew 18.30 max_stage 5.38 mult 0.833 | collect 1.31s update 0.22s (14% upd)
it 2465/9765 step 5055181 SPS 848 kl 0.0040 rew 18.30 max_stage 5.38 mult 1.000 | collect 1.29s update 0.22s (14% upd)
it 2470/9765 step 5065435 SPS 849 kl 0.0040 rew 18.32 max_stage 5.38 mult 1.000 | collect 1.31s update 0.22s (14% upd)
it 2475/9765 step 5075685 SPS 849 kl 0.0048 rew 18.35 max_stage 5.40 mult 1.000 | collect 1.49s update 0.20s (12% upd)
it 2480/9765 step 5085932 SPS 850 kl 0.0057 rew 18.43 max_stage 5.42 mult 0.694 | collect 1.18s update 0.21s (15% upd)
it 2485/9765 step 5096184 SPS 851 kl 0.0042 rew 18.43 max_stage 5.42 mult 1.000 | collect 1.21s update 0.22s (16% upd)
it 2490/9765 step 5106432 SPS 851 kl 0.0052 rew 18.43 max_stage 5.42 mult 0.694 | collect 1.23s update 0.22s (15% upd)
it 2495/9765 step 5116680 SPS 852 kl 0.0050 rew 18.43 max_stage 5.42 mult 0.833 | collect 1.27s update 0.18s (12% upd)
it 2500/9765 step 5126930 SPS 853 kl 0.0048 rew 18.43 max_stage 5.42 mult 1.000 | collect 1.27s update 0.23s (15% upd)
it 2505/9765 step 5137184 SPS 853 kl 0.0031 rew 18.49 max_stage 5.44 mult 0.672 | collect 1.33s update 0.15s (10% upd)
it 2510/9765 step 5147437 SPS 854 kl 0.0052 rew 18.47 max_stage 5.43 mult 0.694 | collect 1.25s update 0.21s (14% upd)
it 2515/9765 step 5157686 SPS 855 kl 0.0055 rew 18.48 max_stage 5.43 mult 0.833 | collect 1.79s update 0.14s (7% upd)
it 2520/9765 step 5167938 SPS 855 kl 0.0053 rew 18.53 max_stage 5.45 mult 0.833 | collect 1.19s update 0.23s (16% upd)
it 2525/9765 step 5178189 SPS 856 kl 0.0053 rew 18.53 max_stage 5.45 mult 0.833 | collect 1.29s update 0.18s (12% upd)
it 2530/9765 step 5188440 SPS 857 kl 0.0049 rew 18.53 max_stage 5.45 mult 1.000 | collect 1.32s update 0.22s (14% upd)
it 2535/9765 step 5198686 SPS 857 kl 0.0062 rew 18.48 max_stage 5.43 mult 0.833 | collect 1.29s update 0.22s (15% upd)
it 2540/9765 step 5208934 SPS 858 kl 0.0042 rew 18.49 max_stage 5.43 mult 0.676 | collect 1.33s update 0.15s (10% upd)
it 2545/9765 step 5219184 SPS 858 kl 0.0053 rew 18.49 max_stage 5.43 mult 0.833 | collect 1.37s update 0.22s (14% upd)
it 2550/9765 step 5229432 SPS 859 kl 0.0058 rew 18.50 max_stage 5.44 mult 0.833 | collect 1.33s update 0.20s (13% upd)
it 2555/9765 step 5239686 SPS 860 kl 0.0045 rew 18.50 max_stage 5.44 mult 1.000 | collect 1.23s update 0.23s (16% upd)
it 2560/9765 step 5249932 SPS 860 kl 0.0052 rew 18.50 max_stage 5.44 mult 0.833 | collect 1.30s update 0.18s (12% upd)
it 2565/9765 step 5260186 SPS 861 kl 0.0055 rew 18.50 max_stage 5.44 mult 0.833 | collect 1.27s update 0.23s (15% upd)
it 2570/9765 step 5270444 SPS 862 kl 0.0051 rew 18.56 max_stage 5.46 mult 0.833 | collect 1.25s update 0.16s (12% upd)
it 2575/9765 step 5280694 SPS 862 kl 0.0048 rew 18.57 max_stage 5.45 mult 1.000 | collect 1.27s update 0.22s (15% upd)
it 2580/9765 step 5290947 SPS 863 kl 0.0062 rew 18.57 max_stage 5.45 mult 0.833 | collect 1.46s update 0.16s (10% upd)
it 2585/9765 step 5301196 SPS 863 kl 0.0041 rew 18.57 max_stage 5.45 mult 1.000 | collect 1.24s update 0.23s (16% upd)
it 2590/9765 step 5311446 SPS 864 kl 0.0050 rew 18.62 max_stage 5.45 mult 1.000 | collect 1.40s update 0.22s (14% upd)
it 2595/9765 step 5321696 SPS 864 kl 0.0034 rew 18.62 max_stage 5.45 mult 0.681 | collect 1.30s update 0.13s (9% upd)
it 2600/9765 step 5331955 SPS 865 kl 0.0044 rew 18.62 max_stage 5.45 mult 0.833 | collect 1.26s update 0.16s (11% upd)
it 2605/9765 step 5342199 SPS 866 kl 0.0061 rew 18.62 max_stage 5.45 mult 0.682 | collect 1.29s update 0.23s (15% upd)
it 2610/9765 step 5352448 SPS 866 kl 0.0039 rew 18.60 max_stage 5.45 mult 0.694 | collect 1.35s update 0.16s (11% upd)
it 2615/9765 step 5362698 SPS 867 kl 0.0063 rew 18.60 max_stage 5.45 mult 0.833 | collect 1.27s update 0.19s (13% upd)
it 2620/9765 step 5372947 SPS 868 kl 0.0049 rew 18.74 max_stage 5.46 mult 0.694 | collect 1.22s update 0.22s (15% upd)
it 2625/9765 step 5383201 SPS 868 kl 0.0034 rew 18.74 max_stage 5.46 mult 0.694 | collect 1.27s update 0.14s (10% upd)
it 2630/9765 step 5393453 SPS 869 kl 0.0043 rew 18.74 max_stage 5.46 mult 1.000 | collect 1.40s update 0.23s (14% upd)
it 2635/9765 step 5403710 SPS 869 kl 0.0058 rew 18.74 max_stage 5.46 mult 0.833 | collect 1.25s update 0.20s (14% upd)
it 2640/9765 step 5413963 SPS 870 kl 0.0054 rew 18.74 max_stage 5.46 mult 0.694 | collect 1.24s update 0.21s (15% upd)
it 2645/9765 step 5424209 SPS 871 kl 0.0063 rew 18.74 max_stage 5.46 mult 0.833 | collect 1.32s update 0.20s (13% upd)
it 2650/9765 step 5434463 SPS 871 kl 0.0048 rew 18.74 max_stage 5.46 mult 1.000 | collect 1.33s update 0.23s (15% upd)
it 2655/9765 step 5444716 SPS 872 kl 0.0050 rew 18.74 max_stage 5.46 mult 0.833 | collect 1.23s update 0.22s (15% upd)
it 2660/9765 step 5454970 SPS 872 kl 0.0061 rew 18.77 max_stage 5.46 mult 0.833 | collect 1.31s update 0.21s (14% upd)
it 2665/9765 step 5465221 SPS 873 kl 0.0042 rew 18.77 max_stage 5.46 mult 0.688 | collect 1.30s update 0.19s (13% upd)
it 2670/9765 step 5475479 SPS 874 kl 0.0053 rew 18.77 max_stage 5.46 mult 0.694 | collect 1.24s update 0.21s (14% upd)
it 2675/9765 step 5485729 SPS 874 kl 0.0063 rew 18.77 max_stage 5.46 mult 1.000 | collect 1.17s update 0.23s (16% upd)
it 2680/9765 step 5495980 SPS 875 kl 0.0046 rew 18.77 max_stage 5.46 mult 0.833 | collect 1.27s update 0.13s (9% upd)
it 2685/9765 step 5506231 SPS 875 kl 0.0059 rew 18.77 max_stage 5.46 mult 0.694 | collect 1.32s update 0.20s (13% upd)
it 2690/9765 step 5516478 SPS 876 kl 0.0063 rew 18.77 max_stage 5.47 mult 0.694 | collect 1.22s update 0.22s (15% upd)
it 2695/9765 step 5526728 SPS 877 kl 0.0047 rew 18.77 max_stage 5.47 mult 1.000 | collect 1.20s update 0.22s (15% upd)
it 2700/9765 step 5536982 SPS 877 kl 0.0047 rew 18.77 max_stage 5.47 mult 0.833 | collect 1.40s update 0.18s (12% upd)
it 2705/9765 step 5547225 SPS 878 kl 0.0054 rew 18.85 max_stage 5.49 mult 0.691 | collect 1.30s update 0.22s (14% upd)
it 2710/9765 step 5557476 SPS 878 kl 0.0045 rew 18.93 max_stage 5.49 mult 1.000 | collect 1.31s update 0.22s (15% upd)
it 2715/9765 step 5567726 SPS 879 kl 0.0064 rew 18.96 max_stage 5.49 mult 1.000 | collect 1.29s update 0.22s (15% upd)
it 2720/9765 step 5577980 SPS 879 kl 0.0044 rew 18.96 max_stage 5.49 mult 1.000 | collect 1.29s update 0.22s (15% upd)
it 2725/9765 step 5588234 SPS 880 kl 0.0052 rew 18.96 max_stage 5.49 mult 0.694 | collect 1.41s update 0.21s (13% upd)
it 2730/9765 step 5598485 SPS 881 kl 0.0058 rew 18.96 max_stage 5.49 mult 0.833 | collect 1.24s update 0.18s (12% upd)
it 2735/9765 step 5608745 SPS 881 kl 0.0058 rew 18.96 max_stage 5.49 mult 0.833 | collect 1.25s update 0.23s (16% upd)
it 2740/9765 step 5619002 SPS 882 kl 0.0054 rew 19.00 max_stage 5.49 mult 0.833 | collect 1.38s update 0.14s (9% upd)
it 2745/9765 step 5629252 SPS 882 kl 0.0054 rew 18.98 max_stage 5.49 mult 0.695 | collect 1.35s update 0.23s (14% upd)
it 2750/9765 step 5639497 SPS 883 kl 0.0046 rew 18.98 max_stage 5.49 mult 1.000 | collect 1.39s update 0.22s (14% upd)
it 2755/9765 step 5649741 SPS 884 kl 0.0052 rew 18.93 max_stage 5.48 mult 0.833 | collect 1.22s update 0.22s (15% upd)
it 2760/9765 step 5659995 SPS 884 kl 0.0055 rew 18.93 max_stage 5.48 mult 0.833 | collect 1.23s update 0.17s (12% upd)
it 2765/9765 step 5670245 SPS 885 kl 0.0040 rew 19.03 max_stage 5.50 mult 1.000 | collect 1.33s update 0.22s (14% upd)
it 2770/9765 step 5680490 SPS 885 kl 0.0055 rew 19.03 max_stage 5.50 mult 0.833 | collect 1.31s update 0.18s (12% upd)
it 2775/9765 step 5690744 SPS 886 kl 0.0060 rew 19.03 max_stage 5.50 mult 0.833 | collect 1.22s update 0.22s (15% upd)
it 2780/9765 step 5700994 SPS 886 kl 0.0038 rew 19.03 max_stage 5.50 mult 0.699 | collect 1.42s update 0.16s (10% upd)
it 2785/9765 step 5711240 SPS 887 kl 0.0033 rew 18.96 max_stage 5.49 mult 0.699 | collect 1.31s update 0.14s (10% upd)
it 2790/9765 step 5721491 SPS 887 kl 0.0056 rew 18.96 max_stage 5.49 mult 0.700 | collect 1.45s update 0.23s (14% upd)
it 2795/9765 step 5731746 SPS 888 kl 0.0048 rew 19.00 max_stage 5.49 mult 1.000 | collect 1.27s update 0.23s (15% upd)
it 2800/9765 step 5742003 SPS 889 kl 0.0055 rew 19.00 max_stage 5.49 mult 0.833 | collect 1.19s update 0.22s (15% upd)
it 2805/9765 step 5752257 SPS 889 kl 0.0047 rew 19.00 max_stage 5.49 mult 1.000 | collect 1.23s update 0.22s (15% upd)
it 2810/9765 step 5762503 SPS 890 kl 0.0043 rew 19.00 max_stage 5.49 mult 1.000 | collect 1.51s update 0.22s (13% upd)
it 2815/9765 step 5772755 SPS 890 kl 0.0044 rew 19.00 max_stage 5.49 mult 0.833 | collect 1.31s update 0.15s (10% upd)
it 2820/9765 step 5783009 SPS 891 kl 0.0053 rew 18.95 max_stage 5.47 mult 0.833 | collect 1.27s update 0.22s (15% upd)
it 2825/9765 step 5793261 SPS 891 kl 0.0049 rew 18.95 max_stage 5.47 mult 0.833 | collect 1.25s update 0.17s (12% upd)
it 2830/9765 step 5803510 SPS 892 kl 0.0042 rew 18.95 max_stage 5.47 mult 1.000 | collect 1.30s update 0.20s (14% upd)
it 2835/9765 step 5813767 SPS 893 kl 0.0043 rew 18.95 max_stage 5.47 mult 0.833 | collect 1.24s update 0.13s (10% upd)
it 2840/9765 step 5824016 SPS 893 kl 0.0047 rew 18.95 max_stage 5.47 mult 1.000 | collect 1.24s update 0.20s (14% upd)
it 2845/9765 step 5834266 SPS 894 kl 0.0062 rew 18.86 max_stage 5.46 mult 0.833 | collect 1.21s update 0.19s (14% upd)
it 2850/9765 step 5844518 SPS 894 kl 0.0061 rew 18.86 max_stage 5.46 mult 0.833 | collect 1.32s update 0.18s (12% upd)
it 2855/9765 step 5854767 SPS 895 kl 0.0040 rew 18.86 max_stage 5.46 mult 1.000 | collect 1.36s update 0.21s (13% upd)
it 2860/9765 step 5865017 SPS 895 kl 0.0038 rew 18.86 max_stage 5.46 mult 1.000 | collect 1.31s update 0.20s (13% upd)
it 2865/9765 step 5875271 SPS 896 kl 0.0049 rew 18.80 max_stage 5.46 mult 0.833 | collect 1.41s update 0.16s (10% upd)
it 2870/9765 step 5885524 SPS 896 kl 0.0044 rew 18.80 max_stage 5.46 mult 1.000 | collect 1.27s update 0.22s (15% upd)
it 2875/9765 step 5895777 SPS 896 kl 0.0045 rew 18.80 max_stage 5.46 mult 0.833 | collect 3.07s update 0.24s (7% upd)
it 2880/9765 step 5906030 SPS 895 kl 0.0033 rew 18.80 max_stage 5.46 mult 0.709 | collect 3.08s update 0.19s (6% upd)
it 2885/9765 step 5916290 SPS 894 kl 0.0041 rew 18.68 max_stage 5.44 mult 1.000 | collect 3.07s update 0.35s (10% upd)
it 2890/9765 step 5926549 SPS 893 kl 0.0048 rew 18.59 max_stage 5.42 mult 1.000 | collect 3.19s update 0.36s (10% upd)
it 2895/9765 step 5936794 SPS 893 kl 0.0068 rew 18.59 max_stage 5.42 mult 0.833 | collect 3.01s update 0.37s (11% upd)
it 2900/9765 step 5947061 SPS 892 kl 0.0034 rew 18.61 max_stage 5.42 mult 0.711 | collect 3.08s update 0.31s (9% upd)
it 2905/9765 step 5957317 SPS 891 kl 0.0057 rew 18.55 max_stage 5.42 mult 0.833 | collect 2.98s update 0.29s (9% upd)
it 2910/9765 step 5967565 SPS 890 kl 0.0033 rew 18.55 max_stage 5.42 mult 0.712 | collect 3.10s update 0.25s (7% upd)
it 2915/9765 step 5977820 SPS 890 kl 0.0052 rew 18.55 max_stage 5.42 mult 0.833 | collect 3.04s update 0.27s (8% upd)
it 2920/9765 step 5988079 SPS 889 kl 0.0040 rew 18.48 max_stage 5.41 mult 1.000 | collect 3.19s update 0.33s (9% upd)
it 2925/9765 step 5998345 SPS 888 kl 0.0054 rew 18.48 max_stage 5.41 mult 0.833 | collect 3.16s update 0.33s (9% upd)
it 2930/9765 step 6008612 SPS 887 kl 0.0052 rew 18.34 max_stage 5.38 mult 1.000 | collect 3.09s update 0.35s (10% upd)
it 2935/9765 step 6018866 SPS 887 kl 0.0048 rew 18.37 max_stage 5.38 mult 0.715 | collect 3.15s update 0.20s (6% upd)
it 2940/9765 step 6029127 SPS 886 kl 0.0053 rew 18.33 max_stage 5.38 mult 0.833 | collect 3.18s update 0.26s (7% upd)
it 2945/9765 step 6039392 SPS 885 kl 0.0057 rew 18.33 max_stage 5.38 mult 0.833 | collect 3.10s update 0.30s (9% upd)
it 2950/9765 step 6049645 SPS 885 kl 0.0046 rew 18.33 max_stage 5.38 mult 0.833 | collect 3.14s update 0.23s (7% upd)
it 2955/9765 step 6059905 SPS 884 kl 0.0044 rew 18.33 max_stage 5.38 mult 0.833 | collect 3.17s update 0.23s (7% upd)
it 2960/9765 step 6070164 SPS 883 kl 0.0054 rew 18.23 max_stage 5.36 mult 0.717 | collect 3.18s update 0.34s (10% upd)
it 2965/9765 step 6080426 SPS 882 kl 0.0037 rew 18.23 max_stage 5.36 mult 1.000 | collect 3.17s update 0.34s (10% upd)
it 2970/9765 step 6090679 SPS 882 kl 0.0055 rew 18.23 max_stage 5.36 mult 1.000 | collect 3.13s update 0.34s (10% upd)
it 2975/9765 step 6100938 SPS 881 kl 0.0061 rew 18.23 max_stage 5.36 mult 0.833 | collect 3.09s update 0.33s (10% upd)
it 2980/9765 step 6111201 SPS 880 kl 0.0045 rew 18.23 max_stage 5.36 mult 1.000 | collect 3.18s update 0.34s (10% upd)
it 2985/9765 step 6121465 SPS 880 kl 0.0047 rew 18.23 max_stage 5.36 mult 1.000 | collect 3.14s update 0.34s (10% upd)
it 2990/9765 step 6131727 SPS 879 kl 0.0042 rew 18.23 max_stage 5.36 mult 0.721 | collect 3.16s update 0.32s (9% upd)
it 2995/9765 step 6141988 SPS 878 kl 0.0048 rew 18.23 max_stage 5.36 mult 1.000 | collect 3.17s update 0.35s (10% upd)
it 3000/9765 step 6152250 SPS 877 kl 0.0048 rew 18.21 max_stage 5.37 mult 0.833 | collect 3.21s update 0.30s (9% upd)
it 3005/9765 step 6162511 SPS 877 kl 0.0062 rew 18.21 max_stage 5.37 mult 1.000 | collect 3.06s update 0.34s (10% upd)
it 3010/9765 step 6172761 SPS 876 kl 0.0038 rew 18.21 max_stage 5.37 mult 0.723 | collect 3.06s update 0.21s (7% upd)
it 3015/9765 step 6183012 SPS 875 kl 0.0042 rew 18.25 max_stage 5.37 mult 1.000 | collect 3.10s update 0.35s (10% upd)
it 3020/9765 step 6193262 SPS 875 kl 0.0046 rew 18.25 max_stage 5.37 mult 1.000 | collect 3.07s update 0.34s (10% upd)
it 3025/9765 step 6203517 SPS 874 kl 0.0050 rew 18.15 max_stage 5.35 mult 1.000 | collect 3.21s update 0.35s (10% upd)
it 3030/9765 step 6213770 SPS 873 kl 0.0045 rew 18.15 max_stage 5.35 mult 0.725 | collect 3.05s update 0.30s (9% upd)
it 3035/9765 step 6224026 SPS 873 kl 0.0054 rew 18.13 max_stage 5.35 mult 0.833 | collect 3.12s update 0.28s (8% upd)
it 3040/9765 step 6234282 SPS 872 kl 0.0049 rew 18.13 max_stage 5.35 mult 0.833 | collect 3.06s update 0.25s (8% upd)
it 3045/9765 step 6244543 SPS 871 kl 0.0053 rew 18.14 max_stage 5.36 mult 1.000 | collect 3.10s update 0.40s (11% upd)
it 3050/9765 step 6254795 SPS 871 kl 0.0039 rew 18.11 max_stage 5.34 mult 0.727 | collect 3.18s update 0.29s (8% upd)
it 3055/9765 step 6265048 SPS 870 kl 0.0046 rew 18.12 max_stage 5.34 mult 1.000 | collect 2.97s update 0.42s (12% upd)
it 3060/9765 step 6275310 SPS 869 kl 0.0051 rew 18.12 max_stage 5.34 mult 0.833 | collect 3.05s update 0.40s (12% upd)
it 3065/9765 step 6285566 SPS 869 kl 0.0038 rew 18.12 max_stage 5.34 mult 0.729 | collect 3.18s update 0.35s (10% upd)
it 3070/9765 step 6295823 SPS 868 kl 0.0057 rew 18.12 max_stage 5.34 mult 0.833 | collect 3.06s update 0.35s (10% upd)
it 3075/9765 step 6306088 SPS 867 kl 0.0041 rew 18.12 max_stage 5.34 mult 1.000 | collect 3.20s update 0.33s (9% upd)
it 3080/9765 step 6316342 SPS 867 kl 0.0044 rew 18.12 max_stage 5.34 mult 0.833 | collect 3.16s update 0.23s (7% upd)
it 3085/9765 step 6326599 SPS 866 kl 0.0048 rew 18.12 max_stage 5.34 mult 1.000 | collect 3.13s update 0.34s (10% upd)
it 3090/9765 step 6336862 SPS 866 kl 0.0052 rew 18.12 max_stage 5.34 mult 1.000 | collect 3.00s update 0.34s (10% upd)
it 3095/9765 step 6347119 SPS 865 kl 0.0061 rew 18.09 max_stage 5.34 mult 0.833 | collect 3.14s update 0.25s (7% upd)
it 3100/9765 step 6357386 SPS 864 kl 0.0060 rew 18.09 max_stage 5.34 mult 0.833 | collect 3.07s update 0.34s (10% upd)
it 3105/9765 step 6367634 SPS 864 kl 0.0062 rew 18.09 max_stage 5.34 mult 0.833 | collect 3.10s update 0.34s (10% upd)
it 3110/9765 step 6377905 SPS 863 kl 0.0045 rew 18.09 max_stage 5.34 mult 1.000 | collect 3.19s update 0.34s (10% upd)
it 3115/9765 step 6388161 SPS 862 kl 0.0062 rew 18.04 max_stage 5.35 mult 1.000 | collect 3.17s update 0.34s (10% upd)
it 3120/9765 step 6398426 SPS 862 kl 0.0053 rew 17.93 max_stage 5.33 mult 0.833 | collect 3.22s update 0.25s (7% upd)
it 3125/9765 step 6408679 SPS 861 kl 0.0026 rew 17.98 max_stage 5.33 mult 0.833 | collect 3.03s update 0.18s (6% upd)
it 3130/9765 step 6418938 SPS 861 kl 0.0043 rew 17.98 max_stage 5.33 mult 0.736 | collect 3.10s update 0.28s (8% upd)
it 3135/9765 step 6429197 SPS 860 kl 0.0051 rew 17.98 max_stage 5.33 mult 0.736 | collect 3.06s update 0.29s (9% upd)
it 3140/9765 step 6439464 SPS 859 kl 0.0047 rew 17.96 max_stage 5.32 mult 0.737 | collect 3.23s update 0.34s (10% upd)
it 3145/9765 step 6449723 SPS 859 kl 0.0042 rew 17.96 max_stage 5.32 mult 1.000 | collect 3.14s update 0.35s (10% upd)
it 3150/9765 step 6459987 SPS 858 kl 0.0023 rew 17.94 max_stage 5.33 mult 0.738 | collect 3.27s update 0.13s (4% upd)
it 3155/9765 step 6470244 SPS 858 kl 0.0055 rew 17.94 max_stage 5.33 mult 0.833 | collect 3.07s update 0.28s (8% upd)
it 3160/9765 step 6480493 SPS 857 kl 0.0037 rew 17.94 max_stage 5.33 mult 0.833 | collect 3.11s update 0.19s (6% upd)
it 3165/9765 step 6490759 SPS 856 kl 0.0054 rew 17.96 max_stage 5.33 mult 0.833 | collect 3.05s update 0.32s (9% upd)
it 3170/9765 step 6501013 SPS 856 kl 0.0054 rew 17.96 max_stage 5.33 mult 0.833 | collect 3.15s update 0.34s (10% upd)
it 3175/9765 step 6511262 SPS 855 kl 0.0053 rew 17.89 max_stage 5.33 mult 0.833 | collect 3.21s update 0.34s (10% upd)
it 3180/9765 step 6521518 SPS 855 kl 0.0061 rew 17.89 max_stage 5.33 mult 0.833 | collect 3.11s update 0.28s (8% upd)
it 3185/9765 step 6531785 SPS 854 kl 0.0056 rew 17.89 max_stage 5.33 mult 0.833 | collect 3.10s update 0.32s (9% upd)
it 3190/9765 step 6542035 SPS 854 kl 0.0048 rew 17.89 max_stage 5.33 mult 0.742 | collect 3.13s update 0.39s (11% upd)
it 3195/9765 step 6552294 SPS 853 kl 0.0047 rew 17.89 max_stage 5.33 mult 0.833 | collect 3.02s update 0.22s (7% upd)
it 3200/9765 step 6562558 SPS 852 kl 0.0047 rew 17.89 max_stage 5.33 mult 1.000 | collect 3.19s update 0.35s (10% upd)
it 3205/9765 step 6572811 SPS 852 kl 0.0045 rew 17.87 max_stage 5.30 mult 1.000 | collect 3.09s update 0.35s (10% upd)
it 3210/9765 step 6583069 SPS 851 kl 0.0055 rew 17.87 max_stage 5.30 mult 0.833 | collect 3.21s update 0.31s (9% upd)
it 3215/9765 step 6593323 SPS 851 kl 0.0045 rew 17.87 max_stage 5.30 mult 1.000 | collect 3.22s update 0.35s (10% upd)
it 3220/9765 step 6603578 SPS 850 kl 0.0054 rew 17.97 max_stage 5.33 mult 1.000 | collect 3.23s update 0.41s (11% upd)
it 3225/9765 step 6613830 SPS 850 kl 0.0044 rew 17.97 max_stage 5.33 mult 1.000 | collect 3.09s update 0.38s (11% upd)
it 3230/9765 step 6624085 SPS 849 kl 0.0046 rew 17.87 max_stage 5.30 mult 0.747 | collect 3.13s update 0.33s (9% upd)
it 3235/9765 step 6634345 SPS 849 kl 0.0056 rew 17.95 max_stage 5.33 mult 0.833 | collect 3.08s update 0.30s (9% upd)
it 3240/9765 step 6644602 SPS 848 kl 0.0040 rew 17.94 max_stage 5.33 mult 0.833 | collect 2.98s update 0.27s (8% upd)
it 3245/9765 step 6654856 SPS 847 kl 0.0058 rew 17.94 max_stage 5.33 mult 0.833 | collect 3.22s update 0.34s (10% upd)
it 3250/9765 step 6665120 SPS 847 kl 0.0042 rew 17.94 max_stage 5.33 mult 1.000 | collect 3.06s update 0.35s (10% upd)
it 3255/9765 step 6675366 SPS 846 kl 0.0051 rew 17.94 max_stage 5.33 mult 0.833 | collect 3.15s update 0.36s (10% upd)
it 3260/9765 step 6685615 SPS 846 kl 0.0052 rew 17.93 max_stage 5.33 mult 0.833 | collect 3.24s update 0.33s (9% upd)
it 3265/9765 step 6695873 SPS 845 kl 0.0055 rew 17.93 max_stage 5.33 mult 0.833 | collect 3.05s update 0.35s (10% upd)
it 3270/9765 step 6706138 SPS 845 kl 0.0053 rew 17.93 max_stage 5.33 mult 0.833 | collect 3.01s update 0.32s (10% upd)
it 3275/9765 step 6716399 SPS 844 kl 0.0034 rew 17.95 max_stage 5.33 mult 0.752 | collect 3.14s update 0.18s (6% upd)
it 3280/9765 step 6726653 SPS 844 kl 0.0054 rew 17.95 max_stage 5.33 mult 0.833 | collect 3.02s update 0.35s (10% upd)
it 3285/9765 step 6736913 SPS 843 kl 0.0052 rew 17.95 max_stage 5.33 mult 1.000 | collect 3.09s update 0.35s (10% upd)
it 3290/9765 step 6747166 SPS 843 kl 0.0035 rew 17.95 max_stage 5.33 mult 0.833 | collect 3.26s update 0.21s (6% upd)
it 3295/9765 step 6757423 SPS 842 kl 0.0059 rew 17.95 max_stage 5.33 mult 0.833 | collect 3.05s update 0.30s (9% upd)
it 3300/9765 step 6767678 SPS 842 kl 0.0048 rew 17.95 max_stage 5.33 mult 1.000 | collect 3.03s update 0.35s (10% upd)
it 3305/9765 step 6777934 SPS 841 kl 0.0035 rew 17.98 max_stage 5.33 mult 1.000 | collect 3.17s update 0.34s (10% upd)
it 3310/9765 step 6788193 SPS 841 kl 0.0065 rew 17.95 max_stage 5.33 mult 0.833 | collect 3.13s update 0.33s (9% upd)
it 3315/9765 step 6798464 SPS 840 kl 0.0063 rew 18.04 max_stage 5.36 mult 0.833 | collect 3.01s update 0.34s (10% upd)
it 3320/9765 step 6808734 SPS 840 kl 0.0056 rew 18.04 max_stage 5.36 mult 1.000 | collect 3.07s update 0.35s (10% upd)
it 3325/9765 step 6818996 SPS 839 kl 0.0050 rew 18.04 max_stage 5.36 mult 0.833 | collect 3.24s update 0.35s (10% upd)
it 3330/9765 step 6829250 SPS 838 kl 0.0050 rew 18.04 max_stage 5.36 mult 1.000 | collect 3.06s update 0.35s (10% upd)
it 3335/9765 step 6839503 SPS 838 kl 0.0041 rew 18.04 max_stage 5.36 mult 1.000 | collect 3.30s update 0.35s (10% upd)
it 3340/9765 step 6849760 SPS 837 kl 0.0057 rew 18.10 max_stage 5.37 mult 1.000 | collect 3.27s update 0.35s (10% upd)
it 3345/9765 step 6860013 SPS 837 kl 0.0052 rew 18.10 max_stage 5.37 mult 0.833 | collect 3.04s update 0.30s (9% upd)
it 3350/9765 step 6870271 SPS 836 kl 0.0046 rew 18.10 max_stage 5.37 mult 0.833 | collect 3.08s update 0.28s (8% upd)
it 3355/9765 step 6880533 SPS 836 kl 0.0054 rew 18.10 max_stage 5.37 mult 0.833 | collect 3.14s update 0.33s (9% upd)
it 3360/9765 step 6890781 SPS 835 kl 0.0058 rew 18.10 max_stage 5.37 mult 1.000 | collect 3.06s update 0.35s (10% upd)
it 3365/9765 step 6901036 SPS 835 kl 0.0046 rew 18.10 max_stage 5.37 mult 0.763 | collect 3.09s update 0.34s (10% upd)
it 3370/9765 step 6911283 SPS 834 kl 0.0056 rew 17.98 max_stage 5.33 mult 1.000 | collect 3.18s update 0.34s (10% upd)
it 3375/9765 step 6921544 SPS 834 kl 0.0041 rew 17.98 max_stage 5.33 mult 0.833 | collect 3.05s update 0.19s (6% upd)
it 3380/9765 step 6931796 SPS 834 kl 0.0060 rew 17.98 max_stage 5.33 mult 1.000 | collect 3.00s update 0.35s (10% upd)
it 3385/9765 step 6942053 SPS 833 kl 0.0046 rew 17.87 max_stage 5.32 mult 1.000 | collect 3.09s update 0.35s (10% upd)
it 3390/9765 step 6952314 SPS 833 kl 0.0058 rew 17.90 max_stage 5.33 mult 0.833 | collect 3.20s update 0.33s (9% upd)
it 3395/9765 step 6962574 SPS 832 kl 0.0051 rew 17.90 max_stage 5.33 mult 0.766 | collect 2.99s update 0.13s (4% upd)
it 3400/9765 step 6972820 SPS 832 kl 0.0055 rew 17.90 max_stage 5.33 mult 1.000 | collect 3.16s update 0.34s (10% upd)
it 3405/9765 step 6983080 SPS 831 kl 0.0045 rew 17.88 max_stage 5.33 mult 1.000 | collect 3.14s update 0.35s (10% upd)
it 3410/9765 step 6993342 SPS 831 kl 0.0051 rew 17.88 max_stage 5.33 mult 0.833 | collect 3.07s update 0.35s (10% upd)
it 3415/9765 step 7003603 SPS 830 kl 0.0046 rew 17.86 max_stage 5.32 mult 0.833 | collect 3.03s update 0.21s (6% upd)
it 3420/9765 step 7013861 SPS 830 kl 0.0048 rew 17.92 max_stage 5.33 mult 1.000 | collect 3.10s update 0.35s (10% upd)
it 3425/9765 step 7024117 SPS 829 kl 0.0044 rew 17.92 max_stage 5.33 mult 1.000 | collect 3.06s update 0.35s (10% upd)
it 3430/9765 step 7034382 SPS 829 kl 0.0044 rew 17.92 max_stage 5.33 mult 1.000 | collect 3.15s update 0.35s (10% upd)
it 3435/9765 step 7044650 SPS 828 kl 0.0051 rew 17.95 max_stage 5.33 mult 1.000 | collect 3.02s update 0.35s (10% upd)
it 3440/9765 step 7054900 SPS 828 kl 0.0044 rew 18.01 max_stage 5.34 mult 1.000 | collect 3.12s update 0.33s (10% upd)
it 3445/9765 step 7065148 SPS 827 kl 0.0046 rew 18.01 max_stage 5.34 mult 1.000 | collect 3.08s update 0.35s (10% upd)
it 3450/9765 step 7075407 SPS 827 kl 0.0046 rew 17.97 max_stage 5.33 mult 1.000 | collect 3.17s update 0.34s (10% upd)
it 3455/9765 step 7085666 SPS 827 kl 0.0059 rew 17.97 max_stage 5.33 mult 0.833 | collect 3.03s update 0.25s (8% upd)
it 3460/9765 step 7095918 SPS 826 kl 0.0053 rew 17.97 max_stage 5.33 mult 0.833 | collect 3.11s update 0.33s (10% upd)
it 3465/9765 step 7106167 SPS 826 kl 0.0031 rew 17.97 max_stage 5.33 mult 0.775 | collect 3.01s update 0.19s (6% upd)
it 3470/9765 step 7116424 SPS 825 kl 0.0047 rew 17.97 max_stage 5.33 mult 1.000 | collect 3.06s update 0.35s (10% upd)
it 3475/9765 step 7126682 SPS 825 kl 0.0054 rew 17.97 max_stage 5.33 mult 1.000 | collect 3.22s update 0.42s (11% upd)
it 3480/9765 step 7136946 SPS 824 kl 0.0044 rew 17.97 max_stage 5.33 mult 0.777 | collect 3.16s update 0.34s (10% upd)
it 3485/9765 step 7147199 SPS 824 kl 0.0052 rew 17.97 max_stage 5.33 mult 1.000 | collect 3.13s update 0.35s (10% upd)
it 3490/9765 step 7157468 SPS 823 kl 0.0045 rew 17.87 max_stage 5.32 mult 1.000 | collect 3.11s update 0.40s (11% upd)
it 3495/9765 step 7167729 SPS 823 kl 0.0054 rew 17.87 max_stage 5.32 mult 1.000 | collect 3.00s update 0.35s (10% upd)
it 3500/9765 step 7177983 SPS 822 kl 0.0047 rew 17.87 max_stage 5.32 mult 1.000 | collect 3.09s update 0.36s (10% upd)
it 3505/9765 step 7188243 SPS 822 kl 0.0045 rew 17.87 max_stage 5.32 mult 1.000 | collect 2.96s update 0.38s (11% upd)
it 3510/9765 step 7198509 SPS 822 kl 0.0045 rew 17.82 max_stage 5.32 mult 0.780 | collect 3.17s update 0.25s (7% upd)
it 3515/9765 step 7208770 SPS 821 kl 0.0051 rew 17.82 max_stage 5.32 mult 1.000 | collect 3.14s update 0.34s (10% upd)
it 3520/9765 step 7219026 SPS 821 kl 0.0049 rew 17.70 max_stage 5.30 mult 0.833 | collect 3.18s update 0.33s (9% upd)
it 3525/9765 step 7229285 SPS 820 kl 0.0046 rew 17.70 max_stage 5.30 mult 1.000 | collect 3.18s update 0.34s (10% upd)
it 3530/9765 step 7239553 SPS 820 kl 0.0045 rew 17.70 max_stage 5.30 mult 0.833 | collect 3.09s update 0.27s (8% upd)
it 3535/9765 step 7249807 SPS 819 kl 0.0065 rew 17.67 max_stage 5.29 mult 0.833 | collect 3.06s update 0.32s (9% upd)
it 3540/9765 step 7260064 SPS 819 kl 0.0049 rew 17.67 max_stage 5.29 mult 0.784 | collect 3.06s update 0.35s (10% upd)
it 3545/9765 step 7270319 SPS 818 kl 0.0056 rew 17.58 max_stage 5.28 mult 1.000 | collect 3.23s update 0.34s (9% upd)
it 3550/9765 step 7280583 SPS 818 kl 0.0037 rew 17.55 max_stage 5.28 mult 0.833 | collect 3.05s update 0.21s (7% upd)
it 3555/9765 step 7290839 SPS 818 kl 0.0052 rew 17.55 max_stage 5.28 mult 0.833 | collect 3.00s update 0.31s (9% upd)
it 3560/9765 step 7301097 SPS 817 kl 0.0038 rew 17.55 max_stage 5.28 mult 0.787 | collect 3.16s update 0.25s (7% upd)
it 3565/9765 step 7311353 SPS 817 kl 0.0061 rew 17.55 max_stage 5.28 mult 1.000 | collect 3.18s update 0.35s (10% upd)
it 3570/9765 step 7321617 SPS 816 kl 0.0047 rew 17.60 max_stage 5.29 mult 0.833 | collect 3.12s update 0.31s (9% upd)
it 3575/9765 step 7331879 SPS 816 kl 0.0044 rew 17.60 max_stage 5.29 mult 1.000 | collect 3.08s update 0.36s (10% upd)
it 3580/9765 step 7342130 SPS 816 kl 0.0050 rew 17.60 max_stage 5.29 mult 0.833 | collect 3.09s update 0.34s (10% upd)
it 3585/9765 step 7352381 SPS 815 kl 0.0034 rew 17.62 max_stage 5.28 mult 0.833 | collect 3.15s update 0.22s (7% upd)
it 3590/9765 step 7362636 SPS 815 kl 0.0049 rew 17.62 max_stage 5.28 mult 1.000 | collect 3.02s update 0.34s (10% upd)
it 3595/9765 step 7372898 SPS 814 kl 0.0035 rew 17.62 max_stage 5.28 mult 1.000 | collect 3.22s update 0.35s (10% upd)
it 3600/9765 step 7383150 SPS 814 kl 0.0041 rew 17.70 max_stage 5.29 mult 0.833 | collect 3.10s update 0.22s (7% upd)
it 3605/9765 step 7393412 SPS 813 kl 0.0052 rew 17.61 max_stage 5.29 mult 0.833 | collect 3.12s update 0.24s (7% upd)
it 3610/9765 step 7403667 SPS 813 kl 0.0049 rew 17.60 max_stage 5.28 mult 0.793 | collect 3.25s update 0.30s (9% upd)
it 3615/9765 step 7413922 SPS 813 kl 0.0041 rew 17.60 max_stage 5.28 mult 1.000 | collect 3.03s update 0.34s (10% upd)
it 3620/9765 step 7424180 SPS 812 kl 0.0044 rew 17.60 max_stage 5.28 mult 1.000 | collect 3.08s update 0.35s (10% upd)
it 3625/9765 step 7434434 SPS 812 kl 0.0054 rew 17.62 max_stage 5.27 mult 0.795 | collect 3.12s update 0.35s (10% upd)
it 3630/9765 step 7444691 SPS 811 kl 0.0057 rew 17.62 max_stage 5.27 mult 0.796 | collect 3.06s update 0.33s (10% upd)
it 3635/9765 step 7454945 SPS 811 kl 0.0053 rew 17.62 max_stage 5.27 mult 0.833 | collect 3.12s update 0.32s (9% upd)
it 3640/9765 step 7465203 SPS 811 kl 0.0051 rew 17.67 max_stage 5.28 mult 0.797 | collect 3.13s update 0.32s (9% upd)
it 3645/9765 step 7475467 SPS 810 kl 0.0049 rew 17.65 max_stage 5.27 mult 0.833 | collect 3.19s update 0.25s (7% upd)
it 3650/9765 step 7485726 SPS 810 kl 0.0046 rew 17.65 max_stage 5.27 mult 0.798 | collect 3.15s update 0.27s (8% upd)
it 3655/9765 step 7495992 SPS 809 kl 0.0035 rew 17.65 max_stage 5.27 mult 1.000 | collect 3.09s update 0.33s (10% upd)
it 3660/9765 step 7506250 SPS 809 kl 0.0056 rew 17.65 max_stage 5.27 mult 1.000 | collect 3.29s update 0.34s (9% upd)
it 3665/9765 step 7516511 SPS 809 kl 0.0053 rew 17.65 max_stage 5.27 mult 0.833 | collect 3.15s update 0.30s (9% upd)
it 3670/9765 step 7526772 SPS 808 kl 0.0055 rew 17.70 max_stage 5.27 mult 1.000 | collect 3.07s update 0.33s (10% upd)
it 3675/9765 step 7537026 SPS 808 kl 0.0052 rew 17.70 max_stage 5.27 mult 0.833 | collect 3.08s update 0.27s (8% upd)
it 3680/9765 step 7547274 SPS 808 kl 0.0049 rew 17.70 max_stage 5.27 mult 1.000 | collect 3.48s update 0.35s (9% upd)
it 3685/9765 step 7557534 SPS 807 kl 0.0051 rew 17.70 max_stage 5.28 mult 0.803 | collect 3.06s update 0.35s (10% upd)
it 3690/9765 step 7567790 SPS 807 kl 0.0033 rew 17.70 max_stage 5.28 mult 1.000 | collect 3.09s update 0.34s (10% upd)
it 3695/9765 step 7578050 SPS 806 kl 0.0053 rew 17.70 max_stage 5.28 mult 1.000 | collect 3.09s update 0.33s (10% upd)
it 3700/9765 step 7588320 SPS 806 kl 0.0044 rew 17.70 max_stage 5.28 mult 0.833 | collect 3.11s update 0.34s (10% upd)
it 3705/9765 step 7598574 SPS 806 kl 0.0043 rew 17.70 max_stage 5.28 mult 1.000 | collect 3.06s update 0.33s (10% upd)
it 3710/9765 step 7608826 SPS 805 kl 0.0053 rew 17.58 max_stage 5.23 mult 0.806 | collect 3.21s update 0.34s (10% upd)
it 3715/9765 step 7619082 SPS 805 kl 0.0049 rew 17.58 max_stage 5.23 mult 0.807 | collect 3.05s update 0.35s (10% upd)
it 3720/9765 step 7629346 SPS 804 kl 0.0054 rew 17.58 max_stage 5.23 mult 0.833 | collect 3.07s update 0.36s (10% upd)
it 3725/9765 step 7639595 SPS 804 kl 0.0031 rew 17.58 max_stage 5.23 mult 0.808 | collect 3.07s update 0.19s (6% upd)
it 3730/9765 step 7649853 SPS 804 kl 0.0054 rew 17.64 max_stage 5.25 mult 0.833 | collect 3.06s update 0.33s (10% upd)
it 3735/9765 step 7660106 SPS 803 kl 0.0038 rew 17.64 max_stage 5.25 mult 1.000 | collect 3.03s update 0.35s (10% upd)
it 3740/9765 step 7670357 SPS 803 kl 0.0065 rew 17.64 max_stage 5.25 mult 0.833 | collect 3.15s update 0.31s (9% upd)
it 3745/9765 step 7680610 SPS 803 kl 0.0048 rew 17.64 max_stage 5.25 mult 1.000 | collect 3.13s update 0.35s (10% upd)
it 3750/9765 step 7690864 SPS 802 kl 0.0049 rew 17.64 max_stage 5.25 mult 1.000 | collect 3.12s update 0.35s (10% upd)
it 3755/9765 step 7701120 SPS 802 kl 0.0055 rew 17.55 max_stage 5.25 mult 0.833 | collect 3.07s update 0.34s (10% upd)
it 3760/9765 step 7711377 SPS 801 kl 0.0048 rew 17.55 max_stage 5.25 mult 1.000 | collect 3.26s update 0.35s (10% upd)
it 3765/9765 step 7721631 SPS 801 kl 0.0035 rew 17.55 max_stage 5.25 mult 0.814 | collect 3.05s update 0.31s (9% upd)
it 3770/9765 step 7731892 SPS 801 kl 0.0055 rew 17.55 max_stage 5.25 mult 0.833 | collect 3.25s update 0.32s (9% upd)
it 3775/9765 step 7742140 SPS 800 kl 0.0056 rew 17.55 max_stage 5.25 mult 1.000 | collect 3.12s update 0.34s (10% upd)
it 3780/9765 step 7752398 SPS 800 kl 0.0029 rew 17.55 max_stage 5.25 mult 1.000 | collect 3.07s update 0.35s (10% upd)
it 3785/9765 step 7762647 SPS 800 kl 0.0053 rew 17.55 max_stage 5.25 mult 1.000 | collect 3.13s update 0.35s (10% upd)
it 3790/9765 step 7772910 SPS 799 kl 0.0042 rew 17.55 max_stage 5.25 mult 1.000 | collect 3.20s update 0.34s (10% upd)
it 3795/9765 step 7783164 SPS 799 kl 0.0058 rew 17.64 max_stage 5.28 mult 0.833 | collect 3.18s update 0.35s (10% upd)
it 3800/9765 step 7793431 SPS 799 kl 0.0043 rew 17.64 max_stage 5.28 mult 0.833 | collect 3.18s update 0.25s (7% upd)
it 3805/9765 step 7803691 SPS 798 kl 0.0046 rew 17.66 max_stage 5.29 mult 0.819 | collect 3.10s update 0.32s (9% upd)
it 3810/9765 step 7813951 SPS 798 kl 0.0051 rew 17.66 max_stage 5.29 mult 1.000 | collect 3.07s update 0.35s (10% upd)
it 3815/9765 step 7824202 SPS 797 kl 0.0048 rew 17.66 max_stage 5.29 mult 0.833 | collect 3.15s update 0.30s (9% upd)
it 3820/9765 step 7834464 SPS 797 kl 0.0054 rew 17.66 max_stage 5.29 mult 0.821 | collect 3.05s update 0.37s (11% upd)
it 3825/9765 step 7844724 SPS 797 kl 0.0033 rew 17.66 max_stage 5.29 mult 1.000 | collect 3.13s update 0.35s (10% upd)
it 3830/9765 step 7854985 SPS 796 kl 0.0055 rew 17.66 max_stage 5.29 mult 1.000 | collect 3.19s update 0.33s (9% upd)
it 3835/9765 step 7865239 SPS 796 kl 0.0055 rew 17.66 max_stage 5.29 mult 0.833 | collect 3.10s update 0.35s (10% upd)
it 3840/9765 step 7875493 SPS 796 kl 0.0052 rew 17.66 max_stage 5.29 mult 0.833 | collect 3.10s update 0.33s (10% upd)
it 3845/9765 step 7885737 SPS 795 kl 0.0052 rew 17.66 max_stage 5.29 mult 1.000 | collect 3.19s update 0.35s (10% upd)
it 3850/9765 step 7895996 SPS 795 kl 0.0050 rew 17.78 max_stage 5.32 mult 1.000 | collect 3.05s update 0.34s (10% upd)
it 3855/9765 step 7906248 SPS 795 kl 0.0039 rew 17.78 max_stage 5.32 mult 1.000 | collect 3.04s update 0.35s (10% upd)
it 3860/9765 step 7916498 SPS 794 kl 0.0041 rew 17.78 max_stage 5.32 mult 1.000 | collect 3.16s update 0.35s (10% upd)
it 3865/9765 step 7926755 SPS 794 kl 0.0055 rew 17.86 max_stage 5.33 mult 1.000 | collect 3.17s update 0.35s (10% upd)
it 3870/9765 step 7937013 SPS 794 kl 0.0030 rew 17.84 max_stage 5.34 mult 0.828 | collect 3.03s update 0.18s (5% upd)
it 3875/9765 step 7947269 SPS 793 kl 0.0029 rew 17.84 max_stage 5.34 mult 0.829 | collect 3.09s update 0.19s (6% upd)
it 3880/9765 step 7957519 SPS 793 kl 0.0062 rew 17.86 max_stage 5.35 mult 0.833 | collect 3.09s update 0.34s (10% upd)
it 3885/9765 step 7967777 SPS 793 kl 0.0050 rew 17.84 max_stage 5.33 mult 1.000 | collect 3.03s update 0.35s (10% upd)
it 3890/9765 step 7978040 SPS 792 kl 0.0051 rew 17.77 max_stage 5.33 mult 1.000 | collect 3.25s update 0.36s (10% upd)
it 3895/9765 step 7988291 SPS 792 kl 0.0048 rew 17.78 max_stage 5.33 mult 1.000 | collect 3.21s update 0.34s (9% upd)
it 3900/9765 step 7998563 SPS 792 kl 0.0043 rew 17.78 max_stage 5.33 mult 1.000 | collect 3.18s update 0.35s (10% upd)
it 3905/9765 step 8008827 SPS 791 kl 0.0056 rew 17.78 max_stage 5.33 mult 1.000 | collect 3.21s update 0.34s (10% upd)
it 3910/9765 step 8019086 SPS 791 kl 0.0046 rew 17.84 max_stage 5.35 mult 1.000 | collect 3.11s update 0.35s (10% upd)
it 3915/9765 step 8029345 SPS 791 kl 0.0063 rew 17.84 max_stage 5.35 mult 0.834 | collect 3.05s update 0.34s (10% upd)
it 3920/9765 step 8039601 SPS 790 kl 0.0057 rew 17.84 max_stage 5.35 mult 1.000 | collect 3.16s update 0.35s (10% upd)
it 3925/9765 step 8049855 SPS 790 kl 0.0044 rew 17.84 max_stage 5.35 mult 1.000 | collect 3.08s update 0.34s (10% upd)
it 3930/9765 step 8060121 SPS 790 kl 0.0046 rew 17.84 max_stage 5.35 mult 1.000 | collect 3.12s update 0.34s (10% upd)
it 3935/9765 step 8070383 SPS 789 kl 0.0040 rew 17.75 max_stage 5.33 mult 1.000 | collect 3.07s update 0.33s (10% upd)
it 3940/9765 step 8080649 SPS 789 kl 0.0048 rew 17.75 max_stage 5.33 mult 0.838 | collect 3.32s update 0.30s (8% upd)
it 3945/9765 step 8090901 SPS 789 kl 0.0048 rew 17.75 max_stage 5.33 mult 1.000 | collect 3.10s update 0.35s (10% upd)
it 3950/9765 step 8101158 SPS 788 kl 0.0038 rew 17.75 max_stage 5.33 mult 0.839 | collect 3.09s update 0.26s (8% upd)
it 3955/9765 step 8111409 SPS 788 kl 0.0039 rew 17.75 max_stage 5.33 mult 1.000 | collect 3.09s update 0.35s (10% upd)
it 3960/9765 step 8121669 SPS 788 kl 0.0047 rew 17.75 max_stage 5.33 mult 0.841 | collect 3.06s update 0.26s (8% upd)
it 3965/9765 step 8131924 SPS 787 kl 0.0033 rew 17.82 max_stage 5.33 mult 1.000 | collect 3.16s update 0.35s (10% upd)
it 3970/9765 step 8142184 SPS 787 kl 0.0043 rew 17.82 max_stage 5.33 mult 1.000 | collect 3.23s update 0.34s (9% upd)
it 3975/9765 step 8152444 SPS 787 kl 0.0044 rew 17.82 max_stage 5.33 mult 1.000 | collect 3.07s update 0.34s (10% upd)
it 3980/9765 step 8162701 SPS 786 kl 0.0036 rew 17.82 max_stage 5.33 mult 1.000 | collect 3.10s update 0.34s (10% upd)
it 3985/9765 step 8172959 SPS 786 kl 0.0046 rew 17.82 max_stage 5.33 mult 0.845 | collect 3.03s update 0.27s (8% upd)
it 3990/9765 step 8183217 SPS 786 kl 0.0039 rew 17.82 max_stage 5.33 mult 1.000 | collect 3.09s update 0.34s (10% upd)
it 3995/9765 step 8193480 SPS 786 kl 0.0049 rew 17.82 max_stage 5.33 mult 0.846 | collect 3.12s update 0.28s (8% upd)
it 4000/9765 step 8203727 SPS 786 kl 0.0042 rew 17.82 max_stage 5.33 mult 1.000 | collect 1.27s update 0.21s (14% upd)
it 4005/9765 step 8213979 SPS 786 kl 0.0032 rew 17.82 max_stage 5.33 mult 1.000 | collect 1.24s update 0.20s (14% upd)
it 4010/9765 step 8224230 SPS 787 kl 0.0055 rew 17.82 max_stage 5.33 mult 1.000 | collect 1.27s update 0.21s (14% upd)
it 4015/9765 step 8234486 SPS 787 kl 0.0042 rew 17.82 max_stage 5.33 mult 1.000 | collect 1.38s update 0.20s (13% upd)
it 4020/9765 step 8244736 SPS 788 kl 0.0058 rew 17.82 max_stage 5.33 mult 0.850 | collect 1.50s update 0.18s (11% upd)
it 4025/9765 step 8254985 SPS 788 kl 0.0052 rew 17.82 max_stage 5.33 mult 0.850 | collect 2.54s update 0.32s (11% upd)
it 4030/9765 step 8265247 SPS 788 kl 0.0057 rew 17.82 max_stage 5.32 mult 0.851 | collect 3.25s update 0.25s (7% upd)
it 4035/9765 step 8275502 SPS 787 kl 0.0049 rew 17.82 max_stage 5.32 mult 0.852 | collect 3.16s update 0.32s (9% upd)
it 4040/9765 step 8285769 SPS 787 kl 0.0055 rew 17.82 max_stage 5.32 mult 1.000 | collect 3.09s update 0.34s (10% upd)
it 4045/9765 step 8296026 SPS 787 kl 0.0038 rew 17.99 max_stage 5.34 mult 1.000 | collect 3.15s update 0.34s (10% upd)
it 4050/9765 step 8306288 SPS 786 kl 0.0036 rew 18.04 max_stage 5.34 mult 0.854 | collect 3.17s update 0.36s (10% upd)
it 4055/9765 step 8316535 SPS 786 kl 0.0046 rew 18.04 max_stage 5.34 mult 0.855 | collect 3.28s update 0.26s (7% upd)
it 4060/9765 step 8326795 SPS 786 kl 0.0050 rew 18.02 max_stage 5.34 mult 1.000 | collect 3.13s update 0.40s (11% upd)
it 4065/9765 step 8337045 SPS 785 kl 0.0046 rew 18.08 max_stage 5.36 mult 0.856 | collect 3.20s update 0.32s (9% upd)
it 4070/9765 step 8347311 SPS 785 kl 0.0056 rew 18.08 max_stage 5.36 mult 0.857 | collect 3.15s update 0.33s (9% upd)
it 4075/9765 step 8357553 SPS 785 kl 0.0053 rew 18.08 max_stage 5.36 mult 0.858 | collect 3.08s update 0.29s (9% upd)
it 4080/9765 step 8367810 SPS 784 kl 0.0041 rew 18.08 max_stage 5.36 mult 1.000 | collect 3.20s update 0.34s (10% upd)
it 4085/9765 step 8378059 SPS 784 kl 0.0060 rew 18.10 max_stage 5.37 mult 0.859 | collect 3.09s update 0.31s (9% upd)
it 4090/9765 step 8388323 SPS 784 kl 0.0061 rew 18.10 max_stage 5.37 mult 0.860 | collect 3.25s update 0.31s (9% upd)
it 4095/9765 step 8398578 SPS 783 kl 0.0040 rew 18.18 max_stage 5.39 mult 0.861 | collect 3.07s update 0.31s (9% upd)
it 4100/9765 step 8408833 SPS 783 kl 0.0044 rew 18.18 max_stage 5.39 mult 1.000 | collect 3.20s update 0.34s (9% upd)
it 4105/9765 step 8419089 SPS 783 kl 0.0064 rew 18.25 max_stage 5.39 mult 0.862 | collect 3.08s update 0.32s (9% upd)
it 4110/9765 step 8429347 SPS 782 kl 0.0051 rew 18.25 max_stage 5.39 mult 0.863 | collect 3.12s update 0.40s (11% upd)
it 4115/9765 step 8439598 SPS 782 kl 0.0049 rew 18.25 max_stage 5.39 mult 0.864 | collect 3.19s update 0.36s (10% upd)
it 4120/9765 step 8449855 SPS 782 kl 0.0057 rew 18.25 max_stage 5.39 mult 1.000 | collect 3.10s update 0.34s (10% upd)
it 4125/9765 step 8460114 SPS 782 kl 0.0042 rew 18.25 max_stage 5.39 mult 1.000 | collect 3.36s update 0.34s (9% upd)
it 4130/9765 step 8470369 SPS 781 kl 0.0035 rew 18.39 max_stage 5.41 mult 1.000 | collect 3.14s update 0.35s (10% upd)
it 4135/9765 step 8480633 SPS 781 kl 0.0036 rew 18.39 max_stage 5.41 mult 0.867 | collect 3.21s update 0.22s (6% upd)
it 4140/9765 step 8490896 SPS 781 kl 0.0039 rew 18.36 max_stage 5.38 mult 1.000 | collect 3.08s update 0.35s (10% upd)
it 4145/9765 step 8501155 SPS 780 kl 0.0034 rew 18.40 max_stage 5.38 mult 0.869 | collect 3.13s update 0.17s (5% upd)
it 4150/9765 step 8511413 SPS 780 kl 0.0049 rew 18.40 max_stage 5.38 mult 0.869 | collect 3.10s update 0.34s (10% upd)
it 4155/9765 step 8521665 SPS 780 kl 0.0057 rew 18.40 max_stage 5.38 mult 1.000 | collect 3.21s update 0.34s (9% upd)
it 4160/9765 step 8531908 SPS 779 kl 0.0048 rew 18.40 max_stage 5.38 mult 0.871 | collect 3.09s update 0.33s (10% upd)
it 4165/9765 step 8542168 SPS 779 kl 0.0049 rew 18.40 max_stage 5.38 mult 1.000 | collect 3.08s update 0.34s (10% upd)
it 4170/9765 step 8552434 SPS 779 kl 0.0044 rew 18.40 max_stage 5.38 mult 1.000 | collect 3.16s update 0.34s (10% upd)
it 4175/9765 step 8562692 SPS 779 kl 0.0055 rew 18.40 max_stage 5.38 mult 1.000 | collect 3.15s update 0.37s (10% upd)
it 4180/9765 step 8572941 SPS 778 kl 0.0045 rew 18.32 max_stage 5.36 mult 1.000 | collect 3.04s update 0.34s (10% upd)
it 4185/9765 step 8583193 SPS 778 kl 0.0051 rew 18.32 max_stage 5.36 mult 1.000 | collect 3.14s update 0.35s (10% upd)
it 4190/9765 step 8593450 SPS 778 kl 0.0036 rew 18.32 max_stage 5.36 mult 1.000 | collect 3.12s update 0.35s (10% upd)
it 4195/9765 step 8603709 SPS 777 kl 0.0048 rew 18.32 max_stage 5.36 mult 1.000 | collect 3.16s update 0.34s (10% upd)
it 4200/9765 step 8613954 SPS 777 kl 0.0048 rew 18.32 max_stage 5.36 mult 1.000 | collect 3.05s update 0.34s (10% upd)
it 4205/9765 step 8624207 SPS 777 kl 0.0041 rew 18.25 max_stage 5.34 mult 1.000 | collect 3.13s update 0.34s (10% upd)
it 4210/9765 step 8634460 SPS 777 kl 0.0057 rew 18.25 max_stage 5.33 mult 0.879 | collect 3.20s update 0.34s (9% upd)
it 4215/9765 step 8644714 SPS 776 kl 0.0044 rew 18.23 max_stage 5.33 mult 1.000 | collect 3.23s update 0.34s (9% upd)
it 4220/9765 step 8654976 SPS 776 kl 0.0047 rew 18.25 max_stage 5.33 mult 1.000 | collect 3.13s update 0.35s (10% upd)
it 4225/9765 step 8665232 SPS 776 kl 0.0054 rew 18.24 max_stage 5.33 mult 1.000 | collect 3.07s update 0.34s (10% upd)
it 4230/9765 step 8675492 SPS 775 kl 0.0047 rew 18.18 max_stage 5.32 mult 1.000 | collect 3.09s update 0.35s (10% upd)
it 4235/9765 step 8685755 SPS 775 kl 0.0035 rew 18.18 max_stage 5.32 mult 1.000 | collect 3.11s update 0.34s (10% upd)
it 4240/9765 step 8696014 SPS 775 kl 0.0036 rew 18.18 max_stage 5.32 mult 1.000 | collect 3.06s update 0.33s (10% upd)
it 4245/9765 step 8706276 SPS 775 kl 0.0046 rew 18.18 max_stage 5.32 mult 1.000 | collect 3.07s update 0.35s (10% upd)
it 4250/9765 step 8716529 SPS 774 kl 0.0043 rew 18.18 max_stage 5.32 mult 1.000 | collect 3.24s update 0.36s (10% upd)
it 4255/9765 step 8726786 SPS 774 kl 0.0044 rew 18.18 max_stage 5.32 mult 1.000 | collect 3.00s update 0.41s (12% upd)
it 4260/9765 step 8737044 SPS 774 kl 0.0050 rew 18.18 max_stage 5.32 mult 0.887 | collect 3.05s update 0.34s (10% upd)
it 4265/9765 step 8747302 SPS 774 kl 0.0034 rew 18.18 max_stage 5.32 mult 0.888 | collect 3.07s update 0.22s (7% upd)
it 4270/9765 step 8757562 SPS 773 kl 0.0046 rew 18.18 max_stage 5.32 mult 1.000 | collect 3.20s update 0.35s (10% upd)
it 4275/9765 step 8767816 SPS 773 kl 0.0048 rew 18.18 max_stage 5.32 mult 1.000 | collect 3.17s update 0.35s (10% upd)
it 4280/9765 step 8778078 SPS 773 kl 0.0054 rew 18.17 max_stage 5.32 mult 0.890 | collect 3.03s update 0.33s (10% upd)
it 4285/9765 step 8788339 SPS 772 kl 0.0052 rew 18.17 max_stage 5.32 mult 0.891 | collect 3.05s update 0.34s (10% upd)
it 4290/9765 step 8798594 SPS 772 kl 0.0047 rew 18.23 max_stage 5.34 mult 1.000 | collect 3.21s update 0.34s (10% upd)
it 4295/9765 step 8808850 SPS 772 kl 0.0055 rew 18.23 max_stage 5.34 mult 1.000 | collect 3.11s update 0.35s (10% upd)
it 4300/9765 step 8819103 SPS 772 kl 0.0039 rew 18.23 max_stage 5.34 mult 0.893 | collect 3.16s update 0.27s (8% upd)
it 4305/9765 step 8829362 SPS 771 kl 0.0045 rew 18.21 max_stage 5.33 mult 0.894 | collect 3.35s update 0.27s (7% upd)
it 4310/9765 step 8839619 SPS 771 kl 0.0052 rew 18.21 max_stage 5.33 mult 1.000 | collect 3.05s update 0.35s (10% upd)
it 4315/9765 step 8849881 SPS 771 kl 0.0040 rew 18.21 max_stage 5.33 mult 0.896 | collect 3.22s update 0.22s (6% upd)
it 4320/9765 step 8860139 SPS 771 kl 0.0045 rew 18.18 max_stage 5.34 mult 1.000 | collect 3.12s update 0.35s (10% upd)
it 4325/9765 step 8870396 SPS 770 kl 0.0038 rew 18.13 max_stage 5.33 mult 1.000 | collect 3.15s update 0.35s (10% upd)
it 4330/9765 step 8880652 SPS 770 kl 0.0045 rew 18.23 max_stage 5.36 mult 0.898 | collect 3.09s update 0.33s (10% upd)
it 4335/9765 step 8890909 SPS 770 kl 0.0049 rew 18.23 max_stage 5.36 mult 0.899 | collect 3.15s update 0.33s (9% upd)
it 4340/9765 step 8901181 SPS 769 kl 0.0045 rew 18.19 max_stage 5.35 mult 0.900 | collect 3.16s update 0.37s (10% upd)
it 4345/9765 step 8911427 SPS 769 kl 0.0045 rew 18.19 max_stage 5.35 mult 1.000 | collect 3.13s update 0.41s (12% upd)
it 4350/9765 step 8921685 SPS 769 kl 0.0047 rew 18.19 max_stage 5.35 mult 0.901 | collect 3.13s update 0.36s (10% upd)
it 4355/9765 step 8931944 SPS 769 kl 0.0043 rew 18.19 max_stage 5.35 mult 1.000 | collect 3.04s update 0.35s (10% upd)
it 4360/9765 step 8942199 SPS 768 kl 0.0054 rew 18.19 max_stage 5.35 mult 1.000 | collect 3.12s update 0.35s (10% upd)
it 4365/9765 step 8952454 SPS 768 kl 0.0052 rew 18.19 max_stage 5.35 mult 0.904 | collect 3.03s update 0.35s (10% upd)
it 4370/9765 step 8962714 SPS 768 kl 0.0044 rew 18.20 max_stage 5.34 mult 1.000 | collect 3.08s update 0.35s (10% upd)
it 4375/9765 step 8972975 SPS 768 kl 0.0050 rew 18.20 max_stage 5.34 mult 0.906 | collect 3.15s update 0.32s (9% upd)
it 4380/9765 step 8983234 SPS 767 kl 0.0055 rew 18.20 max_stage 5.34 mult 1.000 | collect 3.17s update 0.35s (10% upd)
it 4385/9765 step 8993487 SPS 767 kl 0.0046 rew 18.09 max_stage 5.32 mult 1.000 | collect 3.18s update 0.34s (10% upd)
it 4390/9765 step 9003752 SPS 767 kl 0.0043 rew 18.09 max_stage 5.32 mult 1.000 | collect 3.06s update 0.34s (10% upd)
it 4395/9765 step 9014004 SPS 767 kl 0.0043 rew 18.09 max_stage 5.32 mult 1.000 | collect 3.05s update 0.34s (10% upd)
it 4400/9765 step 9024263 SPS 766 kl 0.0035 rew 18.12 max_stage 5.33 mult 0.910 | collect 3.04s update 0.20s (6% upd)
it 4405/9765 step 9034517 SPS 766 kl 0.0040 rew 18.12 max_stage 5.33 mult 0.911 | collect 3.11s update 0.22s (7% upd)
it 4410/9765 step 9044776 SPS 766 kl 0.0046 rew 18.12 max_stage 5.33 mult 0.912 | collect 3.25s update 0.22s (6% upd)
it 4415/9765 step 9055041 SPS 766 kl 0.0048 rew 17.96 max_stage 5.29 mult 1.000 | collect 3.15s update 0.34s (10% upd)
it 4420/9765 step 9065305 SPS 765 kl 0.0035 rew 17.96 max_stage 5.29 mult 1.000 | collect 3.07s update 0.35s (10% upd)
it 4425/9765 step 9075558 SPS 765 kl 0.0049 rew 17.96 max_stage 5.29 mult 1.000 | collect 3.21s update 0.34s (9% upd)
it 4430/9765 step 9085815 SPS 765 kl 0.0043 rew 18.15 max_stage 5.32 mult 1.000 | collect 3.17s update 0.36s (10% upd)
it 4435/9765 step 9096075 SPS 765 kl 0.0053 rew 18.15 max_stage 5.32 mult 0.916 | collect 3.17s update 0.30s (9% upd)
it 4440/9765 step 9106324 SPS 764 kl 0.0042 rew 18.15 max_stage 5.32 mult 1.000 | collect 3.05s update 0.35s (10% upd)
it 4445/9765 step 9116586 SPS 764 kl 0.0044 rew 18.21 max_stage 5.33 mult 0.918 | collect 3.23s update 0.33s (9% upd)
it 4450/9765 step 9126839 SPS 764 kl 0.0038 rew 18.22 max_stage 5.34 mult 1.000 | collect 3.17s update 0.41s (11% upd)
it 4455/9765 step 9137094 SPS 764 kl 0.0057 rew 18.22 max_stage 5.34 mult 0.919 | collect 3.10s update 0.33s (10% upd)
it 4460/9765 step 9147348 SPS 763 kl 0.0046 rew 18.22 max_stage 5.34 mult 0.920 | collect 3.18s update 0.32s (9% upd)
it 4465/9765 step 9157605 SPS 763 kl 0.0045 rew 18.22 max_stage 5.34 mult 0.921 | collect 3.11s update 0.42s (12% upd)
it 4470/9765 step 9167866 SPS 763 kl 0.0036 rew 18.15 max_stage 5.33 mult 1.000 | collect 3.28s update 0.35s (10% upd)
it 4475/9765 step 9178134 SPS 763 kl 0.0038 rew 18.15 max_stage 5.33 mult 1.000 | collect 3.17s update 0.35s (10% upd)
it 4480/9765 step 9188399 SPS 762 kl 0.0045 rew 18.15 max_stage 5.33 mult 0.924 | collect 3.09s update 0.30s (9% upd)
it 4485/9765 step 9198657 SPS 762 kl 0.0048 rew 18.15 max_stage 5.33 mult 0.925 | collect 3.16s update 0.23s (7% upd)
it 4490/9765 step 9208912 SPS 762 kl 0.0042 rew 18.01 max_stage 5.30 mult 0.925 | collect 3.14s update 0.31s (9% upd)
it 4495/9765 step 9219174 SPS 762 kl 0.0038 rew 17.98 max_stage 5.29 mult 1.000 | collect 3.13s update 0.34s (10% upd)
it 4500/9765 step 9229430 SPS 761 kl 0.0048 rew 17.99 max_stage 5.31 mult 1.000 | collect 3.04s update 0.35s (10% upd)
it 4505/9765 step 9239690 SPS 761 kl 0.0043 rew 17.99 max_stage 5.31 mult 1.000 | collect 3.08s update 0.36s (10% upd)
it 4510/9765 step 9249945 SPS 761 kl 0.0047 rew 17.92 max_stage 5.30 mult 1.000 | collect 3.14s update 0.34s (10% upd)
it 4515/9765 step 9260202 SPS 761 kl 0.0048 rew 17.92 max_stage 5.30 mult 1.000 | collect 3.21s update 0.34s (10% upd)
it 4520/9765 step 9270454 SPS 761 kl 0.0028 rew 17.92 max_stage 5.30 mult 0.931 | collect 3.06s update 0.11s (4% upd)
it 4525/9765 step 9280712 SPS 760 kl 0.0057 rew 17.84 max_stage 5.29 mult 0.932 | collect 3.17s update 0.30s (9% upd)
it 4530/9765 step 9290970 SPS 760 kl 0.0041 rew 17.69 max_stage 5.26 mult 1.000 | collect 3.04s update 0.35s (10% upd)
it 4535/9765 step 9301223 SPS 760 kl 0.0034 rew 17.69 max_stage 5.26 mult 1.000 | collect 3.08s update 0.34s (10% upd)
it 4540/9765 step 9311470 SPS 760 kl 0.0051 rew 17.69 max_stage 5.26 mult 0.934 | collect 3.17s update 0.34s (10% upd)
it 4545/9765 step 9321739 SPS 759 kl 0.0043 rew 17.69 max_stage 5.26 mult 1.000 | collect 3.23s update 0.34s (10% upd)
it 4550/9765 step 9331996 SPS 759 kl 0.0047 rew 17.69 max_stage 5.26 mult 0.936 | collect 3.06s update 0.31s (9% upd)
it 4555/9765 step 9342251 SPS 759 kl 0.0047 rew 17.69 max_stage 5.26 mult 1.000 | collect 3.03s update 0.34s (10% upd)
it 4560/9765 step 9352507 SPS 759 kl 0.0041 rew 17.69 max_stage 5.26 mult 0.938 | collect 3.02s update 0.30s (9% upd)
it 4565/9765 step 9362762 SPS 758 kl 0.0046 rew 17.69 max_stage 5.26 mult 1.000 | collect 3.12s update 0.34s (10% upd)
it 4570/9765 step 9373022 SPS 758 kl 0.0048 rew 17.69 max_stage 5.26 mult 0.940 | collect 3.23s update 0.35s (10% upd)
it 4575/9765 step 9383276 SPS 758 kl 0.0042 rew 17.75 max_stage 5.28 mult 0.941 | collect 3.21s update 0.27s (8% upd)
it 4580/9765 step 9393546 SPS 758 kl 0.0050 rew 17.75 max_stage 5.28 mult 1.000 | collect 3.10s update 0.34s (10% upd)
it 4585/9765 step 9403802 SPS 758 kl 0.0043 rew 17.75 max_stage 5.28 mult 1.000 | collect 3.13s update 0.35s (10% upd)
it 4590/9765 step 9414067 SPS 757 kl 0.0046 rew 17.75 max_stage 5.28 mult 1.000 | collect 3.14s update 0.35s (10% upd)
it 4595/9765 step 9424329 SPS 757 kl 0.0044 rew 17.75 max_stage 5.28 mult 1.000 | collect 3.15s update 0.34s (10% upd)
it 4600/9765 step 9434589 SPS 757 kl 0.0035 rew 17.78 max_stage 5.28 mult 1.000 | collect 3.07s update 0.34s (10% upd)
it 4605/9765 step 9444846 SPS 757 kl 0.0047 rew 17.78 max_stage 5.28 mult 1.000 | collect 3.14s update 0.35s (10% upd)
it 4610/9765 step 9455105 SPS 756 kl 0.0044 rew 17.80 max_stage 5.28 mult 0.947 | collect 3.12s update 0.34s (10% upd)
it 4615/9765 step 9465364 SPS 756 kl 0.0038 rew 17.80 max_stage 5.28 mult 1.000 | collect 3.07s update 0.35s (10% upd)
it 4620/9765 step 9475620 SPS 756 kl 0.0041 rew 17.80 max_stage 5.28 mult 1.000 | collect 3.15s update 0.34s (10% upd)
it 4625/9765 step 9485878 SPS 756 kl 0.0043 rew 17.80 max_stage 5.28 mult 1.000 | collect 3.26s update 0.35s (10% upd)
it 4630/9765 step 9496134 SPS 756 kl 0.0052 rew 17.80 max_stage 5.28 mult 1.000 | collect 3.10s update 0.35s (10% upd)
it 4635/9765 step 9506386 SPS 755 kl 0.0057 rew 17.84 max_stage 5.30 mult 1.000 | collect 3.09s update 0.35s (10% upd)
it 4640/9765 step 9516638 SPS 755 kl 0.0045 rew 17.84 max_stage 5.30 mult 0.952 | collect 3.11s update 0.32s (9% upd)
it 4645/9765 step 9526892 SPS 755 kl 0.0045 rew 17.76 max_stage 5.29 mult 0.953 | collect 3.05s update 0.33s (10% upd)
it 4650/9765 step 9537140 SPS 755 kl 0.0047 rew 17.83 max_stage 5.29 mult 0.954 | collect 3.17s update 0.30s (9% upd)
it 4655/9765 step 9547397 SPS 754 kl 0.0044 rew 17.83 max_stage 5.29 mult 1.000 | collect 3.10s update 0.35s (10% upd)
it 4660/9765 step 9557657 SPS 754 kl 0.0036 rew 17.82 max_stage 5.29 mult 1.000 | collect 3.08s update 0.34s (10% upd)
it 4665/9765 step 9567911 SPS 754 kl 0.0044 rew 17.79 max_stage 5.29 mult 1.000 | collect 3.12s update 0.38s (11% upd)
it 4670/9765 step 9578161 SPS 754 kl 0.0050 rew 17.79 max_stage 5.29 mult 0.958 | collect 3.12s update 0.35s (10% upd)
it 4675/9765 step 9588422 SPS 754 kl 0.0045 rew 17.79 max_stage 5.27 mult 1.000 | collect 3.02s update 0.34s (10% upd)
it 4680/9765 step 9598677 SPS 753 kl 0.0043 rew 17.79 max_stage 5.27 mult 1.000 | collect 3.23s update 0.34s (9% upd)
it 4685/9765 step 9608936 SPS 753 kl 0.0036 rew 17.79 max_stage 5.27 mult 1.000 | collect 3.04s update 0.34s (10% upd)
it 4690/9765 step 9619193 SPS 753 kl 0.0042 rew 17.79 max_stage 5.27 mult 1.000 | collect 3.12s update 0.36s (10% upd)
it 4695/9765 step 9629452 SPS 753 kl 0.0048 rew 17.79 max_stage 5.27 mult 1.000 | collect 3.27s update 0.35s (10% upd)
it 4700/9765 step 9639709 SPS 752 kl 0.0053 rew 17.81 max_stage 5.26 mult 0.964 | collect 3.01s update 0.31s (9% upd)
it 4705/9765 step 9649960 SPS 752 kl 0.0045 rew 17.81 max_stage 5.26 mult 1.000 | collect 3.33s update 0.33s (9% upd)
it 4710/9765 step 9660218 SPS 752 kl 0.0041 rew 17.81 max_stage 5.26 mult 1.000 | collect 3.08s update 0.34s (10% upd)
it 4715/9765 step 9670475 SPS 752 kl 0.0051 rew 17.81 max_stage 5.26 mult 1.000 | collect 3.08s update 0.34s (10% upd)
it 4720/9765 step 9680733 SPS 752 kl 0.0044 rew 17.81 max_stage 5.26 mult 1.000 | collect 3.02s update 0.34s (10% upd)
it 4725/9765 step 9690987 SPS 751 kl 0.0033 rew 17.87 max_stage 5.29 mult 1.000 | collect 3.12s update 0.34s (10% upd)
it 4730/9765 step 9701238 SPS 751 kl 0.0034 rew 17.87 max_stage 5.29 mult 1.000 | collect 3.09s update 0.36s (10% upd)
it 4735/9765 step 9711497 SPS 751 kl 0.0039 rew 17.87 max_stage 5.29 mult 1.000 | collect 3.21s update 0.34s (9% upd)
it 4740/9765 step 9721755 SPS 751 kl 0.0053 rew 17.87 max_stage 5.29 mult 1.000 | collect 3.22s update 0.33s (9% upd)
it 4745/9765 step 9732013 SPS 751 kl 0.0039 rew 17.88 max_stage 5.28 mult 0.972 | collect 3.09s update 0.31s (9% upd)
it 4750/9765 step 9742273 SPS 750 kl 0.0030 rew 17.88 max_stage 5.28 mult 0.973 | collect 3.14s update 0.20s (6% upd)
it 4755/9765 step 9752530 SPS 750 kl 0.0032 rew 17.92 max_stage 5.27 mult 0.974 | collect 3.38s update 0.26s (7% upd)
it 4760/9765 step 9762786 SPS 750 kl 0.0052 rew 17.93 max_stage 5.26 mult 0.975 | collect 3.23s update 0.32s (9% upd)
it 4765/9765 step 9773051 SPS 750 kl 0.0043 rew 17.93 max_stage 5.26 mult 1.000 | collect 3.30s update 0.36s (10% upd)
it 4770/9765 step 9783313 SPS 750 kl 0.0035 rew 17.84 max_stage 5.27 mult 1.000 | collect 3.16s update 0.41s (12% upd)
it 4775/9765 step 9793563 SPS 749 kl 0.0045 rew 17.84 max_stage 5.27 mult 1.000 | collect 3.01s update 0.40s (12% upd)
it 4780/9765 step 9803817 SPS 749 kl 0.0049 rew 17.84 max_stage 5.27 mult 1.000 | collect 3.23s update 0.34s (10% upd)
it 4785/9765 step 9814069 SPS 749 kl 0.0043 rew 17.77 max_stage 5.26 mult 1.000 | collect 3.10s update 0.38s (11% upd)
it 4790/9765 step 9824326 SPS 749 kl 0.0057 rew 17.71 max_stage 5.25 mult 0.981 | collect 3.14s update 0.39s (11% upd)
it 4795/9765 step 9834590 SPS 748 kl 0.0046 rew 17.69 max_stage 5.24 mult 1.000 | collect 3.06s update 0.35s (10% upd)
it 4800/9765 step 9844844 SPS 748 kl 0.0040 rew 17.69 max_stage 5.24 mult 0.983 | collect 3.08s update 0.31s (9% upd)
it 4805/9765 step 9855098 SPS 748 kl 0.0048 rew 17.69 max_stage 5.24 mult 1.000 | collect 3.34s update 0.35s (9% upd)
it 4810/9765 step 9865357 SPS 748 kl 0.0039 rew 17.68 max_stage 5.25 mult 1.000 | collect 3.06s update 0.34s (10% upd)
it 4815/9765 step 9875625 SPS 748 kl 0.0043 rew 17.68 max_stage 5.25 mult 1.000 | collect 3.08s update 0.35s (10% upd)
it 4820/9765 step 9885891 SPS 748 kl 0.0047 rew 17.68 max_stage 5.25 mult 0.987 | collect 3.22s update 0.30s (8% upd)
it 4825/9765 step 9896153 SPS 747 kl 0.0037 rew 17.65 max_stage 5.24 mult 1.000 | collect 3.16s update 0.34s (10% upd)
it 4830/9765 step 9906406 SPS 747 kl 0.0045 rew 17.65 max_stage 5.24 mult 1.000 | collect 3.14s update 0.34s (10% upd)
it 4835/9765 step 9916657 SPS 747 kl 0.0050 rew 17.65 max_stage 5.24 mult 0.990 | collect 3.13s update 0.33s (10% upd)
it 4840/9765 step 9926914 SPS 747 kl 0.0041 rew 17.75 max_stage 5.26 mult 0.991 | collect 3.22s update 0.21s (6% upd)
it 4845/9765 step 9937160 SPS 747 kl 0.0047 rew 17.67 max_stage 5.25 mult 1.000 | collect 3.15s update 0.35s (10% upd)
it 4850/9765 step 9947424 SPS 746 kl 0.0042 rew 17.65 max_stage 5.24 mult 1.000 | collect 3.14s update 0.34s (10% upd)
it 4855/9765 step 9957672 SPS 746 kl 0.0042 rew 17.65 max_stage 5.24 mult 1.000 | collect 3.02s update 0.35s (10% upd)
it 4860/9765 step 9967927 SPS 746 kl 0.0047 rew 17.65 max_stage 5.24 mult 0.995 | collect 3.07s update 0.34s (10% upd)
it 4865/9765 step 9978183 SPS 746 kl 0.0048 rew 17.65 max_stage 5.24 mult 1.000 | collect 3.12s update 0.35s (10% upd)
it 4870/9765 step 9988437 SPS 746 kl 0.0040 rew 17.65 max_stage 5.24 mult 1.000 | collect 3.13s update 0.34s (10% upd)
it 4875/9765 step 9998694 SPS 745 kl 0.0038 rew 17.65 max_stage 5.24 mult 1.000 | collect 2.96s update 0.42s (12% upd)
it 4880/9765 step 10008941 SPS 745 kl 0.0041 rew 17.65 max_stage 5.24 mult 0.999 | collect 3.04s update 0.29s (9% upd)
it 4885/9765 step 10019196 SPS 745 kl 0.0037 rew 17.65 max_stage 5.23 mult 1.000 | collect 3.10s update 0.34s (10% upd)
it 4890/9765 step 10029460 SPS 745 kl 0.0047 rew 17.81 max_stage 5.26 mult 1.001 | collect 3.08s update 0.30s (9% upd)
it 4895/9765 step 10039722 SPS 745 kl 0.0036 rew 17.81 max_stage 5.26 mult 1.000 | collect 3.16s update 0.35s (10% upd)
it 4900/9765 step 10049982 SPS 744 kl 0.0031 rew 17.81 max_stage 5.26 mult 1.003 | collect 3.00s update 0.24s (7% upd)
it 4905/9765 step 10060233 SPS 744 kl 0.0043 rew 17.81 max_stage 5.26 mult 1.000 | collect 3.04s update 0.37s (11% upd)
it 4910/9765 step 10070488 SPS 744 kl 0.0038 rew 17.81 max_stage 5.26 mult 1.000 | collect 3.10s update 0.37s (11% upd)
it 4915/9765 step 10080749 SPS 744 kl 0.0043 rew 17.81 max_stage 5.26 mult 1.000 | collect 3.14s update 0.40s (11% upd)
it 4920/9765 step 10091010 SPS 744 kl 0.0038 rew 17.84 max_stage 5.26 mult 1.000 | collect 3.12s update 0.39s (11% upd)
it 4925/9765 step 10101263 SPS 744 kl 0.0042 rew 17.84 max_stage 5.26 mult 1.000 | collect 3.02s update 0.35s (10% upd)
it 4930/9765 step 10111518 SPS 743 kl 0.0034 rew 17.84 max_stage 5.26 mult 1.000 | collect 3.08s update 0.35s (10% upd)
it 4935/9765 step 10121784 SPS 743 kl 0.0034 rew 17.83 max_stage 5.26 mult 1.000 | collect 3.15s update 0.35s (10% upd)
it 4940/9765 step 10132047 SPS 743 kl 0.0046 rew 17.83 max_stage 5.26 mult 1.000 | collect 3.16s update 0.33s (10% upd)
it 4945/9765 step 10142304 SPS 743 kl 0.0031 rew 17.81 max_stage 5.26 mult 1.000 | collect 3.10s update 0.34s (10% upd)
it 4950/9765 step 10152566 SPS 743 kl 0.0045 rew 17.81 max_stage 5.26 mult 1.000 | collect 3.02s update 0.34s (10% upd)
it 4955/9765 step 10162818 SPS 742 kl 0.0032 rew 17.71 max_stage 5.26 mult 1.015 | collect 3.13s update 0.24s (7% upd)
it 4960/9765 step 10173077 SPS 742 kl 0.0040 rew 17.71 max_stage 5.26 mult 1.000 | collect 3.01s update 0.34s (10% upd)
it 4965/9765 step 10183334 SPS 742 kl 0.0037 rew 17.71 max_stage 5.26 mult 1.000 | collect 3.15s update 0.35s (10% upd)
it 4970/9765 step 10193588 SPS 742 kl 0.0034 rew 17.71 max_stage 5.26 mult 1.000 | collect 3.04s update 0.35s (10% upd)
it 4975/9765 step 10203844 SPS 742 kl 0.0038 rew 17.71 max_stage 5.26 mult 1.000 | collect 3.06s update 0.35s (10% upd)
it 4980/9765 step 10214108 SPS 742 kl 0.0053 rew 17.72 max_stage 5.27 mult 1.020 | collect 3.06s update 0.33s (10% upd)
it 4985/9765 step 10224358 SPS 741 kl 0.0037 rew 17.72 max_stage 5.27 mult 1.000 | collect 3.07s update 0.33s (10% upd)
it 4990/9765 step 10234609 SPS 741 kl 0.0038 rew 17.72 max_stage 5.27 mult 1.000 | collect 3.04s update 0.35s (10% upd)
it 4995/9765 step 10244862 SPS 741 kl 0.0038 rew 17.72 max_stage 5.27 mult 1.000 | collect 3.18s update 0.34s (10% upd)
it 5000/9765 step 10255112 SPS 741 kl 0.0041 rew 17.72 max_stage 5.27 mult 1.000 | collect 3.04s update 0.33s (10% upd)
it 5005/9765 step 10265368 SPS 741 kl 0.0028 rew 17.56 max_stage 5.24 mult 1.026 | collect 3.17s update 0.15s (4% upd)
it 5010/9765 step 10275629 SPS 741 kl 0.0038 rew 17.56 max_stage 5.24 mult 1.000 | collect 3.18s update 0.33s (9% upd)
it 5015/9765 step 10285882 SPS 740 kl 0.0039 rew 17.56 max_stage 5.24 mult 1.000 | collect 3.04s update 0.33s (10% upd)
it 5020/9765 step 10296143 SPS 740 kl 0.0046 rew 17.56 max_stage 5.24 mult 1.000 | collect 3.10s update 0.34s (10% upd)
it 5025/9765 step 10306396 SPS 740 kl 0.0042 rew 17.56 max_stage 5.25 mult 1.000 | collect 3.15s update 0.33s (10% upd)
it 5030/9765 step 10316650 SPS 740 kl 0.0025 rew 17.51 max_stage 5.22 mult 1.031 | collect 3.06s update 0.13s (4% upd)
it 5035/9765 step 10326906 SPS 740 kl 0.0039 rew 17.40 max_stage 5.21 mult 1.000 | collect 3.19s update 0.35s (10% upd)
it 5040/9765 step 10337160 SPS 739 kl 0.0043 rew 17.37 max_stage 5.22 mult 1.033 | collect 3.10s update 0.32s (9% upd)
it 5045/9765 step 10347415 SPS 739 kl 0.0033 rew 17.37 max_stage 5.22 mult 1.000 | collect 3.16s update 0.35s (10% upd)
it 5050/9765 step 10357671 SPS 739 kl 0.0033 rew 17.37 max_stage 5.22 mult 1.000 | collect 3.08s update 0.35s (10% upd)
it 5055/9765 step 10367920 SPS 739 kl 0.0037 rew 17.37 max_stage 5.22 mult 1.000 | collect 3.17s update 0.33s (9% upd)
it 5060/9765 step 10378175 SPS 739 kl 0.0034 rew 17.37 max_stage 5.22 mult 1.000 | collect 3.07s update 0.35s (10% upd)
it 5065/9765 step 10388424 SPS 739 kl 0.0030 rew 17.40 max_stage 5.24 mult 1.039 | collect 3.10s update 0.17s (5% upd)
it 5070/9765 step 10398670 SPS 738 kl 0.0033 rew 17.40 max_stage 5.24 mult 1.000 | collect 3.17s update 0.37s (11% upd)
it 5075/9765 step 10408911 SPS 738 kl 0.0037 rew 17.41 max_stage 5.24 mult 1.000 | collect 2.98s update 0.38s (11% upd)
it 5080/9765 step 10419168 SPS 738 kl 0.0049 rew 17.41 max_stage 5.24 mult 1.000 | collect 3.08s update 0.43s (12% upd)
it 5085/9765 step 10429427 SPS 738 kl 0.0042 rew 17.41 max_stage 5.24 mult 1.000 | collect 3.05s update 0.41s (12% upd)
it 5090/9765 step 10439685 SPS 738 kl 0.0030 rew 17.52 max_stage 5.25 mult 1.044 | collect 3.15s update 0.18s (6% upd)
it 5095/9765 step 10449934 SPS 738 kl 0.0041 rew 17.52 max_stage 5.25 mult 1.000 | collect 3.12s update 0.35s (10% upd)
it 5100/9765 step 10460179 SPS 737 kl 0.0035 rew 17.43 max_stage 5.25 mult 1.000 | collect 2.99s update 0.38s (11% upd)
it 5105/9765 step 10470444 SPS 737 kl 0.0042 rew 17.43 max_stage 5.25 mult 1.000 | collect 3.08s update 0.35s (10% upd)
it 5110/9765 step 10480702 SPS 737 kl 0.0038 rew 17.45 max_stage 5.25 mult 1.000 | collect 2.96s update 0.42s (12% upd)
it 5115/9765 step 10490964 SPS 737 kl 0.0037 rew 17.45 max_stage 5.25 mult 1.050 | collect 3.07s update 0.27s (8% upd)
it 5120/9765 step 10501225 SPS 737 kl 0.0036 rew 17.38 max_stage 5.22 mult 1.000 | collect 3.00s update 0.36s (11% upd)
it 5125/9765 step 10511480 SPS 737 kl 0.0045 rew 17.38 max_stage 5.22 mult 1.000 | collect 3.08s update 0.33s (10% upd)
it 5130/9765 step 10521744 SPS 736 kl 0.0034 rew 17.36 max_stage 5.22 mult 1.000 | collect 3.19s update 0.35s (10% upd)
it 5135/9765 step 10531998 SPS 736 kl 0.0045 rew 17.36 max_stage 5.22 mult 1.000 | collect 3.19s update 0.34s (10% upd)
it 5140/9765 step 10542259 SPS 736 kl 0.0034 rew 17.48 max_stage 5.24 mult 1.000 | collect 3.04s update 0.33s (10% upd)
it 5145/9765 step 10552515 SPS 736 kl 0.0033 rew 17.48 max_stage 5.24 mult 1.000 | collect 3.23s update 0.35s (10% upd)
it 5150/9765 step 10562769 SPS 736 kl 0.0036 rew 17.48 max_stage 5.24 mult 1.000 | collect 3.08s update 0.33s (10% upd)
it 5155/9765 step 10573027 SPS 736 kl 0.0039 rew 17.48 max_stage 5.24 mult 1.000 | collect 3.06s update 0.33s (10% upd)
it 5160/9765 step 10583285 SPS 735 kl 0.0038 rew 17.48 max_stage 5.24 mult 1.000 | collect 3.13s update 0.33s (10% upd)
it 5165/9765 step 10593538 SPS 735 kl 0.0043 rew 17.48 max_stage 5.24 mult 1.000 | collect 3.23s update 0.33s (9% upd)
it 5170/9765 step 10603804 SPS 735 kl 0.0046 rew 17.48 max_stage 5.24 mult 1.000 | collect 3.03s update 0.33s (10% upd)
it 5175/9765 step 10614070 SPS 735 kl 0.0046 rew 17.48 max_stage 5.24 mult 1.000 | collect 3.11s update 0.34s (10% upd)
it 5180/9765 step 10624326 SPS 735 kl 0.0039 rew 17.48 max_stage 5.24 mult 1.065 | collect 3.11s update 0.29s (8% upd)
it 5185/9765 step 10634580 SPS 735 kl 0.0029 rew 17.48 max_stage 5.24 mult 1.000 | collect 3.11s update 0.33s (10% upd)
it 5190/9765 step 10644831 SPS 734 kl 0.0034 rew 17.48 max_stage 5.24 mult 1.000 | collect 3.05s update 0.33s (10% upd)
it 5195/9765 step 10655089 SPS 734 kl 0.0032 rew 17.48 max_stage 5.24 mult 1.000 | collect 3.11s update 0.34s (10% upd)
it 5200/9765 step 10665342 SPS 734 kl 0.0036 rew 17.48 max_stage 5.24 mult 1.000 | collect 3.04s update 0.35s (10% upd)
it 5205/9765 step 10675607 SPS 734 kl 0.0036 rew 17.48 max_stage 5.24 mult 1.000 | collect 3.24s update 0.33s (9% upd)
it 5210/9765 step 10685861 SPS 734 kl 0.0032 rew 17.57 max_stage 5.25 mult 1.000 | collect 3.09s update 0.35s (10% upd)
it 5215/9765 step 10696119 SPS 734 kl 0.0041 rew 17.57 max_stage 5.25 mult 1.000 | collect 3.14s update 0.33s (10% upd)
it 5220/9765 step 10706377 SPS 733 kl 0.0022 rew 17.57 max_stage 5.25 mult 1.074 | collect 3.09s update 0.16s (5% upd)
it 5225/9765 step 10716640 SPS 733 kl 0.0038 rew 17.57 max_stage 5.25 mult 1.000 | collect 3.07s update 0.34s (10% upd)
it 5230/9765 step 10726899 SPS 733 kl 0.0035 rew 17.57 max_stage 5.25 mult 1.000 | collect 3.06s update 0.33s (10% upd)
it 5235/9765 step 10737153 SPS 733 kl 0.0036 rew 17.57 max_stage 5.25 mult 1.000 | collect 3.04s update 0.34s (10% upd)
it 5240/9765 step 10747403 SPS 733 kl 0.0034 rew 17.59 max_stage 5.25 mult 1.000 | collect 3.05s update 0.34s (10% upd)
it 5245/9765 step 10757656 SPS 733 kl 0.0036 rew 17.61 max_stage 5.25 mult 1.080 | collect 3.12s update 0.32s (9% upd)
it 5250/9765 step 10767919 SPS 732 kl 0.0046 rew 17.61 max_stage 5.25 mult 1.000 | collect 3.04s update 0.35s (10% upd)
it 5255/9765 step 10778179 SPS 732 kl 0.0041 rew 17.61 max_stage 5.25 mult 1.000 | collect 3.05s update 0.35s (10% upd)
it 5260/9765 step 10788435 SPS 732 kl 0.0042 rew 17.61 max_stage 5.25 mult 1.000 | collect 3.08s update 0.35s (10% upd)
it 5265/9765 step 10798692 SPS 732 kl 0.0039 rew 17.61 max_stage 5.25 mult 1.000 | collect 3.03s update 0.35s (10% upd)
it 5270/9765 step 10808955 SPS 732 kl 0.0039 rew 17.68 max_stage 5.25 mult 1.000 | collect 3.05s update 0.39s (11% upd)
it 5275/9765 step 10819213 SPS 732 kl 0.0034 rew 17.68 max_stage 5.25 mult 1.000 | collect 3.17s update 0.35s (10% upd)
it 5280/9765 step 10829472 SPS 732 kl 0.0028 rew 17.68 max_stage 5.25 mult 1.088 | collect 3.07s update 0.17s (5% upd)
it 5285/9765 step 10839732 SPS 731 kl 0.0041 rew 17.68 max_stage 5.25 mult 1.000 | collect 3.05s update 0.34s (10% upd)
it 5290/9765 step 10850000 SPS 731 kl 0.0037 rew 17.68 max_stage 5.25 mult 1.000 | collect 3.13s update 0.38s (11% upd)
it 5295/9765 step 10860249 SPS 731 kl 0.0043 rew 17.79 max_stage 5.28 mult 1.000 | collect 3.24s update 0.42s (11% upd)
it 5300/9765 step 10870512 SPS 731 kl 0.0044 rew 17.90 max_stage 5.30 mult 1.093 | collect 3.15s update 0.30s (9% upd)
it 5305/9765 step 10880765 SPS 731 kl 0.0039 rew 17.87 max_stage 5.29 mult 1.000 | collect 2.97s update 0.42s (12% upd)
it 5310/9765 step 10891028 SPS 731 kl 0.0039 rew 17.87 max_stage 5.29 mult 1.000 | collect 3.08s update 0.33s (10% upd)
it 5315/9765 step 10901284 SPS 730 kl 0.0031 rew 17.80 max_stage 5.26 mult 1.000 | collect 3.11s update 0.33s (10% upd)
it 5320/9765 step 10911530 SPS 730 kl 0.0040 rew 17.80 max_stage 5.26 mult 1.000 | collect 3.21s update 0.39s (11% upd)
it 5325/9765 step 10921780 SPS 730 kl 0.0042 rew 17.80 max_stage 5.26 mult 1.099 | collect 2.99s update 0.26s (8% upd)
it 5330/9765 step 10932032 SPS 730 kl 0.0035 rew 17.80 max_stage 5.26 mult 1.000 | collect 3.09s update 0.33s (10% upd)
it 5335/9765 step 10942288 SPS 730 kl 0.0036 rew 17.80 max_stage 5.26 mult 1.000 | collect 3.04s update 0.35s (10% upd)
it 5340/9765 step 10952548 SPS 730 kl 0.0034 rew 17.80 max_stage 5.26 mult 1.000 | collect 3.08s update 0.33s (10% upd)
it 5345/9765 step 10962807 SPS 730 kl 0.0035 rew 17.80 max_stage 5.26 mult 1.000 | collect 3.03s update 0.35s (10% upd)
it 5350/9765 step 10973066 SPS 729 kl 0.0040 rew 17.80 max_stage 5.26 mult 1.106 | collect 3.14s update 0.30s (9% upd)
it 5355/9765 step 10983333 SPS 729 kl 0.0046 rew 17.80 max_stage 5.26 mult 1.000 | collect 3.04s update 0.33s (10% upd)
it 5360/9765 step 10993599 SPS 729 kl 0.0036 rew 17.80 max_stage 5.26 mult 1.000 | collect 3.07s update 0.35s (10% upd)
it 5365/9765 step 11003867 SPS 729 kl 0.0037 rew 17.80 max_stage 5.26 mult 1.000 | collect 3.15s update 0.33s (10% upd)
it 5370/9765 step 11014127 SPS 729 kl 0.0042 rew 17.80 max_stage 5.26 mult 1.000 | collect 3.06s update 0.33s (10% upd)
it 5375/9765 step 11024383 SPS 729 kl 0.0044 rew 17.80 max_stage 5.26 mult 1.000 | collect 3.18s update 0.33s (10% upd)
it 5380/9765 step 11034640 SPS 729 kl 0.0035 rew 17.83 max_stage 5.26 mult 1.000 | collect 3.04s update 0.35s (10% upd)
it 5385/9765 step 11044905 SPS 728 kl 0.0044 rew 17.91 max_stage 5.27 mult 1.000 | collect 3.09s update 0.33s (10% upd)
it 5390/9765 step 11055168 SPS 728 kl 0.0043 rew 17.91 max_stage 5.27 mult 1.000 | collect 3.06s update 0.34s (10% upd)
it 5395/9765 step 11065424 SPS 728 kl 0.0038 rew 17.91 max_stage 5.27 mult 1.000 | collect 3.09s update 0.34s (10% upd)
it 5400/9765 step 11075683 SPS 728 kl 0.0045 rew 17.91 max_stage 5.27 mult 1.118 | collect 3.09s update 0.29s (9% upd)
it 5405/9765 step 11085934 SPS 728 kl 0.0039 rew 17.91 max_stage 5.26 mult 1.000 | collect 3.12s update 0.34s (10% upd)
it 5410/9765 step 11096190 SPS 728 kl 0.0040 rew 17.88 max_stage 5.25 mult 1.000 | collect 3.12s update 0.35s (10% upd)
it 5415/9765 step 11106446 SPS 728 kl 0.0053 rew 17.88 max_stage 5.25 mult 1.122 | collect 3.12s update 0.31s (9% upd)
it 5420/9765 step 11116711 SPS 727 kl 0.0046 rew 17.88 max_stage 5.25 mult 1.123 | collect 3.12s update 0.31s (9% upd)
it 5425/9765 step 11126976 SPS 727 kl 0.0044 rew 17.88 max_stage 5.25 mult 1.000 | collect 3.15s update 0.34s (10% upd)
it 5430/9765 step 11137225 SPS 727 kl 0.0036 rew 17.88 max_stage 5.25 mult 1.000 | collect 3.09s update 0.34s (10% upd)
it 5435/9765 step 11147494 SPS 727 kl 0.0042 rew 17.97 max_stage 5.25 mult 1.000 | collect 3.17s update 0.33s (10% upd)
it 5440/9765 step 11157753 SPS 727 kl 0.0031 rew 17.96 max_stage 5.25 mult 1.000 | collect 3.22s update 0.42s (11% upd)
it 5445/9765 step 11168002 SPS 727 kl 0.0027 rew 17.96 max_stage 5.25 mult 1.000 | collect 2.97s update 0.40s (12% upd)
it 5450/9765 step 11178255 SPS 726 kl 0.0040 rew 17.95 max_stage 5.25 mult 1.000 | collect 3.15s update 0.34s (10% upd)
it 5455/9765 step 11188508 SPS 726 kl 0.0044 rew 17.95 max_stage 5.25 mult 1.000 | collect 3.25s update 0.34s (10% upd)
it 5460/9765 step 11198757 SPS 726 kl 0.0044 rew 17.95 max_stage 5.25 mult 1.000 | collect 3.07s update 0.35s (10% upd)
it 5465/9765 step 11209020 SPS 726 kl 0.0044 rew 17.95 max_stage 5.25 mult 1.000 | collect 3.05s update 0.34s (10% upd)
it 5470/9765 step 11219268 SPS 726 kl 0.0038 rew 17.82 max_stage 5.24 mult 1.000 | collect 3.18s update 0.35s (10% upd)
it 5475/9765 step 11229533 SPS 726 kl 0.0031 rew 17.82 max_stage 5.24 mult 1.000 | collect 3.06s update 0.34s (10% upd)
it 5480/9765 step 11239793 SPS 726 kl 0.0031 rew 17.82 max_stage 5.24 mult 1.000 | collect 3.11s update 0.34s (10% upd)
it 5485/9765 step 11250051 SPS 725 kl 0.0033 rew 17.82 max_stage 5.24 mult 1.000 | collect 3.15s update 0.34s (10% upd)
it 5490/9765 step 11260308 SPS 725 kl 0.0033 rew 17.82 max_stage 5.24 mult 1.000 | collect 3.09s update 0.34s (10% upd)
it 5495/9765 step 11270564 SPS 725 kl 0.0040 rew 17.82 max_stage 5.24 mult 1.000 | collect 3.16s update 0.33s (10% upd)
it 5500/9765 step 11280826 SPS 725 kl 0.0037 rew 17.82 max_stage 5.24 mult 1.000 | collect 3.16s update 0.34s (10% upd)
it 5505/9765 step 11291086 SPS 725 kl 0.0036 rew 17.82 max_stage 5.24 mult 1.000 | collect 3.09s update 0.35s (10% upd)
it 5510/9765 step 11301343 SPS 725 kl 0.0041 rew 17.82 max_stage 5.24 mult 1.000 | collect 3.05s update 0.39s (11% upd)
it 5515/9765 step 11311602 SPS 725 kl 0.0030 rew 17.85 max_stage 5.24 mult 1.000 | collect 3.09s update 0.35s (10% upd)
it 5520/9765 step 11321865 SPS 724 kl 0.0033 rew 17.85 max_stage 5.24 mult 1.000 | collect 3.13s update 0.34s (10% upd)
it 5525/9765 step 11332120 SPS 724 kl 0.0043 rew 17.85 max_stage 5.24 mult 1.000 | collect 3.03s update 0.34s (10% upd)
it 5530/9765 step 11342381 SPS 724 kl 0.0027 rew 17.85 max_stage 5.24 mult 1.000 | collect 3.06s update 0.34s (10% upd)
it 5535/9765 step 11352637 SPS 724 kl 0.0035 rew 17.85 max_stage 5.24 mult 1.000 | collect 3.18s update 0.34s (10% upd)
it 5540/9765 step 11362881 SPS 724 kl 0.0039 rew 17.80 max_stage 5.23 mult 1.000 | collect 3.18s update 0.33s (10% upd)
it 5545/9765 step 11373140 SPS 724 kl 0.0035 rew 17.80 max_stage 5.23 mult 1.000 | collect 3.03s update 0.34s (10% upd)
it 5550/9765 step 11383394 SPS 724 kl 0.0040 rew 17.80 max_stage 5.23 mult 1.000 | collect 3.10s update 0.35s (10% upd)
it 5555/9765 step 11393648 SPS 723 kl 0.0039 rew 17.80 max_stage 5.23 mult 1.000 | collect 3.10s update 0.35s (10% upd)
it 5560/9765 step 11403904 SPS 723 kl 0.0037 rew 17.80 max_stage 5.23 mult 1.000 | collect 3.05s update 0.33s (10% upd)
it 5565/9765 step 11414153 SPS 723 kl 0.0039 rew 17.80 max_stage 5.23 mult 1.000 | collect 3.19s update 0.34s (10% upd)
it 5570/9765 step 11424406 SPS 723 kl 0.0030 rew 17.91 max_stage 5.26 mult 1.000 | collect 3.23s update 0.34s (9% upd)
it 5575/9765 step 11434659 SPS 723 kl 0.0031 rew 17.85 max_stage 5.25 mult 1.000 | collect 3.07s update 0.34s (10% upd)
it 5580/9765 step 11444923 SPS 723 kl 0.0026 rew 17.85 max_stage 5.25 mult 1.000 | collect 3.07s update 0.34s (10% upd)
it 5585/9765 step 11455180 SPS 723 kl 0.0029 rew 17.85 max_stage 5.25 mult 1.000 | collect 3.17s update 0.34s (10% upd)
it 5590/9765 step 11465444 SPS 722 kl 0.0041 rew 17.94 max_stage 5.27 mult 1.000 | collect 3.36s update 0.34s (9% upd)
it 5595/9765 step 11475703 SPS 722 kl 0.0038 rew 17.97 max_stage 5.28 mult 1.000 | collect 3.07s update 0.35s (10% upd)
it 5600/9765 step 11485962 SPS 722 kl 0.0037 rew 17.97 max_stage 5.28 mult 1.000 | collect 3.05s update 0.34s (10% upd)
it 5605/9765 step 11496216 SPS 722 kl 0.0039 rew 17.97 max_stage 5.28 mult 1.000 | collect 3.07s update 0.35s (10% upd)
it 5610/9765 step 11506476 SPS 722 kl 0.0038 rew 17.97 max_stage 5.28 mult 1.000 | collect 3.13s update 0.34s (10% upd)
it 5615/9765 step 11516735 SPS 722 kl 0.0035 rew 17.97 max_stage 5.28 mult 1.000 | collect 3.27s update 0.34s (9% upd)
it 5620/9765 step 11526990 SPS 721 kl 0.0030 rew 17.97 max_stage 5.28 mult 1.000 | collect 3.19s update 0.34s (10% upd)
it 5625/9765 step 11537247 SPS 721 kl 0.0035 rew 17.97 max_stage 5.28 mult 1.000 | collect 3.08s update 0.34s (10% upd)
it 5630/9765 step 11547512 SPS 721 kl 0.0036 rew 17.97 max_stage 5.28 mult 1.000 | collect 3.32s update 0.33s (9% upd)
it 5635/9765 step 11557772 SPS 721 kl 0.0032 rew 18.03 max_stage 5.29 mult 1.000 | collect 3.15s update 0.33s (10% upd)
it 5640/9765 step 11568031 SPS 721 kl 0.0036 rew 18.03 max_stage 5.29 mult 1.000 | collect 3.17s update 0.33s (10% upd)
it 5645/9765 step 11578290 SPS 721 kl 0.0031 rew 18.10 max_stage 5.30 mult 1.000 | collect 3.04s update 0.38s (11% upd)
it 5650/9765 step 11588544 SPS 721 kl 0.0033 rew 18.10 max_stage 5.30 mult 1.000 | collect 3.08s update 0.34s (10% upd)
it 5655/9765 step 11598799 SPS 720 kl 0.0034 rew 18.08 max_stage 5.30 mult 1.000 | collect 3.12s update 0.35s (10% upd)
it 5660/9765 step 11609052 SPS 720 kl 0.0032 rew 18.09 max_stage 5.30 mult 1.000 | collect 3.02s update 0.34s (10% upd)
it 5665/9765 step 11619312 SPS 720 kl 0.0025 rew 18.09 max_stage 5.30 mult 1.000 | collect 3.07s update 0.34s (10% upd)
it 5670/9765 step 11629568 SPS 720 kl 0.0027 rew 18.09 max_stage 5.30 mult 1.000 | collect 3.09s update 0.34s (10% upd)
it 5675/9765 step 11639823 SPS 720 kl 0.0039 rew 18.09 max_stage 5.30 mult 1.000 | collect 3.32s update 0.34s (9% upd)
it 5680/9765 step 11650087 SPS 720 kl 0.0035 rew 17.99 max_stage 5.28 mult 1.000 | collect 3.15s update 0.34s (10% upd)
it 5685/9765 step 11660352 SPS 720 kl 0.0035 rew 17.94 max_stage 5.27 mult 1.000 | collect 3.11s update 0.33s (10% upd)
it 5690/9765 step 11670607 SPS 720 kl 0.0039 rew 17.94 max_stage 5.27 mult 1.000 | collect 3.06s update 0.35s (10% upd)
it 5695/9765 step 11680859 SPS 719 kl 0.0046 rew 17.94 max_stage 5.27 mult 1.000 | collect 3.13s update 0.34s (10% upd)
it 5700/9765 step 11691117 SPS 719 kl 0.0053 rew 17.94 max_stage 5.27 mult 1.201 | collect 3.15s update 0.34s (10% upd)
it 5705/9765 step 11701371 SPS 719 kl 0.0038 rew 17.95 max_stage 5.26 mult 1.000 | collect 3.10s update 0.34s (10% upd)
it 5710/9765 step 11711630 SPS 719 kl 0.0044 rew 17.95 max_stage 5.26 mult 1.000 | collect 3.07s update 0.34s (10% upd)
it 5715/9765 step 11721890 SPS 719 kl 0.0036 rew 17.95 max_stage 5.26 mult 1.000 | collect 3.22s update 0.33s (9% upd)
it 5720/9765 step 11732148 SPS 719 kl 0.0034 rew 17.97 max_stage 5.28 mult 1.000 | collect 3.29s update 0.35s (10% upd)
it 5725/9765 step 11742404 SPS 719 kl 0.0024 rew 17.97 max_stage 5.28 mult 1.000 | collect 3.11s update 0.37s (11% upd)
it 5730/9765 step 11752655 SPS 718 kl 0.0029 rew 17.97 max_stage 5.28 mult 1.000 | collect 3.00s update 0.35s (11% upd)
it 5735/9765 step 11762924 SPS 718 kl 0.0038 rew 17.97 max_stage 5.28 mult 1.000 | collect 3.06s update 0.33s (10% upd)
it 5740/9765 step 11773178 SPS 718 kl 0.0038 rew 17.97 max_stage 5.28 mult 1.000 | collect 3.03s update 0.34s (10% upd)
it 5745/9765 step 11783424 SPS 718 kl 0.0036 rew 17.97 max_stage 5.28 mult 1.000 | collect 3.17s update 0.37s (11% upd)
it 5750/9765 step 11793677 SPS 718 kl 0.0027 rew 17.97 max_stage 5.28 mult 1.000 | collect 3.03s update 0.35s (10% upd)
it 5755/9765 step 11803948 SPS 718 kl 0.0046 rew 17.97 max_stage 5.28 mult 1.000 | collect 3.25s update 0.37s (10% upd)
it 5760/9765 step 11814202 SPS 718 kl 0.0031 rew 17.97 max_stage 5.28 mult 1.000 | collect 2.99s update 0.35s (10% upd)
it 5765/9765 step 11824460 SPS 718 kl 0.0030 rew 18.07 max_stage 5.29 mult 1.000 | collect 3.23s update 0.35s (10% upd)
it 5770/9765 step 11834709 SPS 717 kl 0.0038 rew 18.07 max_stage 5.29 mult 1.000 | collect 3.03s update 0.35s (10% upd)
it 5775/9765 step 11844970 SPS 717 kl 0.0027 rew 18.07 max_stage 5.29 mult 1.000 | collect 3.14s update 0.35s (10% upd)
it 5780/9765 step 11855221 SPS 717 kl 0.0032 rew 18.07 max_stage 5.29 mult 1.000 | collect 3.01s update 0.34s (10% upd)
it 5785/9765 step 11865478 SPS 717 kl 0.0031 rew 18.07 max_stage 5.29 mult 1.000 | collect 3.10s update 0.35s (10% upd)
it 5790/9765 step 11875734 SPS 717 kl 0.0023 rew 18.07 max_stage 5.29 mult 1.000 | collect 3.19s update 0.33s (9% upd)
it 5795/9765 step 11885992 SPS 717 kl 0.0027 rew 17.95 max_stage 5.25 mult 1.000 | collect 3.06s update 0.35s (10% upd)
it 5800/9765 step 11896247 SPS 717 kl 0.0031 rew 17.95 max_stage 5.25 mult 1.000 | collect 3.24s update 0.35s (10% upd)
it 5805/9765 step 11906499 SPS 716 kl 0.0030 rew 17.95 max_stage 5.25 mult 1.000 | collect 3.07s update 0.35s (10% upd)
it 5810/9765 step 11916758 SPS 716 kl 0.0038 rew 17.93 max_stage 5.26 mult 1.000 | collect 3.17s update 0.34s (10% upd)
it 5815/9765 step 11927008 SPS 716 kl 0.0027 rew 17.91 max_stage 5.25 mult 1.000 | collect 3.12s update 0.34s (10% upd)
it 5820/9765 step 11937271 SPS 716 kl 0.0034 rew 18.02 max_stage 5.28 mult 1.000 | collect 3.32s update 0.35s (10% upd)
it 5825/9765 step 11947537 SPS 716 kl 0.0032 rew 18.02 max_stage 5.28 mult 1.000 | collect 3.24s update 0.35s (10% upd)
it 5830/9765 step 11957800 SPS 716 kl 0.0031 rew 18.02 max_stage 5.28 mult 1.000 | collect 3.14s update 0.35s (10% upd)
it 5835/9765 step 11968054 SPS 716 kl 0.0041 rew 18.02 max_stage 5.28 mult 1.000 | collect 3.14s update 0.43s (12% upd)
it 5840/9765 step 11978319 SPS 716 kl 0.0028 rew 18.00 max_stage 5.26 mult 1.000 | collect 3.04s update 0.38s (11% upd)
it 5845/9765 step 11988576 SPS 715 kl 0.0050 rew 18.00 max_stage 5.26 mult 1.000 | collect 3.01s update 0.36s (11% upd)
it 5850/9765 step 11998837 SPS 715 kl 0.0033 rew 17.99 max_stage 5.27 mult 1.247 | collect 3.07s update 0.26s (8% upd)
it 5855/9765 step 12009095 SPS 715 kl 0.0031 rew 18.07 max_stage 5.29 mult 1.000 | collect 3.14s update 0.33s (10% upd)
it 5860/9765 step 12019349 SPS 715 kl 0.0034 rew 18.07 max_stage 5.29 mult 1.000 | collect 3.12s update 0.34s (10% upd)
it 5865/9765 step 12029600 SPS 715 kl 0.0032 rew 18.07 max_stage 5.29 mult 1.000 | collect 3.06s update 0.35s (10% upd)
it 5870/9765 step 12039851 SPS 715 kl 0.0029 rew 18.07 max_stage 5.29 mult 1.000 | collect 3.27s update 0.35s (10% upd)
it 5875/9765 step 12050104 SPS 715 kl 0.0030 rew 18.16 max_stage 5.30 mult 1.000 | collect 3.07s update 0.33s (10% upd)
it 5880/9765 step 12060368 SPS 715 kl 0.0033 rew 18.16 max_stage 5.30 mult 1.000 | collect 3.06s update 0.34s (10% upd)
it 5885/9765 step 12070632 SPS 714 kl 0.0025 rew 18.16 max_stage 5.30 mult 1.000 | collect 3.10s update 0.34s (10% upd)
it 5890/9765 step 12080888 SPS 714 kl 0.0026 rew 18.16 max_stage 5.30 mult 1.000 | collect 3.11s update 0.34s (10% upd)
it 5895/9765 step 12091138 SPS 714 kl 0.0032 rew 18.16 max_stage 5.30 mult 1.000 | collect 3.05s update 0.35s (10% upd)
it 5900/9765 step 12101391 SPS 714 kl 0.0037 rew 18.18 max_stage 5.31 mult 1.000 | collect 3.03s update 0.33s (10% upd)
it 5905/9765 step 12111649 SPS 714 kl 0.0035 rew 18.18 max_stage 5.31 mult 1.265 | collect 3.08s update 0.24s (7% upd)
it 5910/9765 step 12121901 SPS 714 kl 0.0041 rew 18.18 max_stage 5.31 mult 1.000 | collect 3.07s update 0.35s (10% upd)
it 5915/9765 step 12132158 SPS 714 kl 0.0027 rew 18.18 max_stage 5.31 mult 1.000 | collect 3.02s update 0.34s (10% upd)
it 5920/9765 step 12142425 SPS 714 kl 0.0024 rew 18.18 max_stage 5.31 mult 1.000 | collect 3.08s update 0.34s (10% upd)
it 5925/9765 step 12152683 SPS 713 kl 0.0028 rew 18.18 max_stage 5.31 mult 1.000 | collect 3.08s update 0.34s (10% upd)
it 5930/9765 step 12162944 SPS 713 kl 0.0031 rew 18.18 max_stage 5.31 mult 1.000 | collect 3.29s update 0.35s (10% upd)
it 5935/9765 step 12173202 SPS 713 kl 0.0029 rew 18.23 max_stage 5.33 mult 1.000 | collect 3.15s update 0.35s (10% upd)
it 5940/9765 step 12183455 SPS 713 kl 0.0024 rew 18.23 max_stage 5.33 mult 1.000 | collect 3.16s update 0.34s (10% upd)
it 5945/9765 step 12193715 SPS 713 kl 0.0036 rew 18.23 max_stage 5.33 mult 1.000 | collect 3.05s update 0.34s (10% upd)
it 5950/9765 step 12203973 SPS 713 kl 0.0039 rew 18.20 max_stage 5.32 mult 1.000 | collect 3.07s update 0.33s (10% upd)
it 5955/9765 step 12214234 SPS 713 kl 0.0037 rew 18.20 max_stage 5.32 mult 1.000 | collect 3.16s update 0.35s (10% upd)
it 5960/9765 step 12224487 SPS 713 kl 0.0028 rew 18.26 max_stage 5.33 mult 1.000 | collect 3.27s update 0.34s (9% upd)
it 5965/9765 step 12234751 SPS 713 kl 0.0029 rew 18.26 max_stage 5.33 mult 1.000 | collect 3.13s update 0.33s (10% upd)
it 5970/9765 step 12245013 SPS 712 kl 0.0029 rew 18.26 max_stage 5.33 mult 1.000 | collect 3.05s update 0.35s (10% upd)
it 5975/9765 step 12255275 SPS 712 kl 0.0032 rew 18.26 max_stage 5.33 mult 1.000 | collect 3.18s update 0.33s (9% upd)
it 5980/9765 step 12265528 SPS 712 kl 0.0034 rew 18.27 max_stage 5.34 mult 1.000 | collect 3.13s update 0.34s (10% upd)
it 5985/9765 step 12275792 SPS 712 kl 0.0026 rew 18.27 max_stage 5.34 mult 1.000 | collect 3.25s update 0.34s (9% upd)
it 5990/9765 step 12286060 SPS 712 kl 0.0034 rew 18.27 max_stage 5.34 mult 1.000 | collect 3.04s update 0.34s (10% upd)
it 5995/9765 step 12296308 SPS 712 kl 0.0032 rew 18.22 max_stage 5.33 mult 1.000 | collect 3.12s update 0.34s (10% upd)
it 6000/9765 step 12306560 SPS 712 kl 0.0031 rew 18.22 max_stage 5.33 mult 1.000 | collect 3.14s update 0.34s (10% upd)
it 6005/9765 step 12316818 SPS 712 kl 0.0025 rew 18.22 max_stage 5.33 mult 1.000 | collect 3.09s update 0.34s (10% upd)
it 6010/9765 step 12327085 SPS 711 kl 0.0034 rew 18.23 max_stage 5.34 mult 1.000 | collect 3.10s update 0.35s (10% upd)
it 6015/9765 step 12337340 SPS 711 kl 0.0027 rew 18.23 max_stage 5.34 mult 1.000 | collect 3.03s update 0.35s (10% upd)
it 6020/9765 step 12347595 SPS 711 kl 0.0028 rew 18.22 max_stage 5.34 mult 1.000 | collect 3.10s update 0.34s (10% upd)
it 6025/9765 step 12357851 SPS 711 kl 0.0020 rew 18.22 max_stage 5.34 mult 1.000 | collect 3.10s update 0.35s (10% upd)
it 6030/9765 step 12368098 SPS 711 kl 0.0022 rew 18.22 max_stage 5.34 mult 1.000 | collect 3.33s update 0.34s (9% upd)
it 6035/9765 step 12378359 SPS 711 kl 0.0023 rew 18.34 max_stage 5.38 mult 1.000 | collect 3.07s update 0.34s (10% upd)
it 6040/9765 step 12388627 SPS 711 kl 0.0031 rew 18.34 max_stage 5.38 mult 1.000 | collect 3.24s update 0.36s (10% upd)
it 6045/9765 step 12398882 SPS 711 kl 0.0041 rew 18.34 max_stage 5.38 mult 1.000 | collect 3.12s update 0.33s (10% upd)
it 6050/9765 step 12409142 SPS 711 kl 0.0037 rew 18.34 max_stage 5.38 mult 1.000 | collect 3.08s update 0.34s (10% upd)
it 6055/9765 step 12419393 SPS 710 kl 0.0031 rew 18.34 max_stage 5.38 mult 1.000 | collect 3.04s update 0.34s (10% upd)
it 6060/9765 step 12429656 SPS 710 kl 0.0036 rew 18.34 max_stage 5.38 mult 1.000 | collect 3.19s update 0.34s (10% upd)
it 6065/9765 step 12439914 SPS 710 kl 0.0019 rew 18.34 max_stage 5.38 mult 1.000 | collect 3.19s update 0.35s (10% upd)
it 6070/9765 step 12450165 SPS 710 kl 0.0027 rew 18.34 max_stage 5.38 mult 1.000 | collect 3.17s update 0.35s (10% upd)
it 6075/9765 step 12460423 SPS 710 kl 0.0028 rew 18.34 max_stage 5.38 mult 1.000 | collect 3.13s update 0.35s (10% upd)
it 6080/9765 step 12470680 SPS 710 kl 0.0038 rew 18.32 max_stage 5.39 mult 1.000 | collect 3.18s update 0.35s (10% upd)
it 6085/9765 step 12480947 SPS 710 kl 0.0029 rew 18.32 max_stage 5.39 mult 1.000 | collect 3.02s update 0.35s (10% upd)
it 6090/9765 step 12491203 SPS 710 kl 0.0028 rew 18.32 max_stage 5.39 mult 1.000 | collect 3.12s update 0.35s (10% upd)
it 6095/9765 step 12501455 SPS 709 kl 0.0025 rew 18.24 max_stage 5.39 mult 1.000 | collect 3.05s update 0.34s (10% upd)
it 6100/9765 step 12511715 SPS 709 kl 0.0038 rew 18.25 max_stage 5.40 mult 1.000 | collect 3.11s update 0.39s (11% upd)
it 6105/9765 step 12521971 SPS 709 kl 0.0029 rew 18.25 max_stage 5.40 mult 1.000 | collect 3.12s update 0.33s (10% upd)
it 6110/9765 step 12532223 SPS 709 kl 0.0028 rew 18.25 max_stage 5.40 mult 1.000 | collect 3.13s update 0.35s (10% upd)
it 6115/9765 step 12542480 SPS 709 kl 0.0024 rew 18.31 max_stage 5.40 mult 1.000 | collect 3.09s update 0.35s (10% upd)
it 6120/9765 step 12552740 SPS 709 kl 0.0024 rew 18.31 max_stage 5.42 mult 1.000 | collect 3.06s update 0.35s (10% upd)
it 6125/9765 step 12562992 SPS 709 kl 0.0028 rew 18.39 max_stage 5.43 mult 1.000 | collect 3.14s update 0.34s (10% upd)
it 6130/9765 step 12573244 SPS 709 kl 0.0026 rew 18.40 max_stage 5.43 mult 1.000 | collect 3.09s update 0.34s (10% upd)
it 6135/9765 step 12583499 SPS 709 kl 0.0030 rew 18.40 max_stage 5.43 mult 1.345 | collect 3.13s update 0.33s (9% upd)
it 6140/9765 step 12593763 SPS 708 kl 0.0035 rew 18.40 max_stage 5.43 mult 1.000 | collect 3.10s update 0.35s (10% upd)
it 6145/9765 step 12604020 SPS 708 kl 0.0031 rew 18.40 max_stage 5.43 mult 1.348 | collect 3.05s update 0.18s (5% upd)
it 6150/9765 step 12614280 SPS 708 kl 0.0027 rew 18.37 max_stage 5.42 mult 1.000 | collect 3.08s update 0.34s (10% upd)
it 6155/9765 step 12624528 SPS 708 kl 0.0027 rew 18.37 max_stage 5.42 mult 1.000 | collect 3.21s update 0.33s (9% upd)
it 6160/9765 step 12634790 SPS 708 kl 0.0025 rew 18.37 max_stage 5.42 mult 1.000 | collect 3.11s update 0.34s (10% upd)
it 6165/9765 step 12645051 SPS 708 kl 0.0022 rew 18.37 max_stage 5.42 mult 1.000 | collect 3.08s update 0.35s (10% upd)
it 6170/9765 step 12655308 SPS 708 kl 0.0024 rew 18.41 max_stage 5.42 mult 1.000 | collect 3.04s update 0.36s (11% upd)
it 6175/9765 step 12665571 SPS 708 kl 0.0019 rew 18.41 max_stage 5.42 mult 1.000 | collect 3.00s update 0.42s (12% upd)
it 6180/9765 step 12675832 SPS 708 kl 0.0029 rew 18.41 max_stage 5.42 mult 1.000 | collect 3.05s update 0.34s (10% upd)
it 6185/9765 step 12686089 SPS 707 kl 0.0025 rew 18.41 max_stage 5.42 mult 1.000 | collect 3.05s update 0.37s (11% upd)
it 6190/9765 step 12696340 SPS 707 kl 0.0027 rew 18.41 max_stage 5.42 mult 1.000 | collect 3.18s update 0.35s (10% upd)
it 6195/9765 step 12706595 SPS 707 kl 0.0021 rew 18.41 max_stage 5.42 mult 1.000 | collect 3.15s update 0.34s (10% upd)
it 6200/9765 step 12716849 SPS 707 kl 0.0029 rew 18.41 max_stage 5.42 mult 1.000 | collect 3.14s update 0.34s (10% upd)
it 6205/9765 step 12727109 SPS 707 kl 0.0022 rew 18.41 max_stage 5.42 mult 1.000 | collect 3.15s update 0.34s (10% upd)
it 6210/9765 step 12737372 SPS 707 kl 0.0024 rew 18.39 max_stage 5.42 mult 1.000 | collect 3.18s update 0.34s (10% upd)
it 6215/9765 step 12747622 SPS 707 kl 0.0024 rew 18.35 max_stage 5.41 mult 1.000 | collect 3.08s update 0.33s (10% upd)
it 6220/9765 step 12757879 SPS 707 kl 0.0037 rew 18.35 max_stage 5.41 mult 1.000 | collect 3.06s update 0.35s (10% upd)
it 6225/9765 step 12768139 SPS 707 kl 0.0028 rew 18.35 max_stage 5.41 mult 1.000 | collect 3.20s update 0.35s (10% upd)
it 6230/9765 step 12778391 SPS 706 kl 0.0026 rew 18.29 max_stage 5.39 mult 1.000 | collect 3.11s update 0.34s (10% upd)
it 6235/9765 step 12788649 SPS 706 kl 0.0020 rew 18.25 max_stage 5.38 mult 1.000 | collect 3.22s update 0.35s (10% upd)
it 6240/9765 step 12798909 SPS 706 kl 0.0024 rew 18.25 max_stage 5.38 mult 1.000 | collect 3.06s update 0.35s (10% upd)
it 6245/9765 step 12809168 SPS 706 kl 0.0025 rew 18.25 max_stage 5.38 mult 1.000 | collect 3.15s update 0.34s (10% upd)
it 6250/9765 step 12819430 SPS 706 kl 0.0028 rew 18.25 max_stage 5.38 mult 1.000 | collect 3.32s update 0.34s (9% upd)
it 6255/9765 step 12829682 SPS 706 kl 0.0026 rew 18.21 max_stage 5.35 mult 1.000 | collect 3.07s update 0.34s (10% upd)
it 6260/9765 step 12839930 SPS 706 kl 0.0033 rew 18.21 max_stage 5.35 mult 1.000 | collect 3.12s update 0.34s (10% upd)
it 6265/9765 step 12850193 SPS 706 kl 0.0026 rew 18.17 max_stage 5.34 mult 1.000 | collect 3.23s update 0.33s (9% upd)
it 6270/9765 step 12860457 SPS 706 kl 0.0031 rew 18.17 max_stage 5.36 mult 1.000 | collect 3.16s update 0.36s (10% upd)
it 6275/9765 step 12870702 SPS 705 kl 0.0019 rew 18.17 max_stage 5.36 mult 1.000 | collect 3.05s update 0.35s (10% upd)
it 6280/9765 step 12880963 SPS 705 kl 0.0032 rew 18.17 max_stage 5.36 mult 1.000 | collect 3.02s update 0.35s (10% upd)
it 6285/9765 step 12891217 SPS 705 kl 0.0044 rew 18.17 max_stage 5.36 mult 1.000 | collect 3.25s update 0.34s (9% upd)
it 6290/9765 step 12901479 SPS 705 kl 0.0027 rew 18.17 max_stage 5.36 mult 1.000 | collect 3.19s update 0.35s (10% upd)
it 6295/9765 step 12911740 SPS 705 kl 0.0027 rew 18.17 max_stage 5.36 mult 1.000 | collect 3.05s update 0.34s (10% upd)
it 6300/9765 step 12921999 SPS 705 kl 0.0027 rew 18.32 max_stage 5.38 mult 1.000 | collect 3.32s update 0.35s (10% upd)
it 6305/9765 step 12932245 SPS 705 kl 0.0019 rew 18.44 max_stage 5.38 mult 1.000 | collect 3.21s update 0.34s (10% upd)
it 6310/9765 step 12942503 SPS 705 kl 0.0028 rew 18.44 max_stage 5.38 mult 1.000 | collect 3.23s update 0.35s (10% upd)
it 6315/9765 step 12952759 SPS 705 kl 0.0025 rew 18.44 max_stage 5.38 mult 1.000 | collect 3.25s update 0.35s (10% upd)
it 6320/9765 step 12963016 SPS 704 kl 0.0029 rew 18.44 max_stage 5.38 mult 1.000 | collect 3.09s update 0.34s (10% upd)
it 6325/9765 step 12973277 SPS 704 kl 0.0021 rew 18.44 max_stage 5.38 mult 1.000 | collect 3.19s update 0.33s (9% upd)
it 6330/9765 step 12983543 SPS 704 kl 0.0034 rew 18.44 max_stage 5.38 mult 1.000 | collect 3.19s update 0.34s (10% upd)
it 6335/9765 step 12993793 SPS 704 kl 0.0023 rew 18.44 max_stage 5.38 mult 1.000 | collect 3.17s update 0.34s (10% upd)
it 6340/9765 step 13004054 SPS 704 kl 0.0025 rew 18.41 max_stage 5.38 mult 1.000 | collect 3.09s update 0.35s (10% upd)
it 6345/9765 step 13014306 SPS 704 kl 0.0025 rew 18.57 max_stage 5.40 mult 1.000 | collect 3.02s update 0.40s (12% upd)
it 6350/9765 step 13024560 SPS 704 kl 0.0025 rew 18.57 max_stage 5.40 mult 1.000 | collect 3.01s update 0.39s (11% upd)
it 6355/9765 step 13034814 SPS 704 kl 0.0026 rew 18.50 max_stage 5.38 mult 1.000 | collect 3.08s update 0.37s (11% upd)
it 6360/9765 step 13045077 SPS 704 kl 0.0024 rew 18.50 max_stage 5.38 mult 1.000 | collect 3.10s update 0.34s (10% upd)
it 6365/9765 step 13055332 SPS 704 kl 0.0021 rew 18.43 max_stage 5.38 mult 1.000 | collect 3.10s update 0.33s (10% upd)
it 6370/9765 step 13065583 SPS 703 kl 0.0031 rew 18.43 max_stage 5.38 mult 1.000 | collect 3.09s update 0.34s (10% upd)
it 6375/9765 step 13075837 SPS 703 kl 0.0018 rew 18.43 max_stage 5.38 mult 1.440 | collect 3.24s update 0.18s (5% upd)
it 6380/9765 step 13086097 SPS 703 kl 0.0026 rew 18.43 max_stage 5.38 mult 1.000 | collect 3.13s update 0.34s (10% upd)
it 6385/9765 step 13096345 SPS 703 kl 0.0037 rew 18.43 max_stage 5.38 mult 1.000 | collect 3.10s update 0.34s (10% upd)
it 6390/9765 step 13106596 SPS 703 kl 0.0022 rew 18.43 max_stage 5.38 mult 1.000 | collect 3.22s update 0.34s (10% upd)
it 6395/9765 step 13116847 SPS 703 kl 0.0022 rew 18.43 max_stage 5.38 mult 1.000 | collect 3.16s update 0.34s (10% upd)
it 6400/9765 step 13127104 SPS 703 kl 0.0020 rew 18.43 max_stage 5.38 mult 1.000 | collect 3.08s update 0.34s (10% upd)
it 6405/9765 step 13137364 SPS 703 kl 0.0024 rew 18.43 max_stage 5.38 mult 1.000 | collect 3.12s update 0.34s (10% upd)
it 6410/9765 step 13147622 SPS 703 kl 0.0025 rew 18.40 max_stage 5.38 mult 1.000 | collect 3.20s update 0.35s (10% upd)
it 6415/9765 step 13157882 SPS 703 kl 0.0031 rew 18.40 max_stage 5.38 mult 1.000 | collect 3.04s update 0.34s (10% upd)
it 6420/9765 step 13168130 SPS 702 kl 0.0026 rew 18.40 max_stage 5.38 mult 1.459 | collect 3.07s update 0.26s (8% upd)
it 6425/9765 step 13178385 SPS 702 kl 0.0024 rew 18.40 max_stage 5.38 mult 1.461 | collect 3.25s update 0.26s (7% upd)
it 6430/9765 step 13188646 SPS 702 kl 0.0032 rew 18.39 max_stage 5.39 mult 1.000 | collect 3.02s update 0.35s (10% upd)
it 6435/9765 step 13198902 SPS 702 kl 0.0028 rew 18.35 max_stage 5.40 mult 1.000 | collect 3.11s update 0.35s (10% upd)
it 6440/9765 step 13209166 SPS 702 kl 0.0027 rew 18.35 max_stage 5.40 mult 1.000 | collect 3.13s update 0.35s (10% upd)
it 6445/9765 step 13219423 SPS 702 kl 0.0024 rew 18.33 max_stage 5.38 mult 1.000 | collect 3.07s update 0.34s (10% upd)
it 6450/9765 step 13229677 SPS 702 kl 0.0031 rew 18.33 max_stage 5.38 mult 1.000 | collect 3.14s update 0.34s (10% upd)
it 6455/9765 step 13239931 SPS 702 kl 0.0028 rew 18.36 max_stage 5.39 mult 1.000 | collect 3.08s update 0.33s (10% upd)
it 6460/9765 step 13250186 SPS 702 kl 0.0029 rew 18.32 max_stage 5.38 mult 1.000 | collect 3.18s update 0.33s (10% upd)
it 6465/9765 step 13260447 SPS 701 kl 0.0025 rew 18.20 max_stage 5.37 mult 1.479 | collect 3.06s update 0.23s (7% upd)
it 6470/9765 step 13270695 SPS 701 kl 0.0019 rew 18.20 max_stage 5.37 mult 1.000 | collect 3.10s update 0.34s (10% upd)
it 6475/9765 step 13280951 SPS 701 kl 0.0023 rew 18.20 max_stage 5.37 mult 1.000 | collect 3.21s update 0.34s (10% upd)
it 6480/9765 step 13291205 SPS 701 kl 0.0020 rew 18.20 max_stage 5.37 mult 1.000 | collect 3.15s update 0.34s (10% upd)
it 6485/9765 step 13301463 SPS 701 kl 0.0024 rew 18.20 max_stage 5.37 mult 1.000 | collect 3.12s update 0.35s (10% upd)
it 6490/9765 step 13311721 SPS 701 kl 0.0021 rew 18.19 max_stage 5.37 mult 1.000 | collect 3.09s update 0.35s (10% upd)
it 6495/9765 step 13321976 SPS 701 kl 0.0020 rew 18.19 max_stage 5.37 mult 1.000 | collect 3.13s update 0.35s (10% upd)
it 6500/9765 step 13332235 SPS 701 kl 0.0027 rew 18.19 max_stage 5.37 mult 1.000 | collect 3.07s update 0.35s (10% upd)
it 6505/9765 step 13342501 SPS 701 kl 0.0028 rew 18.19 max_stage 5.37 mult 1.000 | collect 3.14s update 0.35s (10% upd)
it 6510/9765 step 13352753 SPS 701 kl 0.0032 rew 18.19 max_stage 5.37 mult 1.000 | collect 3.06s update 0.34s (10% upd)
it 6515/9765 step 13363014 SPS 701 kl 0.0022 rew 18.18 max_stage 5.37 mult 1.000 | collect 3.20s update 0.34s (10% upd)
it 6520/9765 step 13373273 SPS 700 kl 0.0025 rew 18.13 max_stage 5.37 mult 1.000 | collect 3.10s update 0.35s (10% upd)
it 6525/9765 step 13383535 SPS 700 kl 0.0024 rew 18.13 max_stage 5.37 mult 1.000 | collect 3.09s update 0.34s (10% upd)
it 6530/9765 step 13393794 SPS 700 kl 0.0017 rew 18.13 max_stage 5.37 mult 1.000 | collect 2.95s update 0.34s (10% upd)
it 6535/9765 step 13404050 SPS 700 kl 0.0021 rew 18.13 max_stage 5.37 mult 1.000 | collect 3.11s update 0.35s (10% upd)
it 6540/9765 step 13414311 SPS 700 kl 0.0019 rew 18.13 max_stage 5.37 mult 1.000 | collect 3.43s update 0.35s (9% upd)
it 6545/9765 step 13424560 SPS 700 kl 0.0036 rew 18.19 max_stage 5.38 mult 1.000 | collect 3.81s update 0.39s (9% upd)
it 6550/9765 step 13434817 SPS 700 kl 0.0022 rew 18.19 max_stage 5.38 mult 1.000 | collect 3.92s update 0.40s (9% upd)
it 6555/9765 step 13445071 SPS 699 kl 0.0026 rew 18.19 max_stage 5.38 mult 1.521 | collect 3.98s update 0.34s (8% upd)
it 6560/9765 step 13455333 SPS 699 kl 0.0029 rew 18.19 max_stage 5.38 mult 1.000 | collect 3.90s update 0.39s (9% upd)
it 6565/9765 step 13465599 SPS 699 kl 0.0031 rew 18.19 max_stage 5.38 mult 1.000 | collect 3.90s update 0.40s (9% upd)
it 6570/9765 step 13475855 SPS 699 kl 0.0024 rew 18.09 max_stage 5.37 mult 1.000 | collect 3.90s update 0.40s (9% upd)
it 6575/9765 step 13486106 SPS 698 kl 0.0025 rew 18.09 max_stage 5.37 mult 1.000 | collect 3.80s update 0.41s (10% upd)
it 6580/9765 step 13496359 SPS 698 kl 0.0028 rew 18.11 max_stage 5.38 mult 1.000 | collect 3.77s update 0.40s (10% upd)
it 6585/9765 step 13506617 SPS 698 kl 0.0020 rew 18.08 max_stage 5.38 mult 1.000 | collect 3.85s update 0.38s (9% upd)
it 6590/9765 step 13516871 SPS 698 kl 0.0023 rew 18.11 max_stage 5.40 mult 1.000 | collect 3.62s update 0.38s (10% upd)
it 6595/9765 step 13527123 SPS 698 kl 0.0020 rew 18.11 max_stage 5.40 mult 1.000 | collect 3.83s update 0.40s (10% upd)
it 6600/9765 step 13537383 SPS 697 kl 0.0020 rew 18.11 max_stage 5.40 mult 1.000 | collect 3.86s update 0.40s (9% upd)
it 6605/9765 step 13547651 SPS 697 kl 0.0020 rew 18.11 max_stage 5.40 mult 1.000 | collect 3.48s update 0.34s (9% upd)
it 6610/9765 step 13557906 SPS 697 kl 0.0014 rew 18.13 max_stage 5.40 mult 1.000 | collect 3.83s update 0.40s (9% upd)
it 6615/9765 step 13568167 SPS 697 kl 0.0027 rew 18.13 max_stage 5.40 mult 1.000 | collect 3.86s update 0.40s (9% upd)
it 6620/9765 step 13578423 SPS 696 kl 0.0027 rew 18.13 max_stage 5.40 mult 1.000 | collect 4.01s update 0.41s (9% upd)
it 6625/9765 step 13588673 SPS 696 kl 0.0019 rew 18.13 max_stage 5.41 mult 1.000 | collect 3.85s update 0.40s (9% upd)
it 6630/9765 step 13598930 SPS 696 kl 0.0023 rew 18.15 max_stage 5.39 mult 1.000 | collect 3.90s update 0.39s (9% upd)
it 6635/9765 step 13609199 SPS 696 kl 0.0018 rew 18.07 max_stage 5.38 mult 1.000 | collect 3.81s update 0.48s (11% upd)
it 6640/9765 step 13619453 SPS 696 kl 0.0021 rew 18.05 max_stage 5.36 mult 1.000 | collect 3.68s update 0.48s (12% upd)
it 6645/9765 step 13629719 SPS 695 kl 0.0021 rew 18.05 max_stage 5.36 mult 1.000 | collect 3.75s update 0.33s (8% upd)
it 6650/9765 step 13639982 SPS 695 kl 0.0019 rew 18.00 max_stage 5.34 mult 1.000 | collect 3.77s update 0.39s (9% upd)
it 6655/9765 step 13650242 SPS 695 kl 0.0028 rew 18.00 max_stage 5.34 mult 1.000 | collect 3.79s update 0.39s (9% upd)
it 6660/9765 step 13660495 SPS 695 kl 0.0018 rew 18.03 max_stage 5.34 mult 1.000 | collect 3.73s update 0.33s (8% upd)
it 6665/9765 step 13670754 SPS 695 kl 0.0021 rew 18.03 max_stage 5.34 mult 1.000 | collect 3.81s update 0.40s (10% upd)
it 6670/9765 step 13681004 SPS 694 kl 0.0024 rew 18.03 max_stage 5.34 mult 1.000 | collect 3.57s update 0.41s (10% upd)
it 6675/9765 step 13691259 SPS 694 kl 0.0027 rew 18.03 max_stage 5.34 mult 1.000 | collect 3.93s update 0.39s (9% upd)
it 6680/9765 step 13701508 SPS 694 kl 0.0021 rew 18.03 max_stage 5.34 mult 1.000 | collect 3.73s update 0.40s (10% upd)
it 6685/9765 step 13711767 SPS 694 kl 0.0020 rew 18.03 max_stage 5.34 mult 1.000 | collect 3.87s update 0.40s (9% upd)
it 6690/9765 step 13722021 SPS 694 kl 0.0029 rew 17.93 max_stage 5.33 mult 1.000 | collect 3.54s update 0.33s (9% upd)
it 6695/9765 step 13732277 SPS 693 kl 0.0021 rew 17.88 max_stage 5.31 mult 1.000 | collect 3.97s update 0.39s (9% upd)
it 6700/9765 step 13742544 SPS 693 kl 0.0029 rew 17.88 max_stage 5.31 mult 1.000 | collect 3.83s update 0.39s (9% upd)
it 6705/9765 step 13752792 SPS 693 kl 0.0022 rew 17.79 max_stage 5.29 mult 1.595 | collect 3.84s update 0.19s (5% upd)
it 6710/9765 step 13763045 SPS 693 kl 0.0026 rew 17.79 max_stage 5.29 mult 1.598 | collect 3.76s update 0.27s (7% upd)
it 6715/9765 step 13773308 SPS 692 kl 0.0026 rew 17.79 max_stage 5.29 mult 1.000 | collect 3.86s update 0.39s (9% upd)
it 6720/9765 step 13783567 SPS 692 kl 0.0020 rew 17.79 max_stage 5.29 mult 1.000 | collect 3.06s update 0.37s (11% upd)
it 6725/9765 step 13793820 SPS 692 kl 0.0021 rew 17.79 max_stage 5.29 mult 1.000 | collect 2.93s update 0.37s (11% upd)
it 6730/9765 step 13804076 SPS 692 kl 0.0021 rew 17.88 max_stage 5.32 mult 1.000 | collect 2.96s update 0.41s (12% upd)
it 6735/9765 step 13814333 SPS 692 kl 0.0023 rew 17.92 max_stage 5.34 mult 1.000 | collect 3.02s update 0.36s (11% upd)
it 6740/9765 step 13824596 SPS 692 kl 0.0021 rew 17.92 max_stage 5.34 mult 1.000 | collect 3.12s update 0.33s (10% upd)
it 6745/9765 step 13834851 SPS 692 kl 0.0038 rew 17.92 max_stage 5.34 mult 1.000 | collect 3.00s update 0.36s (11% upd)
it 6750/9765 step 13845118 SPS 692 kl 0.0020 rew 17.92 max_stage 5.34 mult 1.000 | collect 3.00s update 0.38s (11% upd)
it 6755/9765 step 13855380 SPS 692 kl 0.0021 rew 18.05 max_stage 5.37 mult 1.000 | collect 3.08s update 0.36s (10% upd)
it 6760/9765 step 13865627 SPS 692 kl 0.0026 rew 18.05 max_stage 5.37 mult 1.000 | collect 3.08s update 0.33s (10% upd)
it 6765/9765 step 13875883 SPS 692 kl 0.0018 rew 18.05 max_stage 5.37 mult 1.000 | collect 3.09s update 0.35s (10% upd)
it 6770/9765 step 13886144 SPS 692 kl 0.0021 rew 18.04 max_stage 5.36 mult 1.000 | collect 3.10s update 0.34s (10% upd)
it 6775/9765 step 13896411 SPS 691 kl 0.0020 rew 18.04 max_stage 5.36 mult 1.000 | collect 3.15s update 0.34s (10% upd)
it 6780/9765 step 13906673 SPS 691 kl 0.0017 rew 18.04 max_stage 5.36 mult 1.000 | collect 3.15s update 0.34s (10% upd)
it 6785/9765 step 13916943 SPS 691 kl 0.0018 rew 18.07 max_stage 5.37 mult 1.000 | collect 3.21s update 0.33s (9% upd)
it 6790/9765 step 13927196 SPS 691 kl 0.0020 rew 18.07 max_stage 5.37 mult 1.000 | collect 3.06s update 0.33s (10% upd)
it 6795/9765 step 13937449 SPS 691 kl 0.0020 rew 18.07 max_stage 5.37 mult 1.000 | collect 3.06s update 0.33s (10% upd)
it 6800/9765 step 13947713 SPS 691 kl 0.0013 rew 18.07 max_stage 5.37 mult 1.000 | collect 3.03s update 0.33s (10% upd)
it 6805/9765 step 13957968 SPS 691 kl 0.0017 rew 18.07 max_stage 5.37 mult 1.000 | collect 3.05s update 0.33s (10% upd)
it 6810/9765 step 13968223 SPS 691 kl 0.0019 rew 18.07 max_stage 5.37 mult 1.000 | collect 3.05s update 0.33s (10% upd)
it 6815/9765 step 13978489 SPS 691 kl 0.0024 rew 18.11 max_stage 5.37 mult 1.000 | collect 3.08s update 0.33s (10% upd)
it 6820/9765 step 13988753 SPS 691 kl 0.0022 rew 18.15 max_stage 5.38 mult 1.000 | collect 3.22s update 0.33s (9% upd)
it 6825/9765 step 13999010 SPS 691 kl 0.0018 rew 18.23 max_stage 5.39 mult 1.000 | collect 3.06s update 0.34s (10% upd)
it 6830/9765 step 14009269 SPS 691 kl 0.0015 rew 18.23 max_stage 5.39 mult 1.000 | collect 3.05s update 0.34s (10% upd)
it 6835/9765 step 14019534 SPS 691 kl 0.0021 rew 18.18 max_stage 5.37 mult 1.000 | collect 3.15s update 0.34s (10% upd)
it 6840/9765 step 14029789 SPS 690 kl 0.0024 rew 18.19 max_stage 5.38 mult 1.000 | collect 3.11s update 0.35s (10% upd)
it 6845/9765 step 14040042 SPS 690 kl 0.0021 rew 18.19 max_stage 5.38 mult 1.000 | collect 3.04s update 0.34s (10% upd)
it 6850/9765 step 14050301 SPS 690 kl 0.0018 rew 18.30 max_stage 5.38 mult 1.000 | collect 3.10s update 0.33s (10% upd)
it 6855/9765 step 14060556 SPS 690 kl 0.0021 rew 18.23 max_stage 5.37 mult 1.000 | collect 3.11s update 0.35s (10% upd)
it 6860/9765 step 14070807 SPS 690 kl 0.0022 rew 18.23 max_stage 5.37 mult 1.000 | collect 3.03s update 0.35s (10% upd)
it 6865/9765 step 14081071 SPS 690 kl 0.0015 rew 18.30 max_stage 5.38 mult 1.000 | collect 3.09s update 0.34s (10% upd)
it 6870/9765 step 14091326 SPS 690 kl 0.0018 rew 18.30 max_stage 5.38 mult 1.000 | collect 3.07s update 0.33s (10% upd)
it 6875/9765 step 14101590 SPS 690 kl 0.0015 rew 18.29 max_stage 5.39 mult 1.000 | collect 3.23s update 0.33s (9% upd)
it 6880/9765 step 14111846 SPS 690 kl 0.0023 rew 18.29 max_stage 5.39 mult 1.000 | collect 3.17s update 0.34s (10% upd)
it 6885/9765 step 14122102 SPS 690 kl 0.0020 rew 18.29 max_stage 5.39 mult 1.000 | collect 3.08s update 0.35s (10% upd)
it 6890/9765 step 14132360 SPS 690 kl 0.0025 rew 18.29 max_stage 5.39 mult 1.000 | collect 3.02s update 0.33s (10% upd)
it 6895/9765 step 14142626 SPS 690 kl 0.0026 rew 18.29 max_stage 5.39 mult 1.000 | collect 3.03s update 0.33s (10% upd)
it 6900/9765 step 14152876 SPS 689 kl 0.0021 rew 18.29 max_stage 5.39 mult 1.000 | collect 3.06s update 0.34s (10% upd)
it 6905/9765 step 14163121 SPS 689 kl 0.0018 rew 18.29 max_stage 5.39 mult 1.000 | collect 3.55s update 0.33s (9% upd)
it 6910/9765 step 14173370 SPS 689 kl 0.0029 rew 18.35 max_stage 5.39 mult 1.000 | collect 3.75s update 0.38s (9% upd)
it 6915/9765 step 14183625 SPS 689 kl 0.0018 rew 18.35 max_stage 5.39 mult 1.000 | collect 3.79s update 0.39s (9% upd)
it 6920/9765 step 14193883 SPS 689 kl 0.0020 rew 18.39 max_stage 5.39 mult 1.000 | collect 3.93s update 0.40s (9% upd)
it 6925/9765 step 14204133 SPS 689 kl 0.0025 rew 18.54 max_stage 5.42 mult 1.719 | collect 3.89s update 0.38s (9% upd)
it 6930/9765 step 14214385 SPS 688 kl 0.0020 rew 18.54 max_stage 5.42 mult 1.000 | collect 3.86s update 0.33s (8% upd)
it 6935/9765 step 14224645 SPS 688 kl 0.0019 rew 18.60 max_stage 5.43 mult 1.000 | collect 4.04s update 0.39s (9% upd)
it 6940/9765 step 14234902 SPS 688 kl 0.0014 rew 18.60 max_stage 5.43 mult 1.000 | collect 3.63s update 0.33s (8% upd)
it 6945/9765 step 14245157 SPS 688 kl 0.0018 rew 18.60 max_stage 5.43 mult 1.000 | collect 3.91s update 0.39s (9% upd)
it 6950/9765 step 14255408 SPS 688 kl 0.0020 rew 18.57 max_stage 5.42 mult 1.000 | collect 4.00s update 0.40s (9% upd)
it 6955/9765 step 14265662 SPS 687 kl 0.0021 rew 18.57 max_stage 5.42 mult 1.000 | collect 3.94s update 0.39s (9% upd)
it 6960/9765 step 14275917 SPS 687 kl 0.0018 rew 18.46 max_stage 5.41 mult 1.000 | collect 3.93s update 0.39s (9% upd)
it 6965/9765 step 14286177 SPS 687 kl 0.0018 rew 18.46 max_stage 5.41 mult 1.000 | collect 3.95s update 0.41s (9% upd)
it 6970/9765 step 14296426 SPS 687 kl 0.0021 rew 18.46 max_stage 5.41 mult 1.000 | collect 3.29s update 0.36s (10% upd)
it 6975/9765 step 14306687 SPS 687 kl 0.0018 rew 18.46 max_stage 5.41 mult 1.000 | collect 3.88s update 0.39s (9% upd)
it 6980/9765 step 14316951 SPS 686 kl 0.0024 rew 18.46 max_stage 5.41 mult 1.000 | collect 3.62s update 0.40s (10% upd)
it 6985/9765 step 14327201 SPS 686 kl 0.0023 rew 18.46 max_stage 5.41 mult 1.000 | collect 3.92s update 0.41s (9% upd)
it 6990/9765 step 14337470 SPS 686 kl 0.0014 rew 18.46 max_stage 5.41 mult 1.000 | collect 3.91s update 0.39s (9% upd)
it 6995/9765 step 14347719 SPS 686 kl 0.0022 rew 18.42 max_stage 5.39 mult 1.000 | collect 3.92s update 0.39s (9% upd)
it 7000/9765 step 14357986 SPS 686 kl 0.0021 rew 18.42 max_stage 5.39 mult 1.000 | collect 3.93s update 0.41s (9% upd)
it 7005/9765 step 14368237 SPS 685 kl 0.0025 rew 18.42 max_stage 5.39 mult 1.768 | collect 3.96s update 0.36s (8% upd)
it 7010/9765 step 14378491 SPS 685 kl 0.0017 rew 18.38 max_stage 5.38 mult 1.000 | collect 3.15s update 0.39s (11% upd)
it 7015/9765 step 14388750 SPS 685 kl 0.0020 rew 18.38 max_stage 5.38 mult 1.000 | collect 4.03s update 0.39s (9% upd)
it 7020/9765 step 14399017 SPS 685 kl 0.0016 rew 18.38 max_stage 5.38 mult 1.000 | collect 3.88s update 0.40s (9% upd)
it 7025/9765 step 14409277 SPS 685 kl 0.0014 rew 18.38 max_stage 5.38 mult 1.000 | collect 3.77s update 0.39s (9% upd)
it 7030/9765 step 14419535 SPS 684 kl 0.0015 rew 18.39 max_stage 5.38 mult 1.000 | collect 3.89s update 0.39s (9% upd)
it 7035/9765 step 14429798 SPS 684 kl 0.0017 rew 18.39 max_stage 5.38 mult 1.000 | collect 3.94s update 0.39s (9% upd)
it 7040/9765 step 14440065 SPS 684 kl 0.0016 rew 18.39 max_stage 5.38 mult 1.000 | collect 3.38s update 0.37s (10% upd)
it 7045/9765 step 14450316 SPS 684 kl 0.0018 rew 18.39 max_stage 5.38 mult 1.000 | collect 3.97s update 0.39s (9% upd)
it 7050/9765 step 14460576 SPS 683 kl 0.0026 rew 18.39 max_stage 5.38 mult 1.000 | collect 3.80s update 0.40s (9% upd)
it 7055/9765 step 14470836 SPS 683 kl 0.0016 rew 18.40 max_stage 5.39 mult 1.000 | collect 3.91s update 0.39s (9% upd)
it 7060/9765 step 14481089 SPS 683 kl 0.0017 rew 18.40 max_stage 5.39 mult 1.000 | collect 3.34s update 0.33s (9% upd)
it 7065/9765 step 14491338 SPS 683 kl 0.0022 rew 18.43 max_stage 5.41 mult 1.000 | collect 4.07s update 0.39s (9% upd)
it 7070/9765 step 14501598 SPS 683 kl 0.0016 rew 18.43 max_stage 5.41 mult 1.000 | collect 3.83s update 0.40s (10% upd)
it 7075/9765 step 14511853 SPS 683 kl 0.0015 rew 18.43 max_stage 5.41 mult 1.000 | collect 4.03s update 0.39s (9% upd)
it 7080/9765 step 14522112 SPS 682 kl 0.0017 rew 18.43 max_stage 5.41 mult 1.000 | collect 3.95s update 0.39s (9% upd)
it 7085/9765 step 14532366 SPS 682 kl 0.0020 rew 18.43 max_stage 5.41 mult 1.000 | collect 3.60s update 0.41s (10% upd)
it 7090/9765 step 14542618 SPS 682 kl 0.0020 rew 18.43 max_stage 5.41 mult 1.000 | collect 4.10s update 0.39s (9% upd)
it 7095/9765 step 14552865 SPS 682 kl 0.0021 rew 18.34 max_stage 5.39 mult 1.000 | collect 3.96s update 0.39s (9% upd)
it 7100/9765 step 14563127 SPS 682 kl 0.0017 rew 18.34 max_stage 5.39 mult 1.000 | collect 3.82s update 0.40s (9% upd)
it 7105/9765 step 14573380 SPS 681 kl 0.0015 rew 18.30 max_stage 5.38 mult 1.000 | collect 3.57s update 0.41s (10% upd)
it 7110/9765 step 14583646 SPS 681 kl 0.0013 rew 18.36 max_stage 5.42 mult 1.000 | collect 3.94s update 0.45s (10% upd)
it 7115/9765 step 14593903 SPS 681 kl 0.0014 rew 18.36 max_stage 5.42 mult 1.000 | collect 3.91s update 0.41s (9% upd)
it 7120/9765 step 14604156 SPS 681 kl 0.0017 rew 18.36 max_stage 5.42 mult 1.000 | collect 3.94s update 0.45s (10% upd)
it 7125/9765 step 14614425 SPS 681 kl 0.0014 rew 18.36 max_stage 5.42 mult 1.000 | collect 3.93s update 0.45s (10% upd)
it 7130/9765 step 14624686 SPS 680 kl 0.0016 rew 18.42 max_stage 5.43 mult 1.000 | collect 4.07s update 0.40s (9% upd)
it 7135/9765 step 14634947 SPS 680 kl 0.0020 rew 18.39 max_stage 5.42 mult 1.000 | collect 3.79s update 0.50s (12% upd)
it 7140/9765 step 14645212 SPS 680 kl 0.0041 rew 18.39 max_stage 5.42 mult 1.000 | collect 3.10s update 0.40s (12% upd)
it 7145/9765 step 14655466 SPS 680 kl 0.0015 rew 18.39 max_stage 5.42 mult 1.000 | collect 4.04s update 0.40s (9% upd)
it 7150/9765 step 14665724 SPS 680 kl 0.0014 rew 18.39 max_stage 5.42 mult 1.000 | collect 3.87s update 0.40s (9% upd)
it 7155/9765 step 14675973 SPS 679 kl 0.0024 rew 18.39 max_stage 5.42 mult 1.000 | collect 3.26s update 0.41s (11% upd)
it 7160/9765 step 14686228 SPS 679 kl 0.0013 rew 18.39 max_stage 5.42 mult 1.000 | collect 3.98s update 0.40s (9% upd)
it 7165/9765 step 14696481 SPS 679 kl 0.0016 rew 18.39 max_stage 5.42 mult 1.000 | collect 3.79s update 0.39s (9% upd)
it 7170/9765 step 14706742 SPS 679 kl 0.0016 rew 18.39 max_stage 5.42 mult 1.000 | collect 3.92s update 0.46s (11% upd)
it 7175/9765 step 14716993 SPS 679 kl 0.0017 rew 18.39 max_stage 5.42 mult 1.000 | collect 4.07s update 0.40s (9% upd)
it 7180/9765 step 14727250 SPS 679 kl 0.0017 rew 18.39 max_stage 5.42 mult 1.000 | collect 3.60s update 0.44s (11% upd)
it 7185/9765 step 14737506 SPS 678 kl 0.0016 rew 18.36 max_stage 5.41 mult 1.000 | collect 3.83s update 0.45s (11% upd)
it 7190/9765 step 14747765 SPS 678 kl 0.0017 rew 18.36 max_stage 5.41 mult 1.000 | collect 3.86s update 0.45s (10% upd)
it 7195/9765 step 14758021 SPS 678 kl 0.0024 rew 18.36 max_stage 5.41 mult 1.000 | collect 3.45s update 0.36s (9% upd)
it 7200/9765 step 14768283 SPS 678 kl 0.0018 rew 18.35 max_stage 5.39 mult 1.000 | collect 3.56s update 0.39s (10% upd)
it 7205/9765 step 14778546 SPS 678 kl 0.0018 rew 18.35 max_stage 5.39 mult 1.000 | collect 3.89s update 0.39s (9% upd)
it 7210/9765 step 14788805 SPS 677 kl 0.0015 rew 18.35 max_stage 5.39 mult 1.000 | collect 4.06s update 0.40s (9% upd)
it 7215/9765 step 14799067 SPS 677 kl 0.0020 rew 18.35 max_stage 5.39 mult 1.000 | collect 3.80s update 0.43s (10% upd)
it 7220/9765 step 14809322 SPS 677 kl 0.0016 rew 18.34 max_stage 5.39 mult 1.000 | collect 3.95s update 0.41s (9% upd)
it 7225/9765 step 14819578 SPS 677 kl 0.0018 rew 18.34 max_stage 5.39 mult 1.000 | collect 3.90s update 0.39s (9% upd)
it 7230/9765 step 14829839 SPS 677 kl 0.0012 rew 18.34 max_stage 5.39 mult 1.000 | collect 3.89s update 0.39s (9% upd)
it 7235/9765 step 14840093 SPS 676 kl 0.0014 rew 18.34 max_stage 5.39 mult 1.000 | collect 3.71s update 0.41s (10% upd)
it 7240/9765 step 14850346 SPS 676 kl 0.0021 rew 18.47 max_stage 5.42 mult 1.000 | collect 3.85s update 0.39s (9% upd)
it 7245/9765 step 14860595 SPS 676 kl 0.0018 rew 18.47 max_stage 5.42 mult 1.000 | collect 3.84s update 0.39s (9% upd)
it 7250/9765 step 14870852 SPS 676 kl 0.0018 rew 18.47 max_stage 5.42 mult 1.000 | collect 4.06s update 0.39s (9% upd)
it 7255/9765 step 14881110 SPS 676 kl 0.0013 rew 18.47 max_stage 5.42 mult 1.000 | collect 3.62s update 0.41s (10% upd)
it 7260/9765 step 14891361 SPS 676 kl 0.0018 rew 18.47 max_stage 5.42 mult 1.000 | collect 3.70s update 0.40s (10% upd)
it 7265/9765 step 14901627 SPS 675 kl 0.0016 rew 18.47 max_stage 5.42 mult 1.000 | collect 3.93s update 0.40s (9% upd)
it 7270/9765 step 14911885 SPS 675 kl 0.0016 rew 18.47 max_stage 5.42 mult 1.000 | collect 3.91s update 0.40s (9% upd)
it 7275/9765 step 14922143 SPS 675 kl 0.0013 rew 18.47 max_stage 5.42 mult 1.000 | collect 3.89s update 0.39s (9% upd)
it 7280/9765 step 14932408 SPS 675 kl 0.0017 rew 18.47 max_stage 5.42 mult 1.000 | collect 4.04s update 0.40s (9% upd)
it 7285/9765 step 14942669 SPS 675 kl 0.0017 rew 18.37 max_stage 5.42 mult 1.000 | collect 3.28s update 0.34s (9% upd)
it 7290/9765 step 14952933 SPS 674 kl 0.0016 rew 18.37 max_stage 5.42 mult 1.000 | collect 3.66s update 0.38s (9% upd)
it 7295/9765 step 14963196 SPS 674 kl 0.0016 rew 18.37 max_stage 5.42 mult 1.000 | collect 4.02s update 0.41s (9% upd)
it 7300/9765 step 14973456 SPS 674 kl 0.0012 rew 18.37 max_stage 5.42 mult 1.000 | collect 3.98s update 0.41s (9% upd)
it 7305/9765 step 14983712 SPS 674 kl 0.0022 rew 18.46 max_stage 5.43 mult 1.000 | collect 3.93s update 0.40s (9% upd)
it 7310/9765 step 14993963 SPS 674 kl 0.0012 rew 18.39 max_stage 5.44 mult 1.000 | collect 3.97s update 0.39s (9% upd)
it 7315/9765 step 15004218 SPS 673 kl 0.0014 rew 18.34 max_stage 5.43 mult 1.000 | collect 3.96s update 0.41s (9% upd)
it 7320/9765 step 15014481 SPS 673 kl 0.0017 rew 18.34 max_stage 5.43 mult 1.000 | collect 3.87s update 0.39s (9% upd)
it 7325/9765 step 15024737 SPS 673 kl 0.0016 rew 18.34 max_stage 5.43 mult 1.000 | collect 3.97s update 0.39s (9% upd)
it 7330/9765 step 15035003 SPS 673 kl 0.0016 rew 18.34 max_stage 5.43 mult 1.000 | collect 4.06s update 0.40s (9% upd)
it 7335/9765 step 15045247 SPS 673 kl 0.0017 rew 18.28 max_stage 5.42 mult 1.000 | collect 3.89s update 0.40s (9% upd)
it 7340/9765 step 15055503 SPS 673 kl 0.0016 rew 18.28 max_stage 5.42 mult 1.000 | collect 3.87s update 0.39s (9% upd)
it 7345/9765 step 15065751 SPS 672 kl 0.0014 rew 18.28 max_stage 5.42 mult 1.000 | collect 3.90s update 0.41s (9% upd)
it 7350/9765 step 15076009 SPS 672 kl 0.0019 rew 18.29 max_stage 5.42 mult 1.000 | collect 3.96s update 0.39s (9% upd)
it 7355/9765 step 15086267 SPS 672 kl 0.0015 rew 18.41 max_stage 5.45 mult 1.000 | collect 4.01s update 0.39s (9% upd)
it 7360/9765 step 15096523 SPS 672 kl 0.0020 rew 18.41 max_stage 5.45 mult 1.000 | collect 3.94s update 0.39s (9% upd)
it 7365/9765 step 15106782 SPS 672 kl 0.0018 rew 18.42 max_stage 5.46 mult 1.000 | collect 3.92s update 0.39s (9% upd)
it 7370/9765 step 15117050 SPS 671 kl 0.0020 rew 18.47 max_stage 5.46 mult 1.000 | collect 3.94s update 0.39s (9% upd)
it 7375/9765 step 15127306 SPS 671 kl 0.0012 rew 18.47 max_stage 5.46 mult 1.000 | collect 3.80s update 0.40s (10% upd)
it 7380/9765 step 15137559 SPS 671 kl 0.0016 rew 18.47 max_stage 5.46 mult 1.000 | collect 3.89s update 0.40s (9% upd)
it 7385/9765 step 15147824 SPS 671 kl 0.0011 rew 18.47 max_stage 5.46 mult 1.000 | collect 3.51s update 0.37s (10% upd)
it 7390/9765 step 15158079 SPS 671 kl 0.0009 rew 18.47 max_stage 5.46 mult 1.000 | collect 3.97s update 0.43s (10% upd)
it 7395/9765 step 15168337 SPS 671 kl 0.0012 rew 18.47 max_stage 5.46 mult 1.000 | collect 3.88s update 0.41s (9% upd)
it 7400/9765 step 15178596 SPS 670 kl 0.0014 rew 18.47 max_stage 5.46 mult 1.000 | collect 3.94s update 0.40s (9% upd)
it 7405/9765 step 15188860 SPS 670 kl 0.0015 rew 18.50 max_stage 5.46 mult 1.000 | collect 4.06s update 0.41s (9% upd)
it 7410/9765 step 15199112 SPS 670 kl 0.0014 rew 18.50 max_stage 5.46 mult 1.000 | collect 3.99s update 0.41s (9% upd)
it 7415/9765 step 15209376 SPS 670 kl 0.0014 rew 18.59 max_stage 5.47 mult 1.000 | collect 3.85s update 0.35s (8% upd)
it 7420/9765 step 15219641 SPS 670 kl 0.0019 rew 18.59 max_stage 5.47 mult 1.000 | collect 3.95s update 0.40s (9% upd)
it 7425/9765 step 15229896 SPS 669 kl 0.0015 rew 18.59 max_stage 5.47 mult 1.000 | collect 4.05s update 0.42s (9% upd)
it 7430/9765 step 15240150 SPS 669 kl 0.0017 rew 18.59 max_stage 5.47 mult 1.000 | collect 3.88s update 0.41s (10% upd)
it 7435/9765 step 15250399 SPS 669 kl 0.0020 rew 18.59 max_stage 5.47 mult 1.000 | collect 3.84s update 0.40s (9% upd)
it 7440/9765 step 15260661 SPS 669 kl 0.0019 rew 18.59 max_stage 5.47 mult 1.000 | collect 3.77s update 0.34s (8% upd)
it 7445/9765 step 15270917 SPS 669 kl 0.0017 rew 18.49 max_stage 5.44 mult 1.000 | collect 3.26s update 0.35s (10% upd)
it 7450/9765 step 15281168 SPS 669 kl 0.0020 rew 18.49 max_stage 5.44 mult 1.000 | collect 3.20s update 0.34s (10% upd)
it 7455/9765 step 15291435 SPS 669 kl 0.0011 rew 18.39 max_stage 5.42 mult 1.000 | collect 3.06s update 0.35s (10% upd)
it 7460/9765 step 15301691 SPS 669 kl 0.0015 rew 18.28 max_stage 5.38 mult 1.000 | collect 3.13s update 0.35s (10% upd)
it 7465/9765 step 15311950 SPS 669 kl 0.0016 rew 18.34 max_stage 5.40 mult 1.000 | collect 3.06s update 0.35s (10% upd)
it 7470/9765 step 15322203 SPS 669 kl 0.0023 rew 18.34 max_stage 5.40 mult 1.000 | collect 3.05s update 0.34s (10% upd)
it 7475/9765 step 15332458 SPS 668 kl 0.0013 rew 18.25 max_stage 5.38 mult 1.000 | collect 3.21s update 0.34s (9% upd)
it 7480/9765 step 15342717 SPS 668 kl 0.0016 rew 18.25 max_stage 5.38 mult 1.000 | collect 3.09s update 0.35s (10% upd)
it 7485/9765 step 15352976 SPS 668 kl 0.0019 rew 18.22 max_stage 5.38 mult 1.000 | collect 3.10s update 0.33s (10% upd)
it 7490/9765 step 15363226 SPS 668 kl 0.0018 rew 18.22 max_stage 5.38 mult 1.000 | collect 3.19s update 0.34s (10% upd)
it 7495/9765 step 15373475 SPS 668 kl 0.0014 rew 18.22 max_stage 5.38 mult 1.000 | collect 3.17s update 0.33s (10% upd)
it 7500/9765 step 15383727 SPS 668 kl 0.0014 rew 18.22 max_stage 5.38 mult 1.000 | collect 3.09s update 0.34s (10% upd)
it 7505/9765 step 15393984 SPS 668 kl 0.0019 rew 18.27 max_stage 5.39 mult 1.000 | collect 3.06s update 0.34s (10% upd)
it 7510/9765 step 15404246 SPS 668 kl 0.0013 rew 18.27 max_stage 5.39 mult 1.000 | collect 2.99s update 0.35s (10% upd)
it 7515/9765 step 15414503 SPS 668 kl 0.0013 rew 18.27 max_stage 5.39 mult 1.000 | collect 3.08s update 0.33s (10% upd)
it 7520/9765 step 15424757 SPS 668 kl 0.0020 rew 18.27 max_stage 5.39 mult 1.000 | collect 3.03s update 0.34s (10% upd)
it 7525/9765 step 15435019 SPS 668 kl 0.0016 rew 18.27 max_stage 5.39 mult 1.000 | collect 3.03s update 0.34s (10% upd)
it 7530/9765 step 15445273 SPS 668 kl 0.0012 rew 18.27 max_stage 5.39 mult 1.000 | collect 3.13s update 0.33s (10% upd)
it 7535/9765 step 15455523 SPS 668 kl 0.0015 rew 18.27 max_stage 5.39 mult 1.000 | collect 3.18s update 0.35s (10% upd)
it 7540/9765 step 15465789 SPS 668 kl 0.0012 rew 18.27 max_stage 5.39 mult 1.000 | collect 3.08s update 0.33s (10% upd)
it 7545/9765 step 15476038 SPS 668 kl 0.0015 rew 18.27 max_stage 5.39 mult 1.000 | collect 3.14s update 0.35s (10% upd)
it 7550/9765 step 15486295 SPS 668 kl 0.0016 rew 18.19 max_stage 5.38 mult 1.000 | collect 3.09s update 0.35s (10% upd)
it 7555/9765 step 15496555 SPS 668 kl 0.0018 rew 18.19 max_stage 5.38 mult 1.000 | collect 3.09s update 0.34s (10% upd)
it 7560/9765 step 15506820 SPS 668 kl 0.0017 rew 18.15 max_stage 5.37 mult 1.000 | collect 3.21s update 0.35s (10% upd)
it 7565/9765 step 15517082 SPS 668 kl 0.0014 rew 18.15 max_stage 5.37 mult 1.000 | collect 3.10s update 0.34s (10% upd)
it 7570/9765 step 15527339 SPS 667 kl 0.0011 rew 18.14 max_stage 5.38 mult 1.000 | collect 3.00s update 0.34s (10% upd)
it 7575/9765 step 15537600 SPS 667 kl 0.0019 rew 18.14 max_stage 5.38 mult 1.000 | collect 3.09s update 0.35s (10% upd)
it 7580/9765 step 15547854 SPS 667 kl 0.0015 rew 18.14 max_stage 5.38 mult 1.000 | collect 3.14s update 0.35s (10% upd)
it 7585/9765 step 15558114 SPS 667 kl 0.0012 rew 18.14 max_stage 5.38 mult 1.000 | collect 3.12s update 0.33s (10% upd)
it 7590/9765 step 15568367 SPS 667 kl 0.0011 rew 18.14 max_stage 5.38 mult 1.000 | collect 3.12s update 0.34s (10% upd)
it 7595/9765 step 15578631 SPS 667 kl 0.0024 rew 18.14 max_stage 5.38 mult 1.000 | collect 3.03s update 0.33s (10% upd)
it 7600/9765 step 15588887 SPS 667 kl 0.0015 rew 18.14 max_stage 5.38 mult 1.000 | collect 3.09s update 0.33s (10% upd)
it 7605/9765 step 15599149 SPS 667 kl 0.0016 rew 18.14 max_stage 5.38 mult 1.000 | collect 3.09s update 0.35s (10% upd)
it 7610/9765 step 15609399 SPS 667 kl 0.0014 rew 18.18 max_stage 5.38 mult 1.000 | collect 3.06s update 0.35s (10% upd)
it 7615/9765 step 15619665 SPS 667 kl 0.0013 rew 18.18 max_stage 5.38 mult 1.000 | collect 3.24s update 0.35s (10% upd)
it 7620/9765 step 15629926 SPS 667 kl 0.0013 rew 18.11 max_stage 5.38 mult 1.000 | collect 3.24s update 0.35s (10% upd)
it 7625/9765 step 15640185 SPS 667 kl 0.0020 rew 18.11 max_stage 5.38 mult 1.000 | collect 3.12s update 0.36s (10% upd)
it 7630/9765 step 15650447 SPS 667 kl 0.0036 rew 18.11 max_stage 5.38 mult 1.000 | collect 3.13s update 0.40s (11% upd)
it 7635/9765 step 15660695 SPS 667 kl 0.0013 rew 18.11 max_stage 5.38 mult 1.000 | collect 2.95s update 0.33s (10% upd)
it 7640/9765 step 15670947 SPS 667 kl 0.0012 rew 18.10 max_stage 5.38 mult 1.000 | collect 3.04s update 0.37s (11% upd)
it 7645/9765 step 15681195 SPS 667 kl 0.0015 rew 18.10 max_stage 5.38 mult 1.000 | collect 3.07s update 0.34s (10% upd)
it 7650/9765 step 15691464 SPS 667 kl 0.0010 rew 18.07 max_stage 5.39 mult 1.000 | collect 3.12s update 0.37s (11% upd)
it 7655/9765 step 15701723 SPS 667 kl 0.0011 rew 18.07 max_stage 5.39 mult 1.000 | collect 2.97s update 0.41s (12% upd)
it 7660/9765 step 15711970 SPS 667 kl 0.0011 rew 18.17 max_stage 5.40 mult 1.000 | collect 2.94s update 0.33s (10% upd)
it 7665/9765 step 15722235 SPS 666 kl 0.0011 rew 18.17 max_stage 5.40 mult 1.000 | collect 3.11s update 0.33s (10% upd)
it 7670/9765 step 15732489 SPS 666 kl 0.0012 rew 18.17 max_stage 5.40 mult 1.000 | collect 2.95s update 0.38s (11% upd)
it 7675/9765 step 15742756 SPS 666 kl 0.0013 rew 18.19 max_stage 5.42 mult 1.000 | collect 3.02s update 0.42s (12% upd)
it 7680/9765 step 15753016 SPS 666 kl 0.0016 rew 18.19 max_stage 5.42 mult 1.000 | collect 3.10s update 0.34s (10% upd)
it 7685/9765 step 15763273 SPS 666 kl 0.0010 rew 18.18 max_stage 5.42 mult 1.000 | collect 3.08s update 0.33s (10% upd)
it 7690/9765 step 15773528 SPS 666 kl 0.0011 rew 18.05 max_stage 5.38 mult 1.000 | collect 3.16s update 0.35s (10% upd)
it 7695/9765 step 15783782 SPS 666 kl 0.0011 rew 18.05 max_stage 5.38 mult 1.000 | collect 3.23s update 0.35s (10% upd)
it 7700/9765 step 15794046 SPS 666 kl 0.0013 rew 18.05 max_stage 5.38 mult 1.000 | collect 3.25s update 0.34s (10% upd)
it 7705/9765 step 15804298 SPS 666 kl 0.0013 rew 18.00 max_stage 5.37 mult 1.000 | collect 3.05s update 0.35s (10% upd)
it 7710/9765 step 15814556 SPS 666 kl 0.0016 rew 18.05 max_stage 5.38 mult 1.000 | collect 2.98s update 0.34s (10% upd)
it 7715/9765 step 15824822 SPS 666 kl 0.0013 rew 18.05 max_stage 5.38 mult 1.000 | collect 3.10s update 0.33s (10% upd)
it 7720/9765 step 15835073 SPS 666 kl 0.0019 rew 17.98 max_stage 5.37 mult 1.000 | collect 3.12s update 0.34s (10% upd)
it 7725/9765 step 15845332 SPS 666 kl 0.0010 rew 17.98 max_stage 5.37 mult 1.000 | collect 3.15s update 0.33s (10% upd)
it 7730/9765 step 15855587 SPS 666 kl 0.0014 rew 17.98 max_stage 5.37 mult 1.000 | collect 3.10s update 0.35s (10% upd)
it 7735/9765 step 15865844 SPS 666 kl 0.0013 rew 18.08 max_stage 5.39 mult 1.000 | collect 3.32s update 0.33s (9% upd)
it 7740/9765 step 15876108 SPS 666 kl 0.0016 rew 18.08 max_stage 5.39 mult 1.000 | collect 3.10s update 0.34s (10% upd)
it 7745/9765 step 15886364 SPS 666 kl 0.0013 rew 18.03 max_stage 5.39 mult 1.000 | collect 3.07s update 0.34s (10% upd)
it 7750/9765 step 15896614 SPS 666 kl 0.0011 rew 18.03 max_stage 5.39 mult 1.000 | collect 3.15s update 0.34s (10% upd)
it 7755/9765 step 15906875 SPS 666 kl 0.0014 rew 17.95 max_stage 5.38 mult 1.000 | collect 3.10s update 0.34s (10% upd)
it 7760/9765 step 15917135 SPS 665 kl 0.0010 rew 17.91 max_stage 5.38 mult 1.000 | collect 3.06s update 0.35s (10% upd)
it 7765/9765 step 15927397 SPS 665 kl 0.0014 rew 17.85 max_stage 5.36 mult 1.000 | collect 3.12s update 0.34s (10% upd)
it 7770/9765 step 15937659 SPS 665 kl 0.0014 rew 17.85 max_stage 5.36 mult 1.000 | collect 3.17s update 0.34s (10% upd)
it 7775/9765 step 15947913 SPS 665 kl 0.0014 rew 17.85 max_stage 5.36 mult 1.000 | collect 3.17s update 0.34s (10% upd)
it 7780/9765 step 15958165 SPS 665 kl 0.0020 rew 17.76 max_stage 5.34 mult 1.000 | collect 3.13s update 0.35s (10% upd)
it 7785/9765 step 15968419 SPS 665 kl 0.0013 rew 17.76 max_stage 5.34 mult 1.000 | collect 3.09s update 0.34s (10% upd)
it 7790/9765 step 15978668 SPS 665 kl 0.0011 rew 17.76 max_stage 5.34 mult 1.000 | collect 3.10s update 0.40s (11% upd)
it 7795/9765 step 15988923 SPS 665 kl 0.0014 rew 17.76 max_stage 5.34 mult 1.000 | collect 3.02s update 0.36s (11% upd)
it 7800/9765 step 15999179 SPS 665 kl 0.0010 rew 17.56 max_stage 5.30 mult 1.000 | collect 3.29s update 0.36s (10% upd)
it 7805/9765 step 16009439 SPS 665 kl 0.0014 rew 17.65 max_stage 5.33 mult 1.000 | collect 3.12s update 0.34s (10% upd)
it 7810/9765 step 16019703 SPS 665 kl 0.0017 rew 17.65 max_stage 5.33 mult 1.000 | collect 3.03s update 0.35s (10% upd)
it 7815/9765 step 16029969 SPS 665 kl 0.0008 rew 17.65 max_stage 5.33 mult 1.000 | collect 3.10s update 0.35s (10% upd)
it 7820/9765 step 16040217 SPS 665 kl 0.0009 rew 17.65 max_stage 5.33 mult 1.000 | collect 3.10s update 0.35s (10% upd)
it 7825/9765 step 16050471 SPS 665 kl 0.0011 rew 17.65 max_stage 5.33 mult 1.000 | collect 2.99s update 0.34s (10% upd)
it 7830/9765 step 16060722 SPS 665 kl 0.0010 rew 17.65 max_stage 5.33 mult 1.000 | collect 3.23s update 0.33s (9% upd)
it 7835/9765 step 16070979 SPS 665 kl 0.0015 rew 17.65 max_stage 5.33 mult 1.000 | collect 3.19s update 0.34s (9% upd)
it 7840/9765 step 16081238 SPS 665 kl 0.0009 rew 17.61 max_stage 5.32 mult 1.000 | collect 3.08s update 0.34s (10% upd)
it 7845/9765 step 16091493 SPS 665 kl 0.0007 rew 17.61 max_stage 5.32 mult 1.000 | collect 3.09s update 0.33s (10% upd)
it 7850/9765 step 16101750 SPS 665 kl 0.0010 rew 17.61 max_stage 5.32 mult 1.000 | collect 3.06s update 0.35s (10% upd)
it 7855/9765 step 16112013 SPS 665 kl 0.0010 rew 17.61 max_stage 5.32 mult 1.000 | collect 3.11s update 0.33s (10% upd)
it 7860/9765 step 16122275 SPS 664 kl 0.0010 rew 17.61 max_stage 5.32 mult 1.000 | collect 3.12s update 0.33s (10% upd)
it 7865/9765 step 16132538 SPS 664 kl 0.0009 rew 17.61 max_stage 5.32 mult 1.000 | collect 3.18s update 0.35s (10% upd)
it 7870/9765 step 16142792 SPS 664 kl 0.0011 rew 17.61 max_stage 5.32 mult 1.000 | collect 3.11s update 0.33s (10% upd)
it 7875/9765 step 16153047 SPS 664 kl 0.0011 rew 17.61 max_stage 5.32 mult 1.000 | collect 3.18s update 0.34s (10% upd)
it 7880/9765 step 16163303 SPS 664 kl 0.0016 rew 17.67 max_stage 5.33 mult 1.000 | collect 3.08s update 0.35s (10% upd)
it 7885/9765 step 16173563 SPS 664 kl 0.0010 rew 17.67 max_stage 5.33 mult 1.000 | collect 3.13s update 0.35s (10% upd)
it 7890/9765 step 16183832 SPS 664 kl 0.0008 rew 17.67 max_stage 5.33 mult 1.000 | collect 3.08s update 0.34s (10% upd)
it 7895/9765 step 16194091 SPS 664 kl 0.0017 rew 17.67 max_stage 5.33 mult 1.000 | collect 3.09s update 0.35s (10% upd)
it 7900/9765 step 16204346 SPS 664 kl 0.0016 rew 17.67 max_stage 5.33 mult 1.000 | collect 3.13s update 0.33s (10% upd)
it 7905/9765 step 16214595 SPS 664 kl 0.0010 rew 17.65 max_stage 5.33 mult 1.000 | collect 3.18s update 0.35s (10% upd)
it 7910/9765 step 16224848 SPS 664 kl 0.0010 rew 17.65 max_stage 5.33 mult 1.000 | collect 3.04s update 0.34s (10% upd)
it 7915/9765 step 16235102 SPS 664 kl 0.0010 rew 17.65 max_stage 5.33 mult 1.000 | collect 3.11s update 0.35s (10% upd)
it 7920/9765 step 16245362 SPS 664 kl 0.0009 rew 17.61 max_stage 5.32 mult 1.000 | collect 3.15s update 0.35s (10% upd)
it 7925/9765 step 16255620 SPS 664 kl 0.0012 rew 17.61 max_stage 5.32 mult 1.000 | collect 3.16s update 0.39s (11% upd)
it 7930/9765 step 16265873 SPS 664 kl 0.0009 rew 17.61 max_stage 5.32 mult 1.000 | collect 3.02s update 0.33s (10% upd)
it 7935/9765 step 16276123 SPS 664 kl 0.0010 rew 17.60 max_stage 5.31 mult 1.000 | collect 3.04s update 0.33s (10% upd)
it 7940/9765 step 16286374 SPS 664 kl 0.0011 rew 17.49 max_stage 5.29 mult 1.000 | collect 3.35s update 0.35s (9% upd)
it 7945/9765 step 16296626 SPS 664 kl 0.0011 rew 17.49 max_stage 5.29 mult 1.000 | collect 3.06s update 0.35s (10% upd)
it 7950/9765 step 16306884 SPS 664 kl 0.0013 rew 17.49 max_stage 5.29 mult 1.000 | collect 3.10s update 0.35s (10% upd)
it 7955/9765 step 16317140 SPS 664 kl 0.0013 rew 17.49 max_stage 5.29 mult 1.000 | collect 3.17s update 0.36s (10% upd)
it 7960/9765 step 16327402 SPS 663 kl 0.0010 rew 17.49 max_stage 5.29 mult 1.000 | collect 3.13s update 0.35s (10% upd)
it 7965/9765 step 16337653 SPS 663 kl 0.0011 rew 17.49 max_stage 5.29 mult 1.000 | collect 3.22s update 0.35s (10% upd)
it 7970/9765 step 16347911 SPS 663 kl 0.0009 rew 17.49 max_stage 5.29 mult 1.000 | collect 3.01s update 0.34s (10% upd)
it 7975/9765 step 16358170 SPS 663 kl 0.0008 rew 17.49 max_stage 5.29 mult 1.000 | collect 3.05s update 0.34s (10% upd)
it 7980/9765 step 16368428 SPS 663 kl 0.0010 rew 17.49 max_stage 5.29 mult 1.000 | collect 3.25s update 0.35s (10% upd)
it 7985/9765 step 16378676 SPS 663 kl 0.0010 rew 17.43 max_stage 5.26 mult 1.000 | collect 3.09s update 0.35s (10% upd)
it 7990/9765 step 16388920 SPS 663 kl 0.0009 rew 17.40 max_stage 5.25 mult 1.000 | collect 3.31s update 0.34s (9% upd)
it 7995/9765 step 16399175 SPS 663 kl 0.0008 rew 17.40 max_stage 5.25 mult 1.000 | collect 3.09s update 0.33s (10% upd)
it 8000/9765 step 16409435 SPS 663 kl 0.0008 rew 17.40 max_stage 5.25 mult 1.000 | collect 3.02s update 0.34s (10% upd)
it 8005/9765 step 16419692 SPS 663 kl 0.0009 rew 17.36 max_stage 5.25 mult 1.000 | collect 3.20s update 0.35s (10% upd)
it 8010/9765 step 16429960 SPS 663 kl 0.0011 rew 17.36 max_stage 5.25 mult 1.000 | collect 3.08s update 0.34s (10% upd)
it 8015/9765 step 16440211 SPS 663 kl 0.0013 rew 17.36 max_stage 5.25 mult 1.000 | collect 3.07s update 0.35s (10% upd)
it 8020/9765 step 16450466 SPS 663 kl 0.0012 rew 17.36 max_stage 5.25 mult 1.000 | collect 3.19s update 0.34s (10% upd)
it 8025/9765 step 16460719 SPS 663 kl 0.0013 rew 17.35 max_stage 5.25 mult 1.000 | collect 3.08s update 0.33s (10% upd)
it 8030/9765 step 16470977 SPS 663 kl 0.0010 rew 17.35 max_stage 5.25 mult 1.000 | collect 3.20s update 0.35s (10% upd)
it 8035/9765 step 16481236 SPS 663 kl 0.0009 rew 17.37 max_stage 5.25 mult 1.000 | collect 3.18s update 0.35s (10% upd)
it 8040/9765 step 16491491 SPS 663 kl 0.0009 rew 17.48 max_stage 5.28 mult 1.000 | collect 3.17s update 0.33s (10% upd)
it 8045/9765 step 16501754 SPS 663 kl 0.0008 rew 17.48 max_stage 5.28 mult 1.000 | collect 3.03s update 0.33s (10% upd)
it 8050/9765 step 16512024 SPS 663 kl 0.0009 rew 17.48 max_stage 5.28 mult 1.000 | collect 3.07s update 0.35s (10% upd)
it 8055/9765 step 16522277 SPS 663 kl 0.0008 rew 17.51 max_stage 5.28 mult 1.000 | collect 3.07s update 0.35s (10% upd)
it 8060/9765 step 16532537 SPS 662 kl 0.0007 rew 17.51 max_stage 5.28 mult 1.000 | collect 3.16s update 0.35s (10% upd)
it 8065/9765 step 16542790 SPS 662 kl 0.0010 rew 17.51 max_stage 5.28 mult 1.000 | collect 3.09s update 0.35s (10% upd)
it 8070/9765 step 16553051 SPS 662 kl 0.0008 rew 17.51 max_stage 5.28 mult 1.000 | collect 3.03s update 0.35s (10% upd)
it 8075/9765 step 16563316 SPS 662 kl 0.0010 rew 17.51 max_stage 5.28 mult 1.000 | collect 3.06s update 0.34s (10% upd)
it 8080/9765 step 16573582 SPS 662 kl 0.0009 rew 17.51 max_stage 5.28 mult 1.000 | collect 2.99s update 0.42s (12% upd)
it 8085/9765 step 16583845 SPS 662 kl 0.0007 rew 17.51 max_stage 5.28 mult 1.000 | collect 3.02s update 0.39s (11% upd)
it 8090/9765 step 16594113 SPS 662 kl 0.0008 rew 17.48 max_stage 5.26 mult 1.000 | collect 3.14s update 0.34s (10% upd)
it 8095/9765 step 16604370 SPS 662 kl 0.0009 rew 17.48 max_stage 5.26 mult 1.000 | collect 3.06s update 0.35s (10% upd)
it 8100/9765 step 16614617 SPS 662 kl 0.0011 rew 17.49 max_stage 5.26 mult 1.000 | collect 3.04s update 0.34s (10% upd)
it 8105/9765 step 16624868 SPS 662 kl 0.0010 rew 17.49 max_stage 5.26 mult 1.000 | collect 3.05s update 0.35s (10% upd)
it 8110/9765 step 16635127 SPS 662 kl 0.0008 rew 17.46 max_stage 5.26 mult 1.000 | collect 3.14s update 0.34s (10% upd)
it 8115/9765 step 16645387 SPS 662 kl 0.0008 rew 17.46 max_stage 5.26 mult 1.000 | collect 3.01s update 0.34s (10% upd)
it 8120/9765 step 16655653 SPS 662 kl 0.0010 rew 17.46 max_stage 5.26 mult 1.000 | collect 3.08s update 0.33s (10% upd)
it 8125/9765 step 16665915 SPS 662 kl 0.0009 rew 17.46 max_stage 5.26 mult 1.000 | collect 3.05s update 0.35s (10% upd)
it 8130/9765 step 16676169 SPS 662 kl 0.0007 rew 17.46 max_stage 5.26 mult 1.000 | collect 3.22s update 0.34s (9% upd)
it 8135/9765 step 16686433 SPS 662 kl 0.0008 rew 17.58 max_stage 5.29 mult 1.000 | collect 3.11s update 0.34s (10% upd)
it 8140/9765 step 16696692 SPS 662 kl 0.0006 rew 17.56 max_stage 5.28 mult 1.000 | collect 3.05s update 0.34s (10% upd)
it 8145/9765 step 16706950 SPS 662 kl 0.0009 rew 17.48 max_stage 5.26 mult 1.000 | collect 3.13s update 0.34s (10% upd)
it 8150/9765 step 16717207 SPS 662 kl 0.0007 rew 17.48 max_stage 5.26 mult 1.000 | collect 3.04s update 0.34s (10% upd)
it 8155/9765 step 16727464 SPS 662 kl 0.0008 rew 17.48 max_stage 5.26 mult 1.000 | collect 3.04s update 0.34s (10% upd)
it 8160/9765 step 16737714 SPS 662 kl 0.0008 rew 17.48 max_stage 5.26 mult 1.000 | collect 3.11s update 0.33s (10% upd)
it 8165/9765 step 16747976 SPS 661 kl 0.0006 rew 17.51 max_stage 5.27 mult 1.000 | collect 3.08s update 0.33s (10% upd)
it 8170/9765 step 16758239 SPS 661 kl 0.0009 rew 17.51 max_stage 5.27 mult 1.000 | collect 3.18s update 0.35s (10% upd)
it 8175/9765 step 16768495 SPS 661 kl 0.0010 rew 17.53 max_stage 5.27 mult 1.000 | collect 3.16s update 0.35s (10% upd)
it 8180/9765 step 16778749 SPS 661 kl 0.0008 rew 17.53 max_stage 5.27 mult 1.000 | collect 3.08s update 0.34s (10% upd)
it 8185/9765 step 16789012 SPS 661 kl 0.0007 rew 17.53 max_stage 5.27 mult 1.000 | collect 3.14s update 0.35s (10% upd)
it 8190/9765 step 16799265 SPS 661 kl 0.0011 rew 17.53 max_stage 5.27 mult 1.000 | collect 3.11s update 0.35s (10% upd)
it 8195/9765 step 16809517 SPS 661 kl 0.0012 rew 17.53 max_stage 5.27 mult 1.000 | collect 3.16s update 0.35s (10% upd)
it 8200/9765 step 16819769 SPS 661 kl 0.0007 rew 17.53 max_stage 5.27 mult 1.000 | collect 3.02s update 0.35s (10% upd)
it 8205/9765 step 16830031 SPS 661 kl 0.0007 rew 17.53 max_stage 5.27 mult 1.000 | collect 3.04s update 0.34s (10% upd)
it 8210/9765 step 16840290 SPS 661 kl 0.0008 rew 17.53 max_stage 5.27 mult 1.000 | collect 3.05s update 0.35s (10% upd)
it 8215/9765 step 16850546 SPS 661 kl 0.0007 rew 17.53 max_stage 5.27 mult 1.000 | collect 3.06s update 0.36s (11% upd)
it 8220/9765 step 16860795 SPS 661 kl 0.0007 rew 17.52 max_stage 5.26 mult 1.000 | collect 3.14s update 0.35s (10% upd)
it 8225/9765 step 16871059 SPS 661 kl 0.0008 rew 17.54 max_stage 5.25 mult 1.000 | collect 3.11s update 0.34s (10% upd)
it 8230/9765 step 16881311 SPS 661 kl 0.0009 rew 17.51 max_stage 5.26 mult 1.000 | collect 3.07s update 0.35s (10% upd)
it 8235/9765 step 16891568 SPS 661 kl 0.0009 rew 17.51 max_stage 5.26 mult 1.000 | collect 3.05s update 0.34s (10% upd)
it 8240/9765 step 16901835 SPS 661 kl 0.0007 rew 17.51 max_stage 5.26 mult 1.000 | collect 3.14s update 0.36s (10% upd)
it 8245/9765 step 16912089 SPS 661 kl 0.0007 rew 17.51 max_stage 5.26 mult 1.000 | collect 3.12s update 0.35s (10% upd)
it 8250/9765 step 16922347 SPS 661 kl 0.0011 rew 17.52 max_stage 5.28 mult 1.000 | collect 3.30s update 0.33s (9% upd)
it 8255/9765 step 16932597 SPS 661 kl 0.0006 rew 17.54 max_stage 5.28 mult 1.000 | collect 3.03s update 0.33s (10% upd)
it 8260/9765 step 16942864 SPS 661 kl 0.0008 rew 17.54 max_stage 5.28 mult 1.000 | collect 3.05s update 0.35s (10% upd)
it 8265/9765 step 16953126 SPS 661 kl 0.0009 rew 17.54 max_stage 5.28 mult 1.000 | collect 3.04s update 0.34s (10% upd)
it 8270/9765 step 16963386 SPS 661 kl 0.0006 rew 17.54 max_stage 5.28 mult 1.000 | collect 3.06s update 0.33s (10% upd)
it 8275/9765 step 16973646 SPS 660 kl 0.0009 rew 17.54 max_stage 5.28 mult 1.000 | collect 3.04s update 0.35s (10% upd)
it 8280/9765 step 16983906 SPS 660 kl 0.0006 rew 17.54 max_stage 5.28 mult 1.000 | collect 3.30s update 0.34s (9% upd)
it 8285/9765 step 16994166 SPS 660 kl 0.0011 rew 17.54 max_stage 5.28 mult 1.000 | collect 3.02s update 0.37s (11% upd)
it 8290/9765 step 17004427 SPS 660 kl 0.0008 rew 17.48 max_stage 5.28 mult 1.000 | collect 3.10s update 0.34s (10% upd)
it 8295/9765 step 17014681 SPS 660 kl 0.0006 rew 17.41 max_stage 5.25 mult 1.000 | collect 3.22s update 0.33s (9% upd)
it 8300/9765 step 17024937 SPS 660 kl 0.0007 rew 17.41 max_stage 5.25 mult 1.000 | collect 3.08s update 0.34s (10% upd)
it 8305/9765 step 17035204 SPS 660 kl 0.0008 rew 17.41 max_stage 5.25 mult 1.000 | collect 3.05s update 0.35s (10% upd)
it 8310/9765 step 17045470 SPS 660 kl 0.0006 rew 17.41 max_stage 5.25 mult 1.000 | collect 3.13s update 0.33s (10% upd)
it 8315/9765 step 17055718 SPS 660 kl 0.0004 rew 17.51 max_stage 5.26 mult 1.000 | collect 3.06s update 0.34s (10% upd)
it 8320/9765 step 17065975 SPS 660 kl 0.0005 rew 17.51 max_stage 5.26 mult 1.000 | collect 3.06s update 0.35s (10% upd)
it 8325/9765 step 17076232 SPS 660 kl 0.0008 rew 17.51 max_stage 5.26 mult 1.000 | collect 3.08s update 0.34s (10% upd)
it 8330/9765 step 17086485 SPS 660 kl 0.0006 rew 17.47 max_stage 5.25 mult 1.000 | collect 3.23s update 0.33s (9% upd)
it 8335/9765 step 17096748 SPS 660 kl 0.0006 rew 17.47 max_stage 5.25 mult 1.000 | collect 3.05s update 0.35s (10% upd)
it 8340/9765 step 17107000 SPS 660 kl 0.0006 rew 17.50 max_stage 5.25 mult 1.000 | collect 3.16s update 0.35s (10% upd)
it 8345/9765 step 17117253 SPS 660 kl 0.0007 rew 17.56 max_stage 5.26 mult 1.000 | collect 3.15s update 0.35s (10% upd)
it 8350/9765 step 17127516 SPS 660 kl 0.0007 rew 17.56 max_stage 5.26 mult 1.000 | collect 3.09s update 0.35s (10% upd)
it 8355/9765 step 17137774 SPS 660 kl 0.0007 rew 17.56 max_stage 5.26 mult 1.000 | collect 3.13s update 0.34s (10% upd)
it 8360/9765 step 17148022 SPS 660 kl 0.0008 rew 17.56 max_stage 5.26 mult 1.000 | collect 3.09s update 0.33s (10% upd)
it 8365/9765 step 17158285 SPS 660 kl 0.0009 rew 17.59 max_stage 5.26 mult 1.000 | collect 3.03s update 0.34s (10% upd)
it 8370/9765 step 17168535 SPS 660 kl 0.0034 rew 17.59 max_stage 5.26 mult 1.000 | collect 3.13s update 0.33s (10% upd)
it 8375/9765 step 17178785 SPS 660 kl 0.0007 rew 17.50 max_stage 5.24 mult 1.000 | collect 3.17s update 0.33s (9% upd)
it 8380/9765 step 17189032 SPS 660 kl 0.0005 rew 17.50 max_stage 5.24 mult 1.000 | collect 3.04s update 0.35s (10% upd)
it 8385/9765 step 17199299 SPS 660 kl 0.0005 rew 17.50 max_stage 5.24 mult 1.000 | collect 3.06s update 0.33s (10% upd)
it 8390/9765 step 17209567 SPS 659 kl 0.0007 rew 17.50 max_stage 5.24 mult 1.000 | collect 3.09s update 0.35s (10% upd)
it 8395/9765 step 17219827 SPS 659 kl 0.0006 rew 17.47 max_stage 5.21 mult 1.000 | collect 2.97s update 0.43s (13% upd)
it 8400/9765 step 17230075 SPS 659 kl 0.0005 rew 17.47 max_stage 5.21 mult 1.000 | collect 3.07s update 0.35s (10% upd)
it 8405/9765 step 17240332 SPS 659 kl 0.0011 rew 17.55 max_stage 5.22 mult 1.000 | collect 3.10s update 0.35s (10% upd)
it 8410/9765 step 17250591 SPS 659 kl 0.0009 rew 17.55 max_stage 5.22 mult 1.000 | collect 3.00s update 0.36s (11% upd)
it 8415/9765 step 17260852 SPS 659 kl 0.0008 rew 17.51 max_stage 5.23 mult 1.000 | collect 3.10s update 0.35s (10% upd)
it 8420/9765 step 17271112 SPS 659 kl 0.0008 rew 17.50 max_stage 5.22 mult 1.000 | collect 3.03s update 0.35s (10% upd)
it 8425/9765 step 17281368 SPS 659 kl 0.0006 rew 17.50 max_stage 5.22 mult 1.000 | collect 3.05s update 0.34s (10% upd)
it 8430/9765 step 17291623 SPS 659 kl 0.0005 rew 17.50 max_stage 5.22 mult 1.000 | collect 3.17s update 0.34s (10% upd)
it 8435/9765 step 17301887 SPS 659 kl 0.0006 rew 17.50 max_stage 5.22 mult 1.000 | collect 3.06s update 0.35s (10% upd)
it 8440/9765 step 17312155 SPS 659 kl 0.0007 rew 17.57 max_stage 5.24 mult 1.000 | collect 3.14s update 0.35s (10% upd)
it 8445/9765 step 17322409 SPS 659 kl 0.0009 rew 17.57 max_stage 5.24 mult 1.000 | collect 3.07s update 0.35s (10% upd)
it 8450/9765 step 17332679 SPS 659 kl 0.0009 rew 17.57 max_stage 5.24 mult 1.000 | collect 3.14s update 0.33s (10% upd)
it 8455/9765 step 17342939 SPS 659 kl 0.0007 rew 17.57 max_stage 5.24 mult 1.000 | collect 3.12s update 0.33s (10% upd)
it 8460/9765 step 17353185 SPS 659 kl 0.0007 rew 17.57 max_stage 5.24 mult 1.000 | collect 3.05s update 0.33s (10% upd)
it 8465/9765 step 17363448 SPS 659 kl 0.0006 rew 17.54 max_stage 5.22 mult 1.000 | collect 3.08s update 0.33s (10% upd)
it 8470/9765 step 17373701 SPS 659 kl 0.0005 rew 17.60 max_stage 5.22 mult 1.000 | collect 3.07s update 0.34s (10% upd)
it 8475/9765 step 17383962 SPS 659 kl 0.0005 rew 17.60 max_stage 5.22 mult 1.000 | collect 3.06s update 0.33s (10% upd)
it 8480/9765 step 17394218 SPS 659 kl 0.0005 rew 17.60 max_stage 5.22 mult 1.000 | collect 3.15s update 0.34s (10% upd)
it 8485/9765 step 17404480 SPS 659 kl 0.0006 rew 17.64 max_stage 5.22 mult 1.000 | collect 3.13s update 0.34s (10% upd)
it 8490/9765 step 17414745 SPS 659 kl 0.0005 rew 17.64 max_stage 5.22 mult 1.000 | collect 3.12s update 0.34s (10% upd)
it 8495/9765 step 17425001 SPS 659 kl 0.0005 rew 17.64 max_stage 5.22 mult 1.000 | collect 3.12s update 0.35s (10% upd)
it 8500/9765 step 17435258 SPS 659 kl 0.0006 rew 17.64 max_stage 5.22 mult 1.000 | collect 3.07s update 0.35s (10% upd)
it 8505/9765 step 17445513 SPS 658 kl 0.0006 rew 17.67 max_stage 5.22 mult 1.000 | collect 3.18s update 0.34s (10% upd)
it 8510/9765 step 17455780 SPS 658 kl 0.0005 rew 17.66 max_stage 5.22 mult 1.000 | collect 2.97s update 0.34s (10% upd)
it 8515/9765 step 17466030 SPS 658 kl 0.0008 rew 17.66 max_stage 5.22 mult 1.000 | collect 3.05s update 0.35s (10% upd)
it 8520/9765 step 17476276 SPS 658 kl 0.0005 rew 17.72 max_stage 5.22 mult 1.000 | collect 3.13s update 0.35s (10% upd)
it 8525/9765 step 17486541 SPS 658 kl 0.0008 rew 17.72 max_stage 5.22 mult 1.000 | collect 3.04s update 0.39s (11% upd)
it 8530/9765 step 17496804 SPS 658 kl 0.0004 rew 17.72 max_stage 5.22 mult 1.000 | collect 2.97s update 0.40s (12% upd)
it 8535/9765 step 17507056 SPS 658 kl 0.0005 rew 17.72 max_stage 5.22 mult 1.000 | collect 3.12s update 0.37s (11% upd)
it 8540/9765 step 17517308 SPS 658 kl 0.0004 rew 17.72 max_stage 5.22 mult 1.000 | collect 3.05s update 0.35s (10% upd)
it 8545/9765 step 17527566 SPS 658 kl 0.0006 rew 17.69 max_stage 5.22 mult 1.000 | collect 3.20s update 0.35s (10% upd)
it 8550/9765 step 17537829 SPS 658 kl 0.0006 rew 17.69 max_stage 5.22 mult 1.000 | collect 3.27s update 0.34s (9% upd)
it 8555/9765 step 17548074 SPS 658 kl 0.0005 rew 17.75 max_stage 5.25 mult 1.000 | collect 3.07s update 0.35s (10% upd)
it 8560/9765 step 17558336 SPS 658 kl 0.0006 rew 17.75 max_stage 5.25 mult 1.000 | collect 3.11s update 0.34s (10% upd)
it 8565/9765 step 17568603 SPS 658 kl 0.0006 rew 17.75 max_stage 5.25 mult 1.000 | collect 3.17s update 0.35s (10% upd)
it 8570/9765 step 17578860 SPS 658 kl 0.0005 rew 17.78 max_stage 5.25 mult 1.000 | collect 3.06s update 0.33s (10% upd)
it 8575/9765 step 17589122 SPS 658 kl 0.0007 rew 17.87 max_stage 5.26 mult 1.000 | collect 3.12s update 0.35s (10% upd)
it 8580/9765 step 17599373 SPS 658 kl 0.0004 rew 17.87 max_stage 5.26 mult 1.000 | collect 3.03s update 0.34s (10% upd)
it 8585/9765 step 17609635 SPS 658 kl 0.0007 rew 17.87 max_stage 5.26 mult 1.000 | collect 3.25s update 0.34s (9% upd)
it 8590/9765 step 17619898 SPS 658 kl 0.0004 rew 17.87 max_stage 5.26 mult 1.000 | collect 3.07s update 0.34s (10% upd)
it 8595/9765 step 17630155 SPS 658 kl 0.0005 rew 17.87 max_stage 5.26 mult 1.000 | collect 3.15s update 0.33s (10% upd)
it 8600/9765 step 17640407 SPS 658 kl 0.0006 rew 17.87 max_stage 5.26 mult 1.000 | collect 3.07s update 0.34s (10% upd)
it 8605/9765 step 17650654 SPS 658 kl 0.0004 rew 17.87 max_stage 5.26 mult 1.000 | collect 3.08s update 0.36s (11% upd)
it 8610/9765 step 17660910 SPS 658 kl 0.0005 rew 17.67 max_stage 5.22 mult 1.000 | collect 3.07s update 0.35s (10% upd)
it 8615/9765 step 17671172 SPS 658 kl 0.0005 rew 17.60 max_stage 5.22 mult 1.000 | collect 3.15s update 0.35s (10% upd)
it 8620/9765 step 17681426 SPS 657 kl 0.0005 rew 17.60 max_stage 5.22 mult 1.000 | collect 3.17s update 0.34s (10% upd)
it 8625/9765 step 17691678 SPS 657 kl 0.0008 rew 17.60 max_stage 5.22 mult 1.000 | collect 3.15s update 0.34s (10% upd)
it 8630/9765 step 17701936 SPS 657 kl 0.0004 rew 17.60 max_stage 5.22 mult 1.000 | collect 3.06s update 0.34s (10% upd)
it 8635/9765 step 17712198 SPS 657 kl 0.0005 rew 17.60 max_stage 5.22 mult 1.000 | collect 3.09s update 0.33s (10% upd)
it 8640/9765 step 17722454 SPS 657 kl 0.0006 rew 17.60 max_stage 5.22 mult 1.000 | collect 3.10s update 0.34s (10% upd)
it 8645/9765 step 17732702 SPS 657 kl 0.0004 rew 17.61 max_stage 5.22 mult 1.000 | collect 3.20s update 0.35s (10% upd)
it 8650/9765 step 17742951 SPS 657 kl 0.0005 rew 17.61 max_stage 5.22 mult 1.000 | collect 3.12s update 0.35s (10% upd)
it 8655/9765 step 17753203 SPS 657 kl 0.0004 rew 17.61 max_stage 5.22 mult 1.000 | collect 3.13s update 0.34s (10% upd)
it 8660/9765 step 17763465 SPS 657 kl 0.0006 rew 17.54 max_stage 5.21 mult 1.000 | collect 3.03s update 0.34s (10% upd)
it 8665/9765 step 17773720 SPS 657 kl 0.0005 rew 17.54 max_stage 5.21 mult 1.000 | collect 3.04s update 0.34s (10% upd)
it 8670/9765 step 17783975 SPS 657 kl 0.0004 rew 17.54 max_stage 5.21 mult 1.000 | collect 3.05s update 0.35s (10% upd)
it 8675/9765 step 17794230 SPS 657 kl 0.0006 rew 17.54 max_stage 5.21 mult 1.000 | collect 3.27s update 0.34s (9% upd)
it 8680/9765 step 17804483 SPS 657 kl 0.0005 rew 17.54 max_stage 5.21 mult 1.000 | collect 3.09s update 0.35s (10% upd)
it 8685/9765 step 17814738 SPS 657 kl 0.0004 rew 17.55 max_stage 5.20 mult 1.000 | collect 3.08s update 0.33s (10% upd)
it 8690/9765 step 17824997 SPS 657 kl 0.0005 rew 17.55 max_stage 5.20 mult 1.000 | collect 3.07s update 0.35s (10% upd)
it 8695/9765 step 17835261 SPS 657 kl 0.0004 rew 17.55 max_stage 5.20 mult 1.000 | collect 3.04s update 0.34s (10% upd)
it 8700/9765 step 17845518 SPS 657 kl 0.0004 rew 17.55 max_stage 5.20 mult 1.000 | collect 3.03s update 0.34s (10% upd)
it 8705/9765 step 17855768 SPS 657 kl 0.0005 rew 17.55 max_stage 5.20 mult 1.000 | collect 3.07s update 0.34s (10% upd)
it 8710/9765 step 17866024 SPS 657 kl 0.0005 rew 17.56 max_stage 5.20 mult 1.000 | collect 3.12s update 0.34s (10% upd)
it 8715/9765 step 17876288 SPS 657 kl 0.0004 rew 17.56 max_stage 5.20 mult 1.000 | collect 3.07s update 0.34s (10% upd)
it 8720/9765 step 17886538 SPS 657 kl 0.0004 rew 17.56 max_stage 5.20 mult 1.000 | collect 3.04s update 0.36s (11% upd)
it 8725/9765 step 17896804 SPS 657 kl 0.0004 rew 17.56 max_stage 5.20 mult 1.000 | collect 3.13s update 0.35s (10% upd)
it 8730/9765 step 17907067 SPS 657 kl 0.0004 rew 17.56 max_stage 5.20 mult 1.000 | collect 3.09s update 0.34s (10% upd)
it 8735/9765 step 17917320 SPS 657 kl 0.0003 rew 17.52 max_stage 5.19 mult 1.000 | collect 3.08s update 0.35s (10% upd)
it 8740/9765 step 17927583 SPS 656 kl 0.0004 rew 17.52 max_stage 5.19 mult 1.000 | collect 3.23s update 0.33s (9% upd)
it 8745/9765 step 17937837 SPS 656 kl 0.0004 rew 17.50 max_stage 5.20 mult 1.000 | collect 3.08s update 0.35s (10% upd)
it 8750/9765 step 17948089 SPS 656 kl 0.0006 rew 17.50 max_stage 5.20 mult 1.000 | collect 3.07s update 0.35s (10% upd)
it 8755/9765 step 17958342 SPS 656 kl 0.0005 rew 17.41 max_stage 5.18 mult 1.000 | collect 3.04s update 0.35s (10% upd)
it 8760/9765 step 17968600 SPS 656 kl 0.0003 rew 17.41 max_stage 5.18 mult 1.000 | collect 3.14s update 0.33s (10% upd)
it 8765/9765 step 17978855 SPS 656 kl 0.0004 rew 17.37 max_stage 5.17 mult 1.000 | collect 3.14s update 0.34s (10% upd)
it 8770/9765 step 17989117 SPS 656 kl 0.0004 rew 17.37 max_stage 5.17 mult 1.000 | collect 3.19s update 0.34s (10% upd)
it 8775/9765 step 17999373 SPS 656 kl 0.0004 rew 17.37 max_stage 5.17 mult 1.000 | collect 3.14s update 0.34s (10% upd)
it 8780/9765 step 18009623 SPS 656 kl 0.0004 rew 17.48 max_stage 5.19 mult 1.000 | collect 3.05s update 0.34s (10% upd)
it 8785/9765 step 18019888 SPS 656 kl 0.0004 rew 17.55 max_stage 5.22 mult 1.000 | collect 3.09s update 0.33s (10% upd)
it 8790/9765 step 18030150 SPS 656 kl 0.0004 rew 17.55 max_stage 5.22 mult 1.000 | collect 3.09s update 0.33s (10% upd)
it 8795/9765 step 18040408 SPS 656 kl 0.0003 rew 17.55 max_stage 5.22 mult 1.000 | collect 3.28s update 0.34s (9% upd)
it 8800/9765 step 18050667 SPS 656 kl 0.0004 rew 17.55 max_stage 5.22 mult 1.000 | collect 2.99s update 0.35s (10% upd)
it 8805/9765 step 18060917 SPS 656 kl 0.0004 rew 17.55 max_stage 5.22 mult 1.000 | collect 3.01s update 0.35s (10% upd)
it 8810/9765 step 18071176 SPS 656 kl 0.0004 rew 17.52 max_stage 5.22 mult 1.000 | collect 3.32s update 0.35s (10% upd)
it 8815/9765 step 18081434 SPS 656 kl 0.0004 rew 17.52 max_stage 5.22 mult 1.000 | collect 3.12s update 0.33s (10% upd)
it 8820/9765 step 18091700 SPS 656 kl 0.0005 rew 17.52 max_stage 5.22 mult 1.000 | collect 3.06s update 0.33s (10% upd)
it 8825/9765 step 18101952 SPS 656 kl 0.0003 rew 17.52 max_stage 5.22 mult 1.000 | collect 3.24s update 0.34s (9% upd)
it 8830/9765 step 18112211 SPS 656 kl 0.0005 rew 17.52 max_stage 5.22 mult 1.000 | collect 3.16s update 0.35s (10% upd)
it 8835/9765 step 18122458 SPS 656 kl 0.0005 rew 17.52 max_stage 5.22 mult 1.000 | collect 3.07s update 0.33s (10% upd)
it 8840/9765 step 18132708 SPS 656 kl 0.0003 rew 17.43 max_stage 5.21 mult 1.000 | collect 3.17s update 0.33s (9% upd)
it 8845/9765 step 18142962 SPS 656 kl 0.0004 rew 17.39 max_stage 5.21 mult 1.000 | collect 3.23s update 0.36s (10% upd)
it 8850/9765 step 18153211 SPS 656 kl 0.0004 rew 17.39 max_stage 5.21 mult 1.000 | collect 3.14s update 0.35s (10% upd)
it 8855/9765 step 18163469 SPS 656 kl 0.0004 rew 17.39 max_stage 5.21 mult 1.000 | collect 3.02s update 0.35s (10% upd)
it 8860/9765 step 18173724 SPS 656 kl 0.0003 rew 17.39 max_stage 5.21 mult 1.000 | collect 3.18s update 0.35s (10% upd)
it 8865/9765 step 18183980 SPS 655 kl 0.0002 rew 17.39 max_stage 5.21 mult 1.000 | collect 3.12s update 0.35s (10% upd)
it 8870/9765 step 18194234 SPS 655 kl 0.0003 rew 17.40 max_stage 5.21 mult 1.000 | collect 3.03s update 0.33s (10% upd)
it 8875/9765 step 18204489 SPS 655 kl 0.0005 rew 17.40 max_stage 5.21 mult 1.000 | collect 2.98s update 0.39s (12% upd)
it 8880/9765 step 18214747 SPS 655 kl 0.0003 rew 17.40 max_stage 5.21 mult 1.000 | collect 3.02s update 0.36s (11% upd)
it 8885/9765 step 18224992 SPS 655 kl 0.0003 rew 17.40 max_stage 5.21 mult 1.000 | collect 2.96s update 0.41s (12% upd)
it 8890/9765 step 18235240 SPS 655 kl 0.0003 rew 17.39 max_stage 5.21 mult 1.000 | collect 3.26s update 0.36s (10% upd)
it 8895/9765 step 18245493 SPS 655 kl 0.0002 rew 17.39 max_stage 5.21 mult 1.000 | collect 3.16s update 0.38s (11% upd)
it 8900/9765 step 18255748 SPS 655 kl 0.0003 rew 17.39 max_stage 5.21 mult 1.000 | collect 3.02s update 0.42s (12% upd)
it 8905/9765 step 18266008 SPS 655 kl 0.0005 rew 17.39 max_stage 5.21 mult 1.000 | collect 3.10s update 0.35s (10% upd)
it 8910/9765 step 18276266 SPS 655 kl 0.0002 rew 17.39 max_stage 5.21 mult 1.000 | collect 3.11s update 0.34s (10% upd)
it 8915/9765 step 18286531 SPS 655 kl 0.0004 rew 17.39 max_stage 5.21 mult 1.000 | collect 3.10s update 0.35s (10% upd)
it 8920/9765 step 18296790 SPS 655 kl 0.0004 rew 17.44 max_stage 5.24 mult 1.000 | collect 3.16s update 0.34s (10% upd)
it 8925/9765 step 18307043 SPS 655 kl 0.0002 rew 17.44 max_stage 5.24 mult 1.000 | collect 3.11s update 0.34s (10% upd)
it 8930/9765 step 18317296 SPS 655 kl 0.0003 rew 17.44 max_stage 5.24 mult 1.000 | collect 3.07s update 0.34s (10% upd)
it 8935/9765 step 18327551 SPS 655 kl 0.0003 rew 17.44 max_stage 5.24 mult 1.000 | collect 3.17s update 0.34s (10% upd)
it 8940/9765 step 18337808 SPS 655 kl 0.0002 rew 17.42 max_stage 5.22 mult 1.000 | collect 3.16s update 0.36s (10% upd)
it 8945/9765 step 18348070 SPS 655 kl 0.0003 rew 17.44 max_stage 5.24 mult 1.000 | collect 3.18s update 0.35s (10% upd)
it 8950/9765 step 18358320 SPS 655 kl 0.0003 rew 17.44 max_stage 5.24 mult 1.000 | collect 3.13s update 0.35s (10% upd)
it 8955/9765 step 18368571 SPS 655 kl 0.0003 rew 17.44 max_stage 5.24 mult 1.000 | collect 3.20s update 0.34s (10% upd)
it 8960/9765 step 18378826 SPS 655 kl 0.0003 rew 17.44 max_stage 5.25 mult 1.000 | collect 3.25s update 0.34s (10% upd)
it 8965/9765 step 18389086 SPS 655 kl 0.0003 rew 17.36 max_stage 5.25 mult 1.000 | collect 3.19s update 0.34s (10% upd)
it 8970/9765 step 18399345 SPS 655 kl 0.0003 rew 17.38 max_stage 5.25 mult 1.000 | collect 3.21s update 0.34s (10% upd)
it 8975/9765 step 18409607 SPS 655 kl 0.0003 rew 17.38 max_stage 5.25 mult 1.000 | collect 3.02s update 0.39s (11% upd)
it 8980/9765 step 18419862 SPS 655 kl 0.0003 rew 17.38 max_stage 5.25 mult 1.000 | collect 3.00s update 0.42s (12% upd)
it 8985/9765 step 18430127 SPS 655 kl 0.0002 rew 17.38 max_stage 5.25 mult 1.000 | collect 3.14s update 0.35s (10% upd)
it 8990/9765 step 18440385 SPS 654 kl 0.0004 rew 17.38 max_stage 5.25 mult 1.000 | collect 3.16s update 0.35s (10% upd)
it 8995/9765 step 18450640 SPS 654 kl 0.0003 rew 17.38 max_stage 5.25 mult 1.000 | collect 3.18s update 0.34s (10% upd)
it 9000/9765 step 18460901 SPS 654 kl 0.0003 rew 17.38 max_stage 5.25 mult 1.000 | collect 3.02s update 0.34s (10% upd)
it 9005/9765 step 18471157 SPS 654 kl 0.0003 rew 17.45 max_stage 5.26 mult 1.000 | collect 3.25s update 0.34s (9% upd)
it 9010/9765 step 18481414 SPS 654 kl 0.0002 rew 17.45 max_stage 5.26 mult 1.000 | collect 3.15s update 0.35s (10% upd)
it 9015/9765 step 18491673 SPS 654 kl 0.0004 rew 17.45 max_stage 5.28 mult 1.000 | collect 3.26s update 0.34s (9% upd)
it 9020/9765 step 18501927 SPS 654 kl 0.0002 rew 17.45 max_stage 5.28 mult 1.000 | collect 3.10s update 0.35s (10% upd)
it 9025/9765 step 18512183 SPS 654 kl 0.0003 rew 17.46 max_stage 5.30 mult 1.000 | collect 3.10s update 0.34s (10% upd)
it 9030/9765 step 18522441 SPS 654 kl 0.0002 rew 17.46 max_stage 5.30 mult 1.000 | collect 3.19s update 0.34s (10% upd)
it 9035/9765 step 18532701 SPS 654 kl 0.0004 rew 17.55 max_stage 5.31 mult 1.000 | collect 3.15s update 0.34s (10% upd)
it 9040/9765 step 18542959 SPS 654 kl 0.0002 rew 17.52 max_stage 5.30 mult 1.000 | collect 3.13s update 0.41s (12% upd)
it 9045/9765 step 18553216 SPS 654 kl 0.0002 rew 17.52 max_stage 5.30 mult 1.000 | collect 2.98s update 0.43s (13% upd)
it 9050/9765 step 18563469 SPS 654 kl 0.0003 rew 17.52 max_stage 5.30 mult 1.000 | collect 3.17s update 0.33s (10% upd)
it 9055/9765 step 18573718 SPS 654 kl 0.0002 rew 17.55 max_stage 5.31 mult 1.000 | collect 3.22s update 0.37s (10% upd)
it 9060/9765 step 18583978 SPS 654 kl 0.0003 rew 17.54 max_stage 5.30 mult 1.000 | collect 3.02s update 0.34s (10% upd)
it 9065/9765 step 18594235 SPS 654 kl 0.0002 rew 17.54 max_stage 5.30 mult 1.000 | collect 3.11s update 0.34s (10% upd)
it 9070/9765 step 18604500 SPS 654 kl 0.0003 rew 17.54 max_stage 5.30 mult 1.000 | collect 3.18s update 0.35s (10% upd)
it 9075/9765 step 18614759 SPS 654 kl 0.0002 rew 17.54 max_stage 5.30 mult 1.000 | collect 3.10s update 0.35s (10% upd)
it 9080/9765 step 18625014 SPS 654 kl 0.0004 rew 17.54 max_stage 5.30 mult 1.000 | collect 3.18s update 0.34s (10% upd)
it 9085/9765 step 18635278 SPS 654 kl 0.0002 rew 17.54 max_stage 5.30 mult 1.000 | collect 3.04s update 0.35s (10% upd)
it 9090/9765 step 18645530 SPS 654 kl 0.0002 rew 17.54 max_stage 5.30 mult 1.000 | collect 3.20s update 0.34s (10% upd)
it 9095/9765 step 18655794 SPS 654 kl 0.0002 rew 17.42 max_stage 5.28 mult 1.000 | collect 3.07s update 0.34s (10% upd)
it 9100/9765 step 18666050 SPS 654 kl 0.0002 rew 17.49 max_stage 5.29 mult 1.000 | collect 3.09s update 0.37s (11% upd)
it 9105/9765 step 18676304 SPS 654 kl 0.0002 rew 17.49 max_stage 5.29 mult 1.000 | collect 3.11s update 0.34s (10% upd)
it 9110/9765 step 18686559 SPS 654 kl 0.0002 rew 17.49 max_stage 5.29 mult 1.000 | collect 3.36s update 0.36s (10% upd)
it 9115/9765 step 18696808 SPS 654 kl 0.0002 rew 17.49 max_stage 5.29 mult 1.000 | collect 3.09s update 0.35s (10% upd)
it 9120/9765 step 18707070 SPS 653 kl 0.0002 rew 17.49 max_stage 5.29 mult 1.000 | collect 3.13s update 0.35s (10% upd)
it 9125/9765 step 18717334 SPS 653 kl 0.0003 rew 17.49 max_stage 5.29 mult 1.000 | collect 3.12s update 0.34s (10% upd)
it 9130/9765 step 18727591 SPS 653 kl 0.0002 rew 17.49 max_stage 5.29 mult 1.000 | collect 3.09s update 0.34s (10% upd)
it 9135/9765 step 18737854 SPS 653 kl 0.0003 rew 17.49 max_stage 5.29 mult 1.000 | collect 3.07s update 0.34s (10% upd)
it 9140/9765 step 18748106 SPS 653 kl 0.0002 rew 17.49 max_stage 5.29 mult 1.000 | collect 3.06s update 0.35s (10% upd)
it 9145/9765 step 18758357 SPS 653 kl 0.0002 rew 17.48 max_stage 5.28 mult 1.000 | collect 3.22s update 0.34s (9% upd)
it 9150/9765 step 18768606 SPS 653 kl 0.0003 rew 17.48 max_stage 5.28 mult 1.000 | collect 3.05s update 0.34s (10% upd)
it 9155/9765 step 18778867 SPS 653 kl 0.0002 rew 17.48 max_stage 5.28 mult 1.000 | collect 3.18s update 0.34s (10% upd)
it 9160/9765 step 18789124 SPS 653 kl 0.0001 rew 17.48 max_stage 5.28 mult 1.000 | collect 3.09s update 0.33s (10% upd)
it 9165/9765 step 18799376 SPS 653 kl 0.0003 rew 17.48 max_stage 5.28 mult 1.000 | collect 3.19s update 0.35s (10% upd)
it 9170/9765 step 18809633 SPS 653 kl 0.0002 rew 17.48 max_stage 5.28 mult 1.000 | collect 3.09s update 0.34s (10% upd)
it 9175/9765 step 18819883 SPS 653 kl 0.0002 rew 17.48 max_stage 5.28 mult 1.000 | collect 3.11s update 0.39s (11% upd)
it 9180/9765 step 18830141 SPS 653 kl 0.0001 rew 17.32 max_stage 5.27 mult 1.000 | collect 3.16s update 0.35s (10% upd)
it 9185/9765 step 18840405 SPS 653 kl 0.0002 rew 17.32 max_stage 5.27 mult 1.000 | collect 3.08s update 0.35s (10% upd)
it 9190/9765 step 18850657 SPS 653 kl 0.0002 rew 17.32 max_stage 5.27 mult 1.000 | collect 3.07s update 0.33s (10% upd)
it 9195/9765 step 18860916 SPS 653 kl 0.0001 rew 17.32 max_stage 5.27 mult 1.000 | collect 2.99s update 0.33s (10% upd)
it 9200/9765 step 18871172 SPS 653 kl 0.0002 rew 17.32 max_stage 5.27 mult 1.000 | collect 3.07s update 0.34s (10% upd)
it 9205/9765 step 18881428 SPS 653 kl 0.0002 rew 17.32 max_stage 5.27 mult 1.000 | collect 3.34s update 0.33s (9% upd)
it 9210/9765 step 18891678 SPS 653 kl 0.0001 rew 17.33 max_stage 5.26 mult 1.000 | collect 3.05s update 0.34s (10% upd)
it 9215/9765 step 18901938 SPS 653 kl 0.0002 rew 17.40 max_stage 5.27 mult 1.000 | collect 3.20s update 0.34s (10% upd)
it 9220/9765 step 18912187 SPS 653 kl 0.0002 rew 17.41 max_stage 5.28 mult 1.000 | collect 3.04s update 0.35s (10% upd)
it 9225/9765 step 18922442 SPS 653 kl 0.0001 rew 17.41 max_stage 5.28 mult 1.000 | collect 3.07s update 0.35s (10% upd)
it 9230/9765 step 18932696 SPS 653 kl 0.0002 rew 17.41 max_stage 5.28 mult 1.000 | collect 3.07s update 0.33s (10% upd)
it 9235/9765 step 18942952 SPS 653 kl 0.0002 rew 17.43 max_stage 5.28 mult 1.000 | collect 3.38s update 0.35s (9% upd)
it 9240/9765 step 18953219 SPS 653 kl 0.0002 rew 17.43 max_stage 5.28 mult 1.000 | collect 3.03s update 0.35s (10% upd)
it 9245/9765 step 18963477 SPS 653 kl 0.0001 rew 17.46 max_stage 5.28 mult 1.000 | collect 3.08s update 0.33s (10% upd)
it 9250/9765 step 18973732 SPS 653 kl 0.0001 rew 17.46 max_stage 5.28 mult 1.000 | collect 3.27s update 0.35s (10% upd)
it 9255/9765 step 18983992 SPS 652 kl 0.0001 rew 17.49 max_stage 5.29 mult 1.000 | collect 3.23s update 0.33s (9% upd)
it 9260/9765 step 18994249 SPS 652 kl 0.0002 rew 17.49 max_stage 5.29 mult 1.000 | collect 3.06s update 0.35s (10% upd)
it 9265/9765 step 19004506 SPS 652 kl 0.0001 rew 17.49 max_stage 5.29 mult 1.000 | collect 3.18s update 0.33s (10% upd)
it 9270/9765 step 19014755 SPS 652 kl 0.0001 rew 17.49 max_stage 5.29 mult 1.000 | collect 3.07s update 0.35s (10% upd)
it 9275/9765 step 19025006 SPS 652 kl 0.0001 rew 17.48 max_stage 5.29 mult 1.000 | collect 3.09s update 0.34s (10% upd)
it 9280/9765 step 19035261 SPS 652 kl 0.0001 rew 17.48 max_stage 5.29 mult 1.000 | collect 3.21s update 0.37s (10% upd)
it 9285/9765 step 19045518 SPS 652 kl 0.0001 rew 17.48 max_stage 5.29 mult 1.000 | collect 3.03s update 0.37s (11% upd)
it 9290/9765 step 19055774 SPS 652 kl 0.0002 rew 17.48 max_stage 5.29 mult 1.000 | collect 3.01s update 0.43s (12% upd)
it 9295/9765 step 19066027 SPS 652 kl 0.0001 rew 17.48 max_stage 5.29 mult 1.000 | collect 3.07s update 0.35s (10% upd)
it 9300/9765 step 19076283 SPS 652 kl 0.0001 rew 17.48 max_stage 5.29 mult 1.000 | collect 2.97s update 0.35s (11% upd)
it 9305/9765 step 19086543 SPS 652 kl 0.0002 rew 17.48 max_stage 5.29 mult 1.000 | collect 3.09s update 0.35s (10% upd)
it 9310/9765 step 19096804 SPS 652 kl 0.0001 rew 17.48 max_stage 5.29 mult 1.000 | collect 3.05s update 0.33s (10% upd)
it 9315/9765 step 19107066 SPS 652 kl 0.0002 rew 17.42 max_stage 5.29 mult 1.000 | collect 3.05s update 0.36s (11% upd)
it 9320/9765 step 19117331 SPS 652 kl 0.0001 rew 17.42 max_stage 5.29 mult 1.000 | collect 3.12s update 0.35s (10% upd)
it 9325/9765 step 19127586 SPS 652 kl 0.0001 rew 17.47 max_stage 5.29 mult 1.000 | collect 3.03s update 0.41s (12% upd)
it 9330/9765 step 19137844 SPS 652 kl 0.0001 rew 17.47 max_stage 5.29 mult 1.000 | collect 3.18s update 0.33s (10% upd)
it 9335/9765 step 19148096 SPS 652 kl 0.0002 rew 17.52 max_stage 5.31 mult 1.000 | collect 3.01s update 0.33s (10% upd)
it 9340/9765 step 19158353 SPS 652 kl 0.0001 rew 17.50 max_stage 5.30 mult 1.000 | collect 3.14s update 0.36s (10% upd)
it 9345/9765 step 19168601 SPS 652 kl 0.0001 rew 17.50 max_stage 5.30 mult 1.000 | collect 3.13s update 0.36s (10% upd)
it 9350/9765 step 19178852 SPS 652 kl 0.0001 rew 17.50 max_stage 5.30 mult 1.000 | collect 3.03s update 0.35s (10% upd)
it 9355/9765 step 19189102 SPS 652 kl 0.0001 rew 17.50 max_stage 5.30 mult 1.000 | collect 3.11s update 0.35s (10% upd)
it 9360/9765 step 19199360 SPS 652 kl 0.0001 rew 17.50 max_stage 5.30 mult 1.000 | collect 3.08s update 0.35s (10% upd)
it 9365/9765 step 19209617 SPS 652 kl 0.0001 rew 17.52 max_stage 5.33 mult 1.000 | collect 3.16s update 0.34s (10% upd)
it 9370/9765 step 19219882 SPS 652 kl 0.0001 rew 17.54 max_stage 5.33 mult 1.000 | collect 3.04s update 0.35s (10% upd)
it 9375/9765 step 19230142 SPS 652 kl 0.0002 rew 17.54 max_stage 5.33 mult 1.000 | collect 3.13s update 0.34s (10% upd)
it 9380/9765 step 19240411 SPS 652 kl 0.0001 rew 17.54 max_stage 5.33 mult 1.000 | collect 3.05s update 0.39s (11% upd)
it 9385/9765 step 19250674 SPS 652 kl 0.0001 rew 17.66 max_stage 5.36 mult 1.000 | collect 2.97s update 0.40s (12% upd)
it 9390/9765 step 19260931 SPS 652 kl 0.0001 rew 17.66 max_stage 5.36 mult 1.000 | collect 3.09s update 0.38s (11% upd)
it 9395/9765 step 19271191 SPS 652 kl 0.0001 rew 17.66 max_stage 5.36 mult 1.000 | collect 2.96s update 0.39s (12% upd)
it 9400/9765 step 19281439 SPS 652 kl 0.0001 rew 17.62 max_stage 5.35 mult 1.000 | collect 3.00s update 0.41s (12% upd)
it 9405/9765 step 19291710 SPS 651 kl 0.0001 rew 17.62 max_stage 5.35 mult 1.000 | collect 3.04s update 0.35s (10% upd)
it 9410/9765 step 19301963 SPS 651 kl 0.0001 rew 17.59 max_stage 5.35 mult 1.000 | collect 3.05s update 0.34s (10% upd)
it 9415/9765 step 19312219 SPS 651 kl 0.0001 rew 17.59 max_stage 5.35 mult 1.000 | collect 3.08s update 0.33s (10% upd)
it 9420/9765 step 19322481 SPS 651 kl 0.0001 rew 17.59 max_stage 5.35 mult 1.000 | collect 3.07s update 0.35s (10% upd)
it 9425/9765 step 19332736 SPS 651 kl 0.0001 rew 17.62 max_stage 5.35 mult 1.000 | collect 3.12s update 0.33s (10% upd)
it 9430/9765 step 19342993 SPS 651 kl 0.0001 rew 17.62 max_stage 5.35 mult 1.000 | collect 3.01s update 0.33s (10% upd)
it 9435/9765 step 19353256 SPS 651 kl 0.0001 rew 17.62 max_stage 5.35 mult 1.000 | collect 3.20s update 0.34s (10% upd)
it 9440/9765 step 19363516 SPS 651 kl 0.0001 rew 17.58 max_stage 5.34 mult 1.000 | collect 3.10s update 0.34s (10% upd)
it 9445/9765 step 19373766 SPS 651 kl 0.0001 rew 17.64 max_stage 5.37 mult 1.000 | collect 3.02s update 0.35s (10% upd)
it 9450/9765 step 19384032 SPS 651 kl 0.0001 rew 17.64 max_stage 5.37 mult 1.000 | collect 3.24s update 0.34s (9% upd)
it 9455/9765 step 19394295 SPS 651 kl 0.0001 rew 17.64 max_stage 5.37 mult 1.000 | collect 3.17s update 0.33s (10% upd)
it 9460/9765 step 19404554 SPS 651 kl 0.0001 rew 17.64 max_stage 5.37 mult 1.000 | collect 3.07s update 0.35s (10% upd)
it 9465/9765 step 19414812 SPS 651 kl 0.0000 rew 17.64 max_stage 5.37 mult 1.000 | collect 3.15s update 0.35s (10% upd)
it 9470/9765 step 19425073 SPS 651 kl 0.0001 rew 17.64 max_stage 5.37 mult 1.000 | collect 3.23s update 0.35s (10% upd)
it 9475/9765 step 19435326 SPS 651 kl 0.0001 rew 17.64 max_stage 5.38 mult 1.000 | collect 3.12s update 0.34s (10% upd)
it 9480/9765 step 19445582 SPS 651 kl 0.0001 rew 17.64 max_stage 5.38 mult 1.000 | collect 3.32s update 0.34s (9% upd)
it 9485/9765 step 19455844 SPS 651 kl 0.0001 rew 17.64 max_stage 5.38 mult 1.000 | collect 3.05s update 0.35s (10% upd)
it 9490/9765 step 19466100 SPS 651 kl 0.0001 rew 17.64 max_stage 5.38 mult 1.000 | collect 3.07s update 0.35s (10% upd)
it 9495/9765 step 19476360 SPS 651 kl 0.0000 rew 17.64 max_stage 5.38 mult 1.000 | collect 3.10s update 0.33s (10% upd)
it 9500/9765 step 19486624 SPS 651 kl 0.0001 rew 17.64 max_stage 5.38 mult 1.000 | collect 3.04s update 0.33s (10% upd)
it 9505/9765 step 19496878 SPS 651 kl 0.0000 rew 17.66 max_stage 5.38 mult 1.000 | collect 3.27s update 0.35s (10% upd)
it 9510/9765 step 19507128 SPS 651 kl 0.0001 rew 17.66 max_stage 5.38 mult 1.000 | collect 3.22s update 0.34s (9% upd)
it 9515/9765 step 19517380 SPS 651 kl 0.0000 rew 17.61 max_stage 5.37 mult 1.000 | collect 3.13s update 0.41s (11% upd)
it 9520/9765 step 19527639 SPS 651 kl 0.0001 rew 17.50 max_stage 5.35 mult 1.000 | collect 3.07s update 0.35s (10% upd)
it 9525/9765 step 19537899 SPS 651 kl 0.0001 rew 17.50 max_stage 5.35 mult 1.000 | collect 3.11s update 0.35s (10% upd)
it 9530/9765 step 19548151 SPS 651 kl 0.0000 rew 17.50 max_stage 5.35 mult 1.000 | collect 3.10s update 0.34s (10% upd)
it 9535/9765 step 19558410 SPS 651 kl 0.0001 rew 17.50 max_stage 5.35 mult 1.000 | collect 3.11s update 0.33s (10% upd)
it 9540/9765 step 19568668 SPS 651 kl 0.0000 rew 17.45 max_stage 5.34 mult 1.000 | collect 3.10s update 0.34s (10% upd)
it 9545/9765 step 19578925 SPS 651 kl 0.0001 rew 17.42 max_stage 5.33 mult 1.000 | collect 3.13s update 0.35s (10% upd)
it 9550/9765 step 19589174 SPS 651 kl 0.0000 rew 17.46 max_stage 5.35 mult 1.000 | collect 3.21s update 0.34s (9% upd)
it 9555/9765 step 19599431 SPS 651 kl 0.0000 rew 17.46 max_stage 5.35 mult 1.000 | collect 3.17s update 0.34s (10% upd)
it 9560/9765 step 19609686 SPS 650 kl 0.0000 rew 17.46 max_stage 5.35 mult 1.000 | collect 3.10s update 0.34s (10% upd)
it 9565/9765 step 19619937 SPS 650 kl 0.0000 rew 17.46 max_stage 5.35 mult 1.000 | collect 3.22s update 0.34s (9% upd)
it 9570/9765 step 19630184 SPS 650 kl 0.0000 rew 17.46 max_stage 5.35 mult 1.000 | collect 3.08s update 0.35s (10% upd)
it 9575/9765 step 19640442 SPS 650 kl 0.0000 rew 17.46 max_stage 5.35 mult 1.000 | collect 3.32s update 0.34s (9% upd)
it 9580/9765 step 19650709 SPS 650 kl 0.0000 rew 17.52 max_stage 5.36 mult 1.000 | collect 2.99s update 0.33s (10% upd)
it 9585/9765 step 19660975 SPS 650 kl 0.0000 rew 17.63 max_stage 5.38 mult 1.000 | collect 3.08s update 0.35s (10% upd)
it 9590/9765 step 19671228 SPS 650 kl 0.0000 rew 17.53 max_stage 5.35 mult 1.000 | collect 3.16s update 0.35s (10% upd)
it 9595/9765 step 19681481 SPS 650 kl 0.0000 rew 17.53 max_stage 5.35 mult 1.000 | collect 3.03s update 0.34s (10% upd)
it 9600/9765 step 19691744 SPS 650 kl 0.0000 rew 17.53 max_stage 5.35 mult 1.000 | collect 3.05s update 0.34s (10% upd)
it 9605/9765 step 19702003 SPS 650 kl 0.0000 rew 17.53 max_stage 5.35 mult 1.000 | collect 3.20s update 0.33s (9% upd)
it 9610/9765 step 19712267 SPS 650 kl 0.0000 rew 17.49 max_stage 5.33 mult 1.000 | collect 3.06s update 0.34s (10% upd)
it 9615/9765 step 19722527 SPS 650 kl 0.0000 rew 17.49 max_stage 5.33 mult 1.000 | collect 3.08s update 0.34s (10% upd)
it 9620/9765 step 19732785 SPS 650 kl 0.0000 rew 17.49 max_stage 5.33 mult 1.000 | collect 3.04s update 0.35s (10% upd)
it 9625/9765 step 19743041 SPS 650 kl 0.0000 rew 17.49 max_stage 5.33 mult 1.000 | collect 3.04s update 0.35s (10% upd)
it 9630/9765 step 19753300 SPS 650 kl 0.0000 rew 17.49 max_stage 5.33 mult 1.000 | collect 3.13s update 0.34s (10% upd)
it 9635/9765 step 19763561 SPS 650 kl 0.0000 rew 17.65 max_stage 5.36 mult 1.000 | collect 3.10s update 0.34s (10% upd)
it 9640/9765 step 19773819 SPS 650 kl 0.0000 rew 17.65 max_stage 5.36 mult 1.000 | collect 3.03s update 0.35s (10% upd)
it 9645/9765 step 19784082 SPS 650 kl 0.0000 rew 17.65 max_stage 5.36 mult 1.000 | collect 3.12s update 0.34s (10% upd)
it 9650/9765 step 19794347 SPS 650 kl 0.0000 rew 17.60 max_stage 5.35 mult 1.000 | collect 3.18s update 0.34s (10% upd)
it 9655/9765 step 19804606 SPS 650 kl 0.0000 rew 17.60 max_stage 5.35 mult 1.000 | collect 3.11s update 0.35s (10% upd)
it 9660/9765 step 19814860 SPS 650 kl 0.0000 rew 17.60 max_stage 5.35 mult 1.000 | collect 3.24s update 0.34s (9% upd)
it 9665/9765 step 19825111 SPS 650 kl 0.0000 rew 17.60 max_stage 5.35 mult 1.000 | collect 3.05s update 0.35s (10% upd)
it 9670/9765 step 19835368 SPS 650 kl 0.0000 rew 17.60 max_stage 5.35 mult 1.000 | collect 3.24s update 0.35s (10% upd)
it 9675/9765 step 19845624 SPS 650 kl 0.0000 rew 17.68 max_stage 5.34 mult 1.000 | collect 3.07s update 0.40s (12% upd)
it 9680/9765 step 19855882 SPS 650 kl 0.0000 rew 17.66 max_stage 5.34 mult 1.000 | collect 3.07s update 0.43s (12% upd)
it 9685/9765 step 19866144 SPS 650 kl 0.0000 rew 17.66 max_stage 5.34 mult 1.000 | collect 3.13s update 0.35s (10% upd)
it 9690/9765 step 19876397 SPS 650 kl 0.0000 rew 17.66 max_stage 5.34 mult 1.000 | collect 3.15s update 0.35s (10% upd)
it 9695/9765 step 19886648 SPS 650 kl 0.0000 rew 17.66 max_stage 5.34 mult 1.000 | collect 3.24s update 0.33s (9% upd)
it 9700/9765 step 19896909 SPS 650 kl 0.0000 rew 17.66 max_stage 5.34 mult 1.000 | collect 2.98s update 0.38s (11% upd)
it 9705/9765 step 19907168 SPS 650 kl 0.0000 rew 17.66 max_stage 5.34 mult 1.000 | collect 3.05s update 0.41s (12% upd)
it 9710/9765 step 19917437 SPS 650 kl 0.0000 rew 17.73 max_stage 5.36 mult 1.000 | collect 3.16s update 0.39s (11% upd)
it 9715/9765 step 19927703 SPS 649 kl 0.0000 rew 17.73 max_stage 5.36 mult 1.000 | collect 3.14s update 0.33s (10% upd)
it 9720/9765 step 19937962 SPS 649 kl 0.0000 rew 17.88 max_stage 5.37 mult 1.000 | collect 3.18s update 0.35s (10% upd)
it 9725/9765 step 19948209 SPS 649 kl 0.0000 rew 17.88 max_stage 5.37 mult 1.000 | collect 3.00s update 0.37s (11% upd)
it 9730/9765 step 19958470 SPS 649 kl 0.0000 rew 17.88 max_stage 5.37 mult 1.000 | collect 3.09s update 0.34s (10% upd)
it 9735/9765 step 19968727 SPS 649 kl 0.0000 rew 17.88 max_stage 5.37 mult 1.000 | collect 3.04s update 0.33s (10% upd)
it 9740/9765 step 19978987 SPS 649 kl 0.0000 rew 17.84 max_stage 5.36 mult 1.000 | collect 3.02s update 0.35s (10% upd)
it 9745/9765 step 19989243 SPS 649 kl 0.0000 rew 17.84 max_stage 5.36 mult 1.000 | collect 3.10s update 0.33s (10% upd)
it 9750/9765 step 19999507 SPS 649 kl 0.0000 rew 17.84 max_stage 5.36 mult 1.000 | collect 3.05s update 0.34s (10% upd)
it 9755/9765 step 20009759 SPS 649 kl 0.0000 rew 17.84 max_stage 5.36 mult 1.000 | collect 3.03s update 0.35s (10% upd)
it 9760/9765 step 20020014 SPS 649 kl 0.0000 rew 17.84 max_stage 5.36 mult 1.000 | collect 3.07s update 0.34s (10% upd)
it 9765/9765 step 20030270 SPS 649 kl 0.0000 rew 17.84 max_stage 5.36 mult 1.000 | collect 3.06s update 0.34s (10% upd)
wandb: updating run metadata
wandb: 
wandb: Run history:
wandb:               charts/SPS ▁▁▁▁▁▁▂▃▇█▇▆▆▆▅▅▅▅▅▄▄▄▄▄▄▃▃▃▃▃▃▃▃▃▃▃▃▃▂▂
wandb: progress/best_stage_ever ▁███████████████████████████████████████
wandb:      rollout/ep_len_mean ▁█▇▇▇█▇█▆▇▆▅▅▅▆▅▆▆▆▆▅▆▅▅▆▆▆▆▇▇▇▇▇▇▇▅▆▆▅▆
wandb:      rollout/ep_rew_mean ▁▁▄███▇█▇▇███▇▇█▇▇▇▇███▇▇██▇▇▇▇▇▇▇▇▇▇▇▇▇
wandb:         stage_reach/ge_1 ▁▁▁▁▁▁▁▁▁▁▁▁▁▁▁▁▁▁▁▁▁▁▁▁▁▁▁▁▁▁▁▁▁▁▁▁▁▁▁▁
wandb:        stage_reach/ge_10 ▁▁▁▁▁▁▁▁▁▁▁▁▁▁▁▁▁▁▁▁▁▁▁▁▁▁▁▁▁▁▁▁▁▁▁▁▁▁▁▁
wandb:         stage_reach/ge_2 ██████▆▅▅▃▃▃▂▂▂▅▃▃▃▃▃▆▆▆▆▆▇▇▆▆▆▅▅▅▂▂▁▁▂▂
wandb:         stage_reach/ge_3 ▁▆▇▇████████████████████████████████████
wandb:         stage_reach/ge_4 ▁▇▇███▇▇▇▇▇▇▇▇▇██▇▇▇▇████▇██████████▇▇▇█
wandb:         stage_reach/ge_5 ▁█▆▅▅▃▄▃▃▃▃▇▆▅▅▆▅▅▄▄▇█▆▆▅▆▆▇▇▆▃▄▃▃▃▃▃▃▃▄
wandb:                      +24 ...
wandb: 
wandb: Run summary:
wandb:               charts/SPS 649
wandb: progress/best_stage_ever 9
wandb:      rollout/ep_len_mean 24290.985
wandb:      rollout/ep_rew_mean 17.83898
wandb:         stage_reach/ge_1 1
wandb:        stage_reach/ge_10 0
wandb:         stage_reach/ge_2 0.975
wandb:         stage_reach/ge_3 0.925
wandb:         stage_reach/ge_4 0.835
wandb:         stage_reach/ge_5 0.69
wandb:                      +24 ...
wandb: 
wandb: 🚀 View run 06:09PM-Jun-14-2026_cleanrl_753420 at: https://wandb.ai/ningcong-chen/ppo-new-200M/runs/kmbbfcy0
wandb: ⭐️ View project at: https://wandb.ai/ningcong-chen/ppo-new-200M
wandb: Synced 8 W&B file(s), 0 media file(s), 0 artifact file(s) and 0 other file(s)
wandb: Find logs at: ./wandb/run-20260614_180916-kmbbfcy0/logs
