[env] per-env continue_game schedule: [0, 0, 0, 0, 1.0, 1.0, 1.0, 1.0, -20, -20, -20, -20, -50, -50, -50, -50]
[env] ASYNC collection (M=16 free-running, budget=2048/rollout)
[env] ready launch=1.5s make=8.7s
Agent(
  (cnn): NatureCNN(
    (cnn): Sequential(
      (0): Conv2d(4, 32, kernel_size=(8, 8), stride=(4, 4))
      (1): ReLU()
      (2): Conv2d(32, 64, kernel_size=(4, 4), stride=(2, 2))
      (3): ReLU()
      (4): Conv2d(64, 64, kernel_size=(3, 3), stride=(1, 1))
      (5): ReLU()
      (6): Flatten(start_dim=1, end_dim=-1)
    )
    (fc): Sequential(
      (0): Linear(in_features=9216, out_features=256, bias=True)
      (1): ReLU()
    )
  )
  (pi): Sequential(
    (0): Linear(in_features=396, out_features=64, bias=True)
    (1): Tanh()
    (2): Linear(in_features=64, out_features=64, bias=True)
    (3): Tanh()
  )
  (vf): Sequential(
    (0): Linear(in_features=396, out_features=64, bias=True)
    (1): Tanh()
    (2): Linear(in_features=64, out_features=64, bias=True)
    (3): Tanh()
  )
  (actor): Linear(in_features=64, out_features=19, bias=True)
  (critic): Linear(in_features=64, out_features=1, bias=True)
)
params=2,497,972 nvec=[9, 10] vec_dim=140
[bootstrap] loaded agent weights from results/02:38PM-Jun-14-2026_cleanrl_228876/model/ckpt_17000802.pt (trained to step 17000802); fresh optimizer, LR 0.0001->0.0
/home/zzhang18/nchen3/sfiii/.venv/lib/python3.10/site-packages/pydantic/_internal/_generate_schema.py:2274: UnsupportedFieldAttributeWarning: The 'repr' attribute with value False was provided to the `Field()` function, which has no effect in the context it was used. 'repr' is field-specific metadata, and can only be attached to a model field using `Annotated` metadata or by assignment. This may have happened because an `Annotated` type alias using the `type` statement was used, or if the `Field()` function was attached to a single member of a union type.
  warnings.warn(
/home/zzhang18/nchen3/sfiii/.venv/lib/python3.10/site-packages/pydantic/_internal/_generate_schema.py:2274: UnsupportedFieldAttributeWarning: The 'frozen' attribute with value True was provided to the `Field()` function, which has no effect in the context it was used. 'frozen' is field-specific metadata, and can only be attached to a model field using `Annotated` metadata or by assignment. This may have happened because an `Annotated` type alias using the `type` statement was used, or if the `Field()` function was attached to a single member of a union type.
  warnings.warn(
wandb: Currently logged in as: nchen3 (ningcong-chen) to https://api.wandb.ai. Use `wandb login --relogin` to force relogin
wandb: setting up run 3re1kq49
wandb: Tracking run with wandb version 0.22.2
wandb: Run data is saved locally in /home/zzhang18/nchen3/sfiii/wandb/run-20260614_210345-3re1kq49
wandb: Run `wandb offline` to turn off syncing.
wandb: Syncing run 09:03PM-Jun-14-2026_cleanrl_524533
wandb: ⭐️ View project at https://wandb.ai/ningcong-chen/ppo-new-200M
wandb: 🚀 View run at https://wandb.ai/ningcong-chen/ppo-new-200M/runs/3re1kq49
it 1/9765 step 2050 SPS 526 kl -0.0000 rew 0.00 max_stage 0.00 mult 1.000 | collect 3.08s update 0.51s (14% upd)
it 5/9765 step 10260 SPS 585 kl 0.0002 rew 0.00 max_stage 0.00 mult 1.000 | collect 3.07s update 0.33s (10% upd)
it 10/9765 step 20519 SPS 594 kl 0.0006 rew 0.00 max_stage 0.00 mult 1.000 | collect 3.06s update 0.35s (10% upd)
it 15/9765 step 30776 SPS 594 kl 0.0016 rew 0.00 max_stage 0.00 mult 1.000 | collect 3.13s update 0.34s (10% upd)
it 20/9765 step 41037 SPS 595 kl 0.0022 rew 0.00 max_stage 0.00 mult 1.000 | collect 3.10s update 0.35s (10% upd)
it 25/9765 step 51308 SPS 596 kl 0.0031 rew 0.00 max_stage 0.00 mult 1.000 | collect 3.04s update 0.41s (12% upd)
it 30/9765 step 61559 SPS 595 kl 0.0038 rew 0.00 max_stage 0.00 mult 1.000 | collect 3.13s update 0.43s (12% upd)
it 35/9765 step 71811 SPS 595 kl 0.0040 rew 0.00 max_stage 0.00 mult 1.000 | collect 3.22s update 0.38s (11% upd)
it 40/9765 step 82067 SPS 594 kl 0.0040 rew 0.00 max_stage 0.00 mult 1.000 | collect 2.97s update 0.39s (12% upd)
it 45/9765 step 92323 SPS 596 kl 0.0044 rew 0.00 max_stage 0.00 mult 0.868 | collect 3.07s update 0.33s (10% upd)
it 50/9765 step 102586 SPS 597 kl 0.0041 rew 0.00 max_stage 0.00 mult 0.628 | collect 3.07s update 0.23s (7% upd)
it 55/9765 step 112838 SPS 597 kl 0.0055 rew 0.00 max_stage 0.00 mult 0.654 | collect 3.05s update 0.33s (10% upd)
it 60/9765 step 123096 SPS 598 kl 0.0048 rew 0.00 max_stage 0.00 mult 0.568 | collect 3.01s update 0.26s (8% upd)
it 65/9765 step 133354 SPS 598 kl 0.0041 rew 0.00 max_stage 0.00 mult 0.274 | collect 3.08s update 0.33s (10% upd)
it 70/9765 step 143607 SPS 598 kl 0.0047 rew 0.00 max_stage 0.00 mult 0.642 | collect 3.04s update 0.34s (10% upd)
it 75/9765 step 153870 SPS 598 kl 0.0040 rew 0.00 max_stage 0.00 mult 0.371 | collect 3.06s update 0.26s (8% upd)
it 80/9765 step 164134 SPS 598 kl 0.0041 rew 0.00 max_stage 0.00 mult 0.484 | collect 3.22s update 0.17s (5% upd)
it 85/9765 step 174401 SPS 598 kl 0.0043 rew 0.00 max_stage 0.00 mult 0.630 | collect 3.12s update 0.33s (10% upd)
it 90/9765 step 184654 SPS 600 kl 0.0046 rew 0.00 max_stage 0.00 mult 0.455 | collect 2.94s update 0.33s (10% upd)
it 95/9765 step 194919 SPS 599 kl 0.0042 rew 7.70 max_stage 2.00 mult 0.329 | collect 3.12s update 0.26s (8% upd)
it 100/9765 step 205186 SPS 599 kl 0.0063 rew 7.70 max_stage 2.00 mult 0.429 | collect 3.14s update 0.29s (8% upd)
it 105/9765 step 215452 SPS 600 kl 0.0048 rew 7.70 max_stage 2.00 mult 0.310 | collect 3.07s update 0.28s (8% upd)
it 110/9765 step 225699 SPS 599 kl 0.0061 rew 7.70 max_stage 2.00 mult 0.388 | collect 3.16s update 0.33s (9% upd)
it 115/9765 step 235964 SPS 600 kl 0.0047 rew 7.70 max_stage 2.00 mult 0.281 | collect 3.06s update 0.26s (8% upd)
it 120/9765 step 246213 SPS 600 kl 0.0070 rew 7.70 max_stage 2.00 mult 0.292 | collect 3.02s update 0.33s (10% upd)
it 125/9765 step 256470 SPS 600 kl 0.0060 rew 7.70 max_stage 2.00 mult 0.304 | collect 3.27s update 0.31s (9% upd)
it 130/9765 step 266730 SPS 600 kl 0.0042 rew 7.70 max_stage 2.00 mult 0.264 | collect 3.07s update 0.20s (6% upd)
it 135/9765 step 276985 SPS 600 kl 0.0067 rew 7.70 max_stage 2.00 mult 0.330 | collect 3.04s update 0.27s (8% upd)
it 140/9765 step 287233 SPS 600 kl 0.0055 rew 7.70 max_stage 2.00 mult 0.191 | collect 3.13s update 0.32s (9% upd)
it 145/9765 step 297481 SPS 600 kl 0.0033 rew 7.70 max_stage 2.00 mult 0.299 | collect 3.08s update 0.34s (10% upd)
it 150/9765 step 307728 SPS 600 kl 0.0049 rew 12.03 max_stage 3.00 mult 0.173 | collect 3.04s update 0.29s (9% upd)
it 155/9765 step 317986 SPS 600 kl 0.0037 rew 12.03 max_stage 3.00 mult 0.324 | collect 2.96s update 0.43s (13% upd)
it 160/9765 step 328242 SPS 600 kl 0.0045 rew 12.03 max_stage 3.00 mult 0.281 | collect 3.05s update 0.36s (11% upd)
it 165/9765 step 338498 SPS 600 kl 0.0033 rew 12.03 max_stage 3.00 mult 0.204 | collect 3.04s update 0.33s (10% upd)
it 170/9765 step 348754 SPS 600 kl 0.0042 rew 12.03 max_stage 3.00 mult 0.265 | collect 3.08s update 0.35s (10% upd)
it 175/9765 step 359014 SPS 601 kl 0.0055 rew 12.03 max_stage 3.00 mult 0.192 | collect 3.07s update 0.13s (4% upd)
it 180/9765 step 369265 SPS 601 kl 0.0071 rew 13.84 max_stage 3.67 mult 0.250 | collect 3.20s update 0.28s (8% upd)
it 185/9765 step 379515 SPS 600 kl 0.0052 rew 12.64 max_stage 3.75 mult 0.217 | collect 3.04s update 0.23s (7% upd)
it 190/9765 step 389771 SPS 601 kl 0.0068 rew 12.64 max_stage 3.75 mult 0.188 | collect 3.10s update 0.33s (10% upd)
it 195/9765 step 400027 SPS 601 kl 0.0054 rew 12.64 max_stage 3.75 mult 0.163 | collect 3.12s update 0.34s (10% upd)
it 200/9765 step 410276 SPS 601 kl 0.0052 rew 12.64 max_stage 3.75 mult 0.213 | collect 3.05s update 0.23s (7% upd)
it 205/9765 step 420524 SPS 601 kl 0.0036 rew 12.64 max_stage 3.75 mult 0.185 | collect 3.07s update 0.33s (10% upd)
it 210/9765 step 430778 SPS 601 kl 0.0038 rew 12.64 max_stage 3.75 mult 0.134 | collect 3.10s update 0.25s (8% upd)
it 215/9765 step 441032 SPS 601 kl 0.0061 rew 12.64 max_stage 3.75 mult 0.139 | collect 3.03s update 0.35s (10% upd)
it 220/9765 step 451283 SPS 601 kl 0.0070 rew 12.64 max_stage 3.75 mult 0.181 | collect 3.15s update 0.30s (9% upd)
it 225/9765 step 461528 SPS 601 kl 0.0044 rew 12.64 max_stage 3.75 mult 0.131 | collect 3.20s update 0.25s (7% upd)
it 230/9765 step 471792 SPS 601 kl 0.0053 rew 12.64 max_stage 3.75 mult 0.136 | collect 2.99s update 0.40s (12% upd)
it 235/9765 step 482041 SPS 601 kl 0.0050 rew 12.64 max_stage 3.75 mult 0.142 | collect 3.24s update 0.31s (9% upd)
it 240/9765 step 492299 SPS 601 kl 0.0060 rew 12.64 max_stage 3.75 mult 0.128 | collect 2.97s update 0.38s (11% upd)
it 245/9765 step 502564 SPS 601 kl 0.0040 rew 12.64 max_stage 3.75 mult 0.167 | collect 3.05s update 0.20s (6% upd)
it 250/9765 step 512821 SPS 601 kl 0.0060 rew 12.64 max_stage 3.75 mult 0.121 | collect 3.08s update 0.32s (9% upd)
it 255/9765 step 523076 SPS 601 kl 0.0042 rew 12.64 max_stage 3.75 mult 0.107 | collect 3.05s update 0.24s (7% upd)
it 260/9765 step 533323 SPS 601 kl 0.0059 rew 12.64 max_stage 3.75 mult 0.139 | collect 3.04s update 0.24s (7% upd)
it 265/9765 step 543583 SPS 601 kl 0.0049 rew 12.64 max_stage 3.75 mult 0.181 | collect 3.15s update 0.35s (10% upd)
it 270/9765 step 553832 SPS 601 kl 0.0055 rew 12.64 max_stage 3.75 mult 0.131 | collect 3.11s update 0.30s (9% upd)
it 275/9765 step 564091 SPS 601 kl 0.0068 rew 12.64 max_stage 3.75 mult 0.137 | collect 3.12s update 0.33s (10% upd)
it 280/9765 step 574346 SPS 601 kl 0.0047 rew 12.64 max_stage 3.75 mult 0.119 | collect 3.01s update 0.26s (8% upd)
it 285/9765 step 584601 SPS 601 kl 0.0064 rew 12.64 max_stage 3.75 mult 0.129 | collect 3.03s update 0.32s (10% upd)
it 290/9765 step 594859 SPS 601 kl 0.0054 rew 12.64 max_stage 3.75 mult 0.161 | collect 3.27s update 0.35s (10% upd)
it 295/9765 step 605107 SPS 601 kl 0.0040 rew 12.64 max_stage 3.75 mult 0.155 | collect 3.00s update 0.34s (10% upd)
it 300/9765 step 615364 SPS 601 kl 0.0035 rew 12.64 max_stage 3.75 mult 0.161 | collect 3.15s update 0.17s (5% upd)
it 305/9765 step 625627 SPS 601 kl 0.0059 rew 15.40 max_stage 4.20 mult 0.168 | collect 3.16s update 0.22s (7% upd)
it 310/9765 step 635880 SPS 601 kl 0.0059 rew 15.40 max_stage 4.20 mult 0.146 | collect 3.13s update 0.28s (8% upd)
it 315/9765 step 646143 SPS 601 kl 0.0055 rew 15.40 max_stage 4.20 mult 0.126 | collect 3.09s update 0.35s (10% upd)
it 320/9765 step 656404 SPS 601 kl 0.0060 rew 15.40 max_stage 4.20 mult 0.129 | collect 3.06s update 0.36s (11% upd)
it 325/9765 step 666664 SPS 601 kl 0.0039 rew 15.40 max_stage 4.20 mult 0.168 | collect 2.98s update 0.41s (12% upd)
it 330/9765 step 676917 SPS 601 kl 0.0037 rew 15.40 max_stage 4.20 mult 0.175 | collect 2.99s update 0.37s (11% upd)
it 335/9765 step 687174 SPS 601 kl 0.0047 rew 15.40 max_stage 4.20 mult 0.127 | collect 3.09s update 0.21s (6% upd)
it 340/9765 step 697447 SPS 600 kl 0.0064 rew 15.40 max_stage 4.20 mult 0.110 | collect 3.11s update 0.33s (10% upd)
it 345/9765 step 707709 SPS 600 kl 0.0039 rew 15.40 max_stage 4.20 mult 0.155 | collect 3.18s update 0.36s (10% upd)
it 350/9765 step 717961 SPS 600 kl 0.0061 rew 15.40 max_stage 4.20 mult 0.135 | collect 3.15s update 0.30s (9% upd)
it 355/9765 step 728225 SPS 600 kl 0.0057 rew 15.40 max_stage 4.20 mult 0.141 | collect 3.17s update 0.35s (10% upd)
it 360/9765 step 738485 SPS 600 kl 0.0040 rew 15.40 max_stage 4.20 mult 0.176 | collect 3.07s update 0.34s (10% upd)
it 365/9765 step 748747 SPS 600 kl 0.0061 rew 16.33 max_stage 4.33 mult 0.127 | collect 3.06s update 0.33s (10% upd)
it 370/9765 step 759006 SPS 600 kl 0.0041 rew 16.33 max_stage 4.33 mult 0.166 | collect 3.06s update 0.22s (7% upd)
it 375/9765 step 769253 SPS 600 kl 0.0055 rew 16.33 max_stage 4.33 mult 0.120 | collect 3.20s update 0.33s (9% upd)
it 380/9765 step 779508 SPS 600 kl 0.0039 rew 16.33 max_stage 4.33 mult 0.104 | collect 3.03s update 0.25s (8% upd)
it 385/9765 step 789755 SPS 600 kl 0.0043 rew 16.32 max_stage 4.43 mult 0.108 | collect 3.13s update 0.35s (10% upd)
it 390/9765 step 800015 SPS 600 kl 0.0039 rew 16.32 max_stage 4.43 mult 0.169 | collect 3.08s update 0.34s (10% upd)
it 395/9765 step 810277 SPS 600 kl 0.0054 rew 16.32 max_stage 4.43 mult 0.122 | collect 3.18s update 0.29s (8% upd)
it 400/9765 step 820546 SPS 600 kl 0.0055 rew 16.32 max_stage 4.43 mult 0.109 | collect 3.12s update 0.24s (7% upd)
it 405/9765 step 830805 SPS 600 kl 0.0071 rew 16.32 max_stage 4.43 mult 0.141 | collect 3.04s update 0.29s (9% upd)
it 410/9765 step 841063 SPS 600 kl 0.0038 rew 16.32 max_stage 4.43 mult 0.184 | collect 3.06s update 0.34s (10% upd)
it 415/9765 step 851327 SPS 600 kl 0.0042 rew 16.32 max_stage 4.43 mult 0.160 | collect 3.11s update 0.21s (6% upd)
it 420/9765 step 861584 SPS 600 kl 0.0043 rew 16.32 max_stage 4.43 mult 0.139 | collect 3.21s update 0.24s (7% upd)
it 425/9765 step 871851 SPS 600 kl 0.0055 rew 16.32 max_stage 4.43 mult 0.181 | collect 3.04s update 0.29s (9% upd)
it 430/9765 step 882103 SPS 600 kl 0.0054 rew 16.32 max_stage 4.43 mult 0.131 | collect 3.06s update 0.32s (10% upd)
it 435/9765 step 892369 SPS 600 kl 0.0042 rew 18.40 max_stage 4.88 mult 0.136 | collect 3.16s update 0.27s (8% upd)
it 440/9765 step 902628 SPS 600 kl 0.0040 rew 18.40 max_stage 4.88 mult 0.177 | collect 3.22s update 0.34s (9% upd)
it 445/9765 step 912889 SPS 600 kl 0.0045 rew 18.40 max_stage 4.88 mult 0.128 | collect 3.02s update 0.23s (7% upd)
it 450/9765 step 923136 SPS 600 kl 0.0045 rew 18.40 max_stage 4.88 mult 0.167 | collect 3.05s update 0.34s (10% upd)
it 455/9765 step 933397 SPS 600 kl 0.0063 rew 18.40 max_stage 4.88 mult 0.145 | collect 3.20s update 0.34s (10% upd)
it 460/9765 step 943654 SPS 600 kl 0.0054 rew 18.40 max_stage 4.88 mult 0.151 | collect 3.20s update 0.35s (10% upd)
it 465/9765 step 953908 SPS 600 kl 0.0033 rew 18.40 max_stage 4.88 mult 0.131 | collect 3.37s update 0.17s (5% upd)
it 470/9765 step 964158 SPS 600 kl 0.0067 rew 18.40 max_stage 4.88 mult 0.171 | collect 3.17s update 0.30s (9% upd)
it 475/9765 step 974415 SPS 600 kl 0.0052 rew 18.40 max_stage 4.88 mult 0.105 | collect 3.07s update 0.33s (10% upd)
it 480/9765 step 984662 SPS 600 kl 0.0051 rew 18.40 max_stage 4.88 mult 0.109 | collect 3.17s update 0.31s (9% upd)
it 485/9765 step 994912 SPS 600 kl 0.0066 rew 18.40 max_stage 4.88 mult 0.137 | collect 3.08s update 0.34s (10% upd)
it 490/9765 step 1005178 SPS 600 kl 0.0047 rew 18.40 max_stage 4.88 mult 0.178 | collect 3.38s update 0.22s (6% upd)
it 495/9765 step 1015442 SPS 600 kl 0.0035 rew 18.40 max_stage 4.88 mult 0.129 | collect 3.28s update 0.22s (6% upd)
it 500/9765 step 1025691 SPS 600 kl 0.0062 rew 18.40 max_stage 4.88 mult 0.168 | collect 3.02s update 0.26s (8% upd)
it 505/9765 step 1035948 SPS 600 kl 0.0044 rew 18.40 max_stage 4.88 mult 0.132 | collect 3.13s update 0.24s (7% upd)
it 510/9765 step 1046205 SPS 600 kl 0.0053 rew 18.40 max_stage 4.88 mult 0.132 | collect 3.18s update 0.29s (8% upd)
it 515/9765 step 1056458 SPS 599 kl 0.0058 rew 18.60 max_stage 4.89 mult 0.172 | collect 3.12s update 0.24s (7% upd)
it 520/9765 step 1066720 SPS 599 kl 0.0052 rew 18.60 max_stage 4.89 mult 0.149 | collect 3.10s update 0.33s (10% upd)
it 525/9765 step 1076981 SPS 599 kl 0.0046 rew 18.60 max_stage 4.89 mult 0.194 | collect 3.31s update 0.35s (10% upd)
it 530/9765 step 1087243 SPS 599 kl 0.0064 rew 18.59 max_stage 5.00 mult 0.168 | collect 3.06s update 0.35s (10% upd)
it 535/9765 step 1097501 SPS 599 kl 0.0048 rew 18.59 max_stage 5.00 mult 0.219 | collect 3.17s update 0.34s (10% upd)
it 540/9765 step 1107763 SPS 599 kl 0.0059 rew 18.59 max_stage 5.00 mult 0.159 | collect 3.17s update 0.28s (8% upd)
it 545/9765 step 1118028 SPS 599 kl 0.0045 rew 18.59 max_stage 5.00 mult 0.207 | collect 3.13s update 0.34s (10% upd)
it 550/9765 step 1128291 SPS 599 kl 0.0038 rew 18.59 max_stage 5.00 mult 0.179 | collect 3.10s update 0.35s (10% upd)
it 555/9765 step 1138554 SPS 599 kl 0.0067 rew 18.59 max_stage 5.00 mult 0.125 | collect 3.08s update 0.35s (10% upd)
it 560/9765 step 1148815 SPS 599 kl 0.0060 rew 18.59 max_stage 5.00 mult 0.130 | collect 3.13s update 0.35s (10% upd)
it 565/9765 step 1159072 SPS 599 kl 0.0046 rew 18.59 max_stage 5.00 mult 0.203 | collect 3.15s update 0.34s (10% upd)
it 570/9765 step 1169321 SPS 599 kl 0.0050 rew 18.59 max_stage 5.00 mult 0.147 | collect 3.19s update 0.24s (7% upd)
it 575/9765 step 1179570 SPS 599 kl 0.0042 rew 18.59 max_stage 5.00 mult 0.106 | collect 3.15s update 0.29s (8% upd)
it 580/9765 step 1189825 SPS 599 kl 0.0054 rew 18.49 max_stage 5.09 mult 0.138 | collect 3.11s update 0.28s (8% upd)
it 585/9765 step 1200083 SPS 599 kl 0.0051 rew 18.49 max_stage 5.09 mult 0.144 | collect 3.08s update 0.35s (10% upd)
it 590/9765 step 1210331 SPS 599 kl 0.0048 rew 18.49 max_stage 5.09 mult 0.188 | collect 3.09s update 0.34s (10% upd)
it 595/9765 step 1220581 SPS 599 kl 0.0030 rew 18.49 max_stage 5.09 mult 0.109 | collect 3.09s update 0.16s (5% upd)
it 600/9765 step 1230841 SPS 599 kl 0.0050 rew 18.49 max_stage 5.09 mult 0.170 | collect 3.14s update 0.22s (6% upd)
it 605/9765 step 1241091 SPS 599 kl 0.0063 rew 18.49 max_stage 5.09 mult 0.123 | collect 3.06s update 0.33s (10% upd)
it 610/9765 step 1251356 SPS 599 kl 0.0058 rew 18.49 max_stage 5.09 mult 0.192 | collect 3.21s update 0.18s (5% upd)
it 615/9765 step 1261604 SPS 599 kl 0.0031 rew 18.49 max_stage 5.09 mult 0.107 | collect 3.05s update 0.19s (6% upd)
it 620/9765 step 1271862 SPS 599 kl 0.0051 rew 18.49 max_stage 5.09 mult 0.107 | collect 3.13s update 0.28s (8% upd)
it 625/9765 step 1282118 SPS 599 kl 0.0055 rew 18.49 max_stage 5.09 mult 0.133 | collect 3.06s update 0.34s (10% upd)
it 630/9765 step 1292374 SPS 599 kl 0.0039 rew 18.49 max_stage 5.09 mult 0.174 | collect 3.15s update 0.34s (10% upd)
it 635/9765 step 1302628 SPS 599 kl 0.0051 rew 18.87 max_stage 5.25 mult 0.126 | collect 3.06s update 0.30s (9% upd)
it 640/9765 step 1312890 SPS 599 kl 0.0042 rew 18.87 max_stage 5.25 mult 0.164 | collect 3.08s update 0.33s (10% upd)
it 645/9765 step 1323148 SPS 599 kl 0.0060 rew 18.87 max_stage 5.25 mult 0.170 | collect 3.21s update 0.35s (10% upd)
it 650/9765 step 1333403 SPS 599 kl 0.0055 rew 18.87 max_stage 5.25 mult 0.148 | collect 2.93s update 0.34s (10% upd)
it 655/9765 step 1343660 SPS 599 kl 0.0048 rew 18.87 max_stage 5.25 mult 0.128 | collect 3.23s update 0.30s (9% upd)
it 660/9765 step 1353921 SPS 599 kl 0.0046 rew 18.87 max_stage 5.25 mult 0.201 | collect 3.42s update 0.37s (10% upd)
it 665/9765 step 1364182 SPS 599 kl 0.0048 rew 18.87 max_stage 5.25 mult 0.145 | collect 3.12s update 0.27s (8% upd)
it 670/9765 step 1374438 SPS 599 kl 0.0042 rew 18.43 max_stage 5.23 mult 0.126 | collect 3.18s update 0.29s (8% upd)
it 675/9765 step 1384693 SPS 599 kl 0.0072 rew 18.43 max_stage 5.23 mult 0.164 | collect 3.20s update 0.32s (9% upd)
it 680/9765 step 1394955 SPS 599 kl 0.0058 rew 18.43 max_stage 5.23 mult 0.142 | collect 3.10s update 0.35s (10% upd)
it 685/9765 step 1405205 SPS 599 kl 0.0051 rew 18.43 max_stage 5.23 mult 0.148 | collect 3.17s update 0.36s (10% upd)
it 690/9765 step 1415455 SPS 599 kl 0.0050 rew 18.43 max_stage 5.23 mult 0.134 | collect 3.16s update 0.29s (8% upd)
it 695/9765 step 1425723 SPS 599 kl 0.0045 rew 18.43 max_stage 5.23 mult 0.175 | collect 3.06s update 0.35s (10% upd)
it 700/9765 step 1435982 SPS 599 kl 0.0038 rew 18.43 max_stage 5.23 mult 0.135 | collect 3.13s update 0.20s (6% upd)
it 705/9765 step 1446237 SPS 599 kl 0.0056 rew 18.43 max_stage 5.23 mult 0.140 | collect 3.06s update 0.31s (9% upd)
it 710/9765 step 1456493 SPS 599 kl 0.0050 rew 18.43 max_stage 5.23 mult 0.122 | collect 3.09s update 0.22s (7% upd)
it 715/9765 step 1466754 SPS 599 kl 0.0056 rew 18.43 max_stage 5.23 mult 0.127 | collect 3.11s update 0.33s (10% upd)
it 720/9765 step 1477013 SPS 599 kl 0.0047 rew 18.43 max_stage 5.23 mult 0.169 | collect 3.24s update 0.34s (9% upd)
it 725/9765 step 1487268 SPS 599 kl 0.0051 rew 18.43 max_stage 5.23 mult 0.117 | collect 3.19s update 0.33s (9% upd)
it 730/9765 step 1497521 SPS 599 kl 0.0057 rew 18.43 max_stage 5.23 mult 0.152 | collect 3.05s update 0.25s (8% upd)
it 735/9765 step 1507774 SPS 599 kl 0.0054 rew 18.43 max_stage 5.23 mult 0.198 | collect 3.20s update 0.20s (6% upd)
it 740/9765 step 1518033 SPS 599 kl 0.0049 rew 17.90 max_stage 5.21 mult 0.115 | collect 3.06s update 0.32s (10% upd)
it 745/9765 step 1528274 SPS 599 kl 0.0051 rew 17.90 max_stage 5.21 mult 0.113 | collect 3.32s update 0.33s (9% upd)
it 750/9765 step 1538535 SPS 599 kl 0.0052 rew 17.90 max_stage 5.21 mult 0.176 | collect 3.09s update 0.35s (10% upd)
it 755/9765 step 1548790 SPS 599 kl 0.0050 rew 17.90 max_stage 5.21 mult 0.229 | collect 3.08s update 0.35s (10% upd)
it 760/9765 step 1559040 SPS 599 kl 0.0060 rew 17.90 max_stage 5.21 mult 0.166 | collect 3.01s update 0.26s (8% upd)
it 765/9765 step 1569292 SPS 599 kl 0.0056 rew 17.90 max_stage 5.21 mult 0.144 | collect 3.09s update 0.34s (10% upd)
it 770/9765 step 1579550 SPS 599 kl 0.0046 rew 17.90 max_stage 5.21 mult 0.187 | collect 3.21s update 0.42s (11% upd)
it 775/9765 step 1589802 SPS 599 kl 0.0031 rew 17.90 max_stage 5.21 mult 0.163 | collect 3.06s update 0.35s (10% upd)
it 780/9765 step 1600059 SPS 599 kl 0.0051 rew 17.90 max_stage 5.21 mult 0.170 | collect 3.07s update 0.26s (8% upd)
it 785/9765 step 1610311 SPS 599 kl 0.0068 rew 17.90 max_stage 5.21 mult 0.123 | collect 3.12s update 0.35s (10% upd)
it 790/9765 step 1620570 SPS 599 kl 0.0058 rew 17.90 max_stage 5.21 mult 0.160 | collect 3.07s update 0.32s (9% upd)
it 795/9765 step 1630831 SPS 599 kl 0.0051 rew 17.90 max_stage 5.21 mult 0.139 | collect 3.09s update 0.35s (10% upd)
it 800/9765 step 1641091 SPS 599 kl 0.0054 rew 17.90 max_stage 5.21 mult 0.109 | collect 3.07s update 0.35s (10% upd)
it 805/9765 step 1651345 SPS 599 kl 0.0070 rew 17.90 max_stage 5.21 mult 0.142 | collect 3.17s update 0.28s (8% upd)
it 810/9765 step 1661598 SPS 599 kl 0.0043 rew 17.90 max_stage 5.21 mult 0.114 | collect 3.07s update 0.26s (8% upd)
it 815/9765 step 1671857 SPS 599 kl 0.0049 rew 18.01 max_stage 5.20 mult 0.213 | collect 3.23s update 0.35s (10% upd)
it 820/9765 step 1682120 SPS 599 kl 0.0074 rew 17.27 max_stage 5.12 mult 0.154 | collect 3.14s update 0.34s (10% upd)
it 825/9765 step 1692373 SPS 599 kl 0.0060 rew 17.27 max_stage 5.12 mult 0.201 | collect 3.12s update 0.26s (8% upd)
it 830/9765 step 1702622 SPS 599 kl 0.0044 rew 17.27 max_stage 5.12 mult 0.174 | collect 3.15s update 0.15s (4% upd)
it 835/9765 step 1712869 SPS 599 kl 0.0068 rew 17.27 max_stage 5.12 mult 0.151 | collect 3.13s update 0.35s (10% upd)
it 840/9765 step 1723130 SPS 599 kl 0.0056 rew 17.27 max_stage 5.12 mult 0.109 | collect 3.08s update 0.31s (9% upd)
it 845/9765 step 1733377 SPS 599 kl 0.0057 rew 17.27 max_stage 5.12 mult 0.171 | collect 3.07s update 0.27s (8% upd)
it 850/9765 step 1743639 SPS 599 kl 0.0045 rew 17.27 max_stage 5.12 mult 0.124 | collect 3.12s update 0.28s (8% upd)
it 855/9765 step 1753896 SPS 599 kl 0.0043 rew 17.27 max_stage 5.12 mult 0.129 | collect 3.27s update 0.23s (7% upd)
it 860/9765 step 1764145 SPS 599 kl 0.0049 rew 17.13 max_stage 5.24 mult 0.171 | collect 3.06s update 0.38s (11% upd)
it 865/9765 step 1774395 SPS 599 kl 0.0051 rew 17.13 max_stage 5.24 mult 0.149 | collect 2.99s update 0.30s (9% upd)
it 870/9765 step 1784659 SPS 599 kl 0.0045 rew 17.13 max_stage 5.24 mult 0.194 | collect 3.09s update 0.35s (10% upd)
it 875/9765 step 1794914 SPS 599 kl 0.0045 rew 16.12 max_stage 4.95 mult 0.202 | collect 3.21s update 0.34s (9% upd)
it 880/9765 step 1805163 SPS 599 kl 0.0055 rew 16.12 max_stage 4.95 mult 0.146 | collect 3.15s update 0.35s (10% upd)
it 885/9765 step 1815425 SPS 599 kl 0.0043 rew 16.12 max_stage 4.95 mult 0.165 | collect 3.03s update 0.44s (13% upd)
it 890/9765 step 1825677 SPS 599 kl 0.0056 rew 16.12 max_stage 4.95 mult 0.143 | collect 3.05s update 0.39s (11% upd)
it 895/9765 step 1835931 SPS 599 kl 0.0055 rew 16.12 max_stage 4.95 mult 0.149 | collect 3.06s update 0.33s (10% upd)
it 900/9765 step 1846178 SPS 599 kl 0.0050 rew 16.12 max_stage 4.95 mult 0.149 | collect 3.04s update 0.36s (11% upd)
it 905/9765 step 1856435 SPS 599 kl 0.0044 rew 16.12 max_stage 4.95 mult 0.194 | collect 3.21s update 0.39s (11% upd)
it 910/9765 step 1866700 SPS 599 kl 0.0068 rew 16.12 max_stage 4.95 mult 0.169 | collect 3.19s update 0.36s (10% upd)
it 915/9765 step 1876959 SPS 599 kl 0.0045 rew 16.12 max_stage 4.95 mult 0.211 | collect 3.20s update 0.35s (10% upd)
it 920/9765 step 1887221 SPS 599 kl 0.0042 rew 16.12 max_stage 4.95 mult 0.183 | collect 3.19s update 0.34s (10% upd)
it 925/9765 step 1897480 SPS 599 kl 0.0055 rew 16.12 max_stage 4.95 mult 0.159 | collect 3.12s update 0.22s (7% upd)
it 930/9765 step 1907733 SPS 599 kl 0.0057 rew 16.12 max_stage 4.95 mult 0.165 | collect 3.19s update 0.35s (10% upd)
it 935/9765 step 1917994 SPS 599 kl 0.0040 rew 16.12 max_stage 4.95 mult 0.166 | collect 3.13s update 0.34s (10% upd)
it 940/9765 step 1928240 SPS 599 kl 0.0060 rew 16.12 max_stage 4.95 mult 0.120 | collect 3.09s update 0.34s (10% upd)
it 945/9765 step 1938501 SPS 599 kl 0.0038 rew 16.12 max_stage 4.95 mult 0.111 | collect 3.10s update 0.34s (10% upd)
it 950/9765 step 1948762 SPS 599 kl 0.0060 rew 16.12 max_stage 4.95 mult 0.115 | collect 3.10s update 0.34s (10% upd)
it 955/9765 step 1959021 SPS 599 kl 0.0036 rew 14.86 max_stage 5.20 mult 0.166 | collect 3.05s update 0.35s (10% upd)
it 960/9765 step 1969285 SPS 599 kl 0.0033 rew 14.86 max_stage 5.20 mult 0.166 | collect 3.09s update 0.35s (10% upd)
it 965/9765 step 1979544 SPS 599 kl 0.0045 rew 14.86 max_stage 5.20 mult 0.111 | collect 3.08s update 0.28s (8% upd)
it 970/9765 step 1989810 SPS 599 kl 0.0037 rew 14.86 max_stage 5.20 mult 0.144 | collect 3.23s update 0.18s (5% upd)
it 975/9765 step 2000062 SPS 599 kl 0.0056 rew 14.86 max_stage 5.20 mult 0.150 | collect 3.12s update 0.40s (11% upd)
it 980/9765 step 2010311 SPS 599 kl 0.0062 rew 14.86 max_stage 5.20 mult 0.131 | collect 3.14s update 0.32s (9% upd)
it 985/9765 step 2020567 SPS 599 kl 0.0042 rew 14.86 max_stage 5.20 mult 0.170 | collect 3.08s update 0.34s (10% upd)
it 990/9765 step 2030812 SPS 599 kl 0.0031 rew 14.86 max_stage 5.20 mult 0.167 | collect 3.26s update 0.34s (9% upd)
it 995/9765 step 2041060 SPS 599 kl 0.0055 rew 14.86 max_stage 5.20 mult 0.139 | collect 3.11s update 0.19s (6% upd)
it 1000/9765 step 2051319 SPS 599 kl 0.0055 rew 14.86 max_stage 5.20 mult 0.145 | collect 3.07s update 0.31s (9% upd)
it 1005/9765 step 2061581 SPS 599 kl 0.0062 rew 14.86 max_stage 5.20 mult 0.126 | collect 3.09s update 0.33s (10% upd)
it 1010/9765 step 2071836 SPS 599 kl 0.0047 rew 14.86 max_stage 5.20 mult 0.112 | collect 3.10s update 0.30s (9% upd)
it 1015/9765 step 2082092 SPS 599 kl 0.0070 rew 14.86 max_stage 5.20 mult 0.145 | collect 3.13s update 0.30s (9% upd)
it 1020/9765 step 2092347 SPS 599 kl 0.0025 rew 15.20 max_stage 5.24 mult 0.126 | collect 3.13s update 0.12s (4% upd)
it 1025/9765 step 2102608 SPS 599 kl 0.0043 rew 15.20 max_stage 5.24 mult 0.174 | collect 3.08s update 0.34s (10% upd)
it 1030/9765 step 2112859 SPS 599 kl 0.0066 rew 15.20 max_stage 5.24 mult 0.151 | collect 3.11s update 0.29s (8% upd)
it 1035/9765 step 2123116 SPS 599 kl 0.0052 rew 15.29 max_stage 5.18 mult 0.131 | collect 3.15s update 0.29s (8% upd)
it 1040/9765 step 2133382 SPS 599 kl 0.0054 rew 15.29 max_stage 5.18 mult 0.140 | collect 3.06s update 0.25s (8% upd)
it 1045/9765 step 2143640 SPS 599 kl 0.0057 rew 15.29 max_stage 5.18 mult 0.146 | collect 3.20s update 0.35s (10% upd)
it 1050/9765 step 2153901 SPS 599 kl 0.0050 rew 15.29 max_stage 5.18 mult 0.190 | collect 3.07s update 0.33s (10% upd)
it 1055/9765 step 2164159 SPS 599 kl 0.0036 rew 15.29 max_stage 5.18 mult 0.112 | collect 3.03s update 0.35s (10% upd)
it 1060/9765 step 2174415 SPS 599 kl 0.0062 rew 15.29 max_stage 5.18 mult 0.140 | collect 2.99s update 0.43s (13% upd)
it 1065/9765 step 2184673 SPS 599 kl 0.0052 rew 15.29 max_stage 5.18 mult 0.140 | collect 3.05s update 0.40s (12% upd)
it 1070/9765 step 2194936 SPS 599 kl 0.0048 rew 15.29 max_stage 5.18 mult 0.146 | collect 3.02s update 0.23s (7% upd)
it 1075/9765 step 2205196 SPS 599 kl 0.0074 rew 15.29 max_stage 5.18 mult 0.152 | collect 3.33s update 0.37s (10% upd)
it 1080/9765 step 2215458 SPS 599 kl 0.0050 rew 15.29 max_stage 5.18 mult 0.132 | collect 3.02s update 0.34s (10% upd)
it 1085/9765 step 2225706 SPS 599 kl 0.0064 rew 15.29 max_stage 5.18 mult 0.206 | collect 3.05s update 0.34s (10% upd)
it 1090/9765 step 2235968 SPS 599 kl 0.0045 rew 15.29 max_stage 5.18 mult 0.179 | collect 3.07s update 0.34s (10% upd)
it 1095/9765 step 2246229 SPS 599 kl 0.0039 rew 13.88 max_stage 5.39 mult 0.113 | collect 3.02s update 0.29s (9% upd)
it 1100/9765 step 2256486 SPS 599 kl 0.0046 rew 13.88 max_stage 5.39 mult 0.169 | collect 3.18s update 0.44s (12% upd)
it 1105/9765 step 2266745 SPS 599 kl 0.0049 rew 13.88 max_stage 5.39 mult 0.122 | collect 3.07s update 0.28s (8% upd)
it 1110/9765 step 2277001 SPS 599 kl 0.0058 rew 13.88 max_stage 5.39 mult 0.159 | collect 3.16s update 0.23s (7% upd)
it 1115/9765 step 2287254 SPS 599 kl 0.0062 rew 13.88 max_stage 5.39 mult 0.199 | collect 3.05s update 0.35s (10% upd)
it 1120/9765 step 2297499 SPS 599 kl 0.0050 rew 13.88 max_stage 5.39 mult 0.144 | collect 3.19s update 0.25s (7% upd)
it 1125/9765 step 2307744 SPS 599 kl 0.0042 rew 13.77 max_stage 5.29 mult 0.187 | collect 3.28s update 0.33s (9% upd)
it 1130/9765 step 2318000 SPS 599 kl 0.0059 rew 13.77 max_stage 5.29 mult 0.136 | collect 3.14s update 0.30s (9% upd)
it 1135/9765 step 2328253 SPS 599 kl 0.0047 rew 13.78 max_stage 5.36 mult 0.118 | collect 3.05s update 0.29s (9% upd)
it 1140/9765 step 2338502 SPS 599 kl 0.0042 rew 13.78 max_stage 5.36 mult 0.118 | collect 3.19s update 0.28s (8% upd)
it 1145/9765 step 2348764 SPS 599 kl 0.0045 rew 13.78 max_stage 5.36 mult 0.118 | collect 3.30s update 0.23s (6% upd)
it 1150/9765 step 2359013 SPS 599 kl 0.0058 rew 13.78 max_stage 5.36 mult 0.142 | collect 3.07s update 0.27s (8% upd)
it 1155/9765 step 2369270 SPS 599 kl 0.0029 rew 12.07 max_stage 5.54 mult 0.123 | collect 3.29s update 0.20s (6% upd)
it 1160/9765 step 2379528 SPS 599 kl 0.0050 rew 12.33 max_stage 5.63 mult 0.113 | collect 3.12s update 0.31s (9% upd)
it 1165/9765 step 2389780 SPS 599 kl 0.0043 rew 12.33 max_stage 5.63 mult 0.170 | collect 3.08s update 0.34s (10% upd)
it 1170/9765 step 2400046 SPS 599 kl 0.0050 rew 12.33 max_stage 5.63 mult 0.222 | collect 3.11s update 0.36s (10% upd)
it 1175/9765 step 2410303 SPS 599 kl 0.0046 rew 12.57 max_stage 5.61 mult 0.114 | collect 3.27s update 0.33s (9% upd)
it 1180/9765 step 2420548 SPS 599 kl 0.0047 rew 12.57 max_stage 5.61 mult 0.148 | collect 3.20s update 0.22s (7% upd)
it 1185/9765 step 2430804 SPS 599 kl 0.0059 rew 12.57 max_stage 5.61 mult 0.193 | collect 3.09s update 0.20s (6% upd)
it 1190/9765 step 2441067 SPS 599 kl 0.0056 rew 10.91 max_stage 5.76 mult 0.201 | collect 3.05s update 0.20s (6% upd)
it 1195/9765 step 2451325 SPS 599 kl 0.0052 rew 10.91 max_stage 5.76 mult 0.145 | collect 3.13s update 0.19s (6% upd)
it 1200/9765 step 2461587 SPS 599 kl 0.0046 rew 10.91 max_stage 5.76 mult 0.119 | collect 3.16s update 0.30s (9% upd)
it 1205/9765 step 2471842 SPS 599 kl 0.0045 rew 10.91 max_stage 5.76 mult 0.178 | collect 3.07s update 0.35s (10% upd)
it 1210/9765 step 2482094 SPS 599 kl 0.0056 rew 10.91 max_stage 5.76 mult 0.143 | collect 3.11s update 0.27s (8% upd)
it 1215/9765 step 2492351 SPS 599 kl 0.0051 rew 10.91 max_stage 5.76 mult 0.124 | collect 3.09s update 0.34s (10% upd)
it 1220/9765 step 2502605 SPS 599 kl 0.0056 rew 10.91 max_stage 5.76 mult 0.161 | collect 3.10s update 0.32s (9% upd)
it 1225/9765 step 2512875 SPS 599 kl 0.0046 rew 10.91 max_stage 5.76 mult 0.168 | collect 3.24s update 0.20s (6% upd)
it 1230/9765 step 2523131 SPS 599 kl 0.0060 rew 10.59 max_stage 5.60 mult 0.121 | collect 3.17s update 0.30s (9% upd)
it 1235/9765 step 2533382 SPS 599 kl 0.0044 rew 10.59 max_stage 5.60 mult 0.190 | collect 3.16s update 0.35s (10% upd)
it 1240/9765 step 2543633 SPS 599 kl 0.0058 rew 10.59 max_stage 5.60 mult 0.132 | collect 3.03s update 0.33s (10% upd)
it 1245/9765 step 2553894 SPS 599 kl 0.0040 rew 10.59 max_stage 5.60 mult 0.137 | collect 3.12s update 0.25s (7% upd)
it 1250/9765 step 2564143 SPS 599 kl 0.0041 rew 10.59 max_stage 5.60 mult 0.119 | collect 3.15s update 0.22s (7% upd)
it 1255/9765 step 2574392 SPS 599 kl 0.0047 rew 10.59 max_stage 5.60 mult 0.186 | collect 3.17s update 0.23s (7% upd)
it 1260/9765 step 2584651 SPS 599 kl 0.0061 rew 10.59 max_stage 5.60 mult 0.135 | collect 3.19s update 0.33s (9% upd)
it 1265/9765 step 2594908 SPS 599 kl 0.0055 rew 10.59 max_stage 5.60 mult 0.144 | collect 3.12s update 0.27s (8% upd)
it 1270/9765 step 2605162 SPS 599 kl 0.0036 rew 10.59 max_stage 5.60 mult 0.120 | collect 3.18s update 0.22s (7% upd)
it 1275/9765 step 2615425 SPS 599 kl 0.0049 rew 10.59 max_stage 5.60 mult 0.125 | collect 3.01s update 0.37s (11% upd)
it 1280/9765 step 2625694 SPS 599 kl 0.0036 rew 10.59 max_stage 5.60 mult 0.173 | collect 3.05s update 0.37s (11% upd)
it 1285/9765 step 2635939 SPS 599 kl 0.0046 rew 10.59 max_stage 5.60 mult 0.125 | collect 3.14s update 0.29s (8% upd)
it 1290/9765 step 2646202 SPS 599 kl 0.0036 rew 10.59 max_stage 5.60 mult 0.173 | collect 3.30s update 0.34s (9% upd)
it 1295/9765 step 2656461 SPS 599 kl 0.0035 rew 10.59 max_stage 5.60 mult 0.150 | collect 3.12s update 0.19s (6% upd)
it 1300/9765 step 2666733 SPS 599 kl 0.0054 rew 10.59 max_stage 5.60 mult 0.173 | collect 3.06s update 0.34s (10% upd)
it 1305/9765 step 2676990 SPS 599 kl 0.0039 rew 10.59 max_stage 5.60 mult 0.173 | collect 3.03s update 0.37s (11% upd)
it 1310/9765 step 2687248 SPS 599 kl 0.0057 rew 10.88 max_stage 5.74 mult 0.150 | collect 3.10s update 0.34s (10% upd)
it 1315/9765 step 2697515 SPS 599 kl 0.0037 rew 10.88 max_stage 5.74 mult 0.157 | collect 3.11s update 0.18s (5% upd)
it 1320/9765 step 2707775 SPS 599 kl 0.0054 rew 10.88 max_stage 5.74 mult 0.144 | collect 3.14s update 0.21s (6% upd)
it 1325/9765 step 2718033 SPS 599 kl 0.0055 rew 10.88 max_stage 5.74 mult 0.145 | collect 3.11s update 0.35s (10% upd)
it 1330/9765 step 2728290 SPS 598 kl 0.0049 rew 10.88 max_stage 5.74 mult 0.145 | collect 3.10s update 0.22s (7% upd)
it 1335/9765 step 2738547 SPS 598 kl 0.0053 rew 10.88 max_stage 5.74 mult 0.151 | collect 3.19s update 0.34s (10% upd)
it 1340/9765 step 2748817 SPS 598 kl 0.0050 rew 10.88 max_stage 5.74 mult 0.131 | collect 3.13s update 0.35s (10% upd)
it 1345/9765 step 2759075 SPS 598 kl 0.0040 rew 11.43 max_stage 5.78 mult 0.174 | collect 3.15s update 0.34s (10% upd)
it 1350/9765 step 2769326 SPS 598 kl 0.0058 rew 11.43 max_stage 5.78 mult 0.126 | collect 3.15s update 0.32s (9% upd)
it 1355/9765 step 2779582 SPS 598 kl 0.0043 rew 11.43 max_stage 5.78 mult 0.174 | collect 3.14s update 0.35s (10% upd)
it 1360/9765 step 2789827 SPS 598 kl 0.0045 rew 11.43 max_stage 5.78 mult 0.151 | collect 3.10s update 0.19s (6% upd)
it 1365/9765 step 2800086 SPS 598 kl 0.0047 rew 11.43 max_stage 5.78 mult 0.116 | collect 3.22s update 0.32s (9% upd)
it 1370/9765 step 2810344 SPS 598 kl 0.0071 rew 11.43 max_stage 5.78 mult 0.145 | collect 3.08s update 0.36s (10% upd)
it 1375/9765 step 2820605 SPS 598 kl 0.0047 rew 11.43 max_stage 5.78 mult 0.116 | collect 3.39s update 0.31s (8% upd)
it 1380/9765 step 2830861 SPS 598 kl 0.0040 rew 11.43 max_stage 5.78 mult 0.121 | collect 3.27s update 0.21s (6% upd)
it 1385/9765 step 2841122 SPS 598 kl 0.0051 rew 11.43 max_stage 5.78 mult 0.117 | collect 3.34s update 0.34s (9% upd)
it 1390/9765 step 2851383 SPS 598 kl 0.0061 rew 11.43 max_stage 5.78 mult 0.121 | collect 3.06s update 0.30s (9% upd)
it 1395/9765 step 2861651 SPS 598 kl 0.0063 rew 12.03 max_stage 5.85 mult 0.158 | collect 3.11s update 0.27s (8% upd)
it 1400/9765 step 2871905 SPS 598 kl 0.0039 rew 12.03 max_stage 5.85 mult 0.146 | collect 3.09s update 0.20s (6% upd)
it 1405/9765 step 2882162 SPS 598 kl 0.0044 rew 12.03 max_stage 5.85 mult 0.219 | collect 3.05s update 0.34s (10% upd)
it 1410/9765 step 2892419 SPS 598 kl 0.0064 rew 12.03 max_stage 5.85 mult 0.158 | collect 3.22s update 0.31s (9% upd)
it 1415/9765 step 2902674 SPS 598 kl 0.0062 rew 12.51 max_stage 5.91 mult 0.175 | collect 3.10s update 0.34s (10% upd)
it 1420/9765 step 2912939 SPS 598 kl 0.0061 rew 12.51 max_stage 5.91 mult 0.127 | collect 3.12s update 0.33s (10% upd)
it 1425/9765 step 2923191 SPS 598 kl 0.0043 rew 12.51 max_stage 5.91 mult 0.183 | collect 3.19s update 0.42s (12% upd)
it 1430/9765 step 2933452 SPS 598 kl 0.0053 rew 12.51 max_stage 5.91 mult 0.159 | collect 2.94s update 0.39s (12% upd)
it 1435/9765 step 2943712 SPS 598 kl 0.0034 rew 12.51 max_stage 5.91 mult 0.117 | collect 3.15s update 0.27s (8% upd)
it 1440/9765 step 2953981 SPS 599 kl 0.0063 rew 12.51 max_stage 5.91 mult 0.183 | collect 3.02s update 0.26s (8% upd)
it 1445/9765 step 2964237 SPS 599 kl 0.0043 rew 12.51 max_stage 5.91 mult 0.159 | collect 3.07s update 0.21s (7% upd)
it 1450/9765 step 2974492 SPS 599 kl 0.0048 rew 12.51 max_stage 5.91 mult 0.199 | collect 3.08s update 0.34s (10% upd)
it 1455/9765 step 2984745 SPS 599 kl 0.0064 rew 12.51 max_stage 5.91 mult 0.147 | collect 3.09s update 0.32s (9% upd)
it 1460/9765 step 2995006 SPS 599 kl 0.0047 rew 12.51 max_stage 5.91 mult 0.127 | collect 3.09s update 0.25s (7% upd)
it 1465/9765 step 3005263 SPS 599 kl 0.0045 rew 12.72 max_stage 5.94 mult 0.118 | collect 3.06s update 0.28s (8% upd)
it 1470/9765 step 3015517 SPS 599 kl 0.0051 rew 12.72 max_stage 5.94 mult 0.123 | collect 3.14s update 0.35s (10% upd)
it 1475/9765 step 3025778 SPS 599 kl 0.0036 rew 12.72 max_stage 5.94 mult 0.118 | collect 3.07s update 0.29s (9% upd)
it 1480/9765 step 3036044 SPS 599 kl 0.0042 rew 11.34 max_stage 6.06 mult 0.221 | collect 3.13s update 0.35s (10% upd)
it 1485/9765 step 3046306 SPS 599 kl 0.0042 rew 11.34 max_stage 6.06 mult 0.192 | collect 3.12s update 0.34s (10% upd)
it 1490/9765 step 3056562 SPS 599 kl 0.0050 rew 11.34 max_stage 6.06 mult 0.147 | collect 2.99s update 0.31s (9% upd)
it 1495/9765 step 3066819 SPS 599 kl 0.0048 rew 11.34 max_stage 6.06 mult 0.148 | collect 3.00s update 0.28s (8% upd)
it 1500/9765 step 3077080 SPS 599 kl 0.0052 rew 11.34 max_stage 6.06 mult 0.128 | collect 3.05s update 0.35s (10% upd)
it 1505/9765 step 3087337 SPS 599 kl 0.0049 rew 11.34 max_stage 6.06 mult 0.185 | collect 3.16s update 0.34s (10% upd)
it 1510/9765 step 3097593 SPS 599 kl 0.0049 rew 9.98 max_stage 6.16 mult 0.177 | collect 3.13s update 0.34s (10% upd)
it 1515/9765 step 3107847 SPS 599 kl 0.0040 rew 9.98 max_stage 6.16 mult 0.185 | collect 3.13s update 0.35s (10% upd)
it 1520/9765 step 3118102 SPS 599 kl 0.0063 rew 9.98 max_stage 6.16 mult 0.134 | collect 3.18s update 0.28s (8% upd)
it 1525/9765 step 3128360 SPS 599 kl 0.0067 rew 9.98 max_stage 6.16 mult 0.174 | collect 3.06s update 0.26s (8% upd)
it 1530/9765 step 3138616 SPS 599 kl 0.0042 rew 9.98 max_stage 6.16 mult 0.126 | collect 3.18s update 0.25s (7% upd)
it 1535/9765 step 3148878 SPS 599 kl 0.0043 rew 9.98 max_stage 6.16 mult 0.119 | collect 3.15s update 0.33s (9% upd)
it 1540/9765 step 3159143 SPS 599 kl 0.0041 rew 9.98 max_stage 6.16 mult 0.185 | collect 3.10s update 0.35s (10% upd)
it 1545/9765 step 3169402 SPS 599 kl 0.0044 rew 9.98 max_stage 6.16 mult 0.178 | collect 3.21s update 0.36s (10% upd)
it 1550/9765 step 3179660 SPS 599 kl 0.0045 rew 9.98 max_stage 6.16 mult 0.119 | collect 3.05s update 0.32s (10% upd)
it 1555/9765 step 3189921 SPS 599 kl 0.0037 rew 9.98 max_stage 6.16 mult 0.149 | collect 3.21s update 0.19s (6% upd)
it 1560/9765 step 3200184 SPS 599 kl 0.0044 rew 9.98 max_stage 6.16 mult 0.194 | collect 3.08s update 0.35s (10% upd)
it 1565/9765 step 3210439 SPS 599 kl 0.0044 rew 9.98 max_stage 6.16 mult 0.119 | collect 3.23s update 0.27s (8% upd)
it 1570/9765 step 3220688 SPS 599 kl 0.0042 rew 9.98 max_stage 6.16 mult 0.149 | collect 3.06s update 0.25s (7% upd)
it 1575/9765 step 3230932 SPS 599 kl 0.0049 rew 9.98 max_stage 6.16 mult 0.194 | collect 3.06s update 0.33s (10% upd)
it 1580/9765 step 3241193 SPS 599 kl 0.0041 rew 9.98 max_stage 6.16 mult 0.179 | collect 3.16s update 0.35s (10% upd)
it 1585/9765 step 3251452 SPS 599 kl 0.0039 rew 9.98 max_stage 6.16 mult 0.129 | collect 3.13s update 0.19s (6% upd)
it 1590/9765 step 3261706 SPS 599 kl 0.0049 rew 9.98 max_stage 6.16 mult 0.169 | collect 3.09s update 0.26s (8% upd)
it 1595/9765 step 3271961 SPS 599 kl 0.0059 rew 9.98 max_stage 6.16 mult 0.149 | collect 3.12s update 0.32s (9% upd)
it 1600/9765 step 3282211 SPS 599 kl 0.0051 rew 8.95 max_stage 6.26 mult 0.130 | collect 3.08s update 0.29s (9% upd)
it 1605/9765 step 3292475 SPS 599 kl 0.0058 rew 8.95 max_stage 6.26 mult 0.135 | collect 3.08s update 0.34s (10% upd)
it 1610/9765 step 3302725 SPS 599 kl 0.0049 rew 8.95 max_stage 6.26 mult 0.120 | collect 3.09s update 0.34s (10% upd)
it 1615/9765 step 3312983 SPS 599 kl 0.0041 rew 8.95 max_stage 6.26 mult 0.187 | collect 3.10s update 0.35s (10% upd)
it 1620/9765 step 3323245 SPS 599 kl 0.0047 rew 8.95 max_stage 6.26 mult 0.180 | collect 3.15s update 0.35s (10% upd)
it 1625/9765 step 3333505 SPS 599 kl 0.0052 rew 8.95 max_stage 6.26 mult 0.150 | collect 3.12s update 0.33s (10% upd)
it 1630/9765 step 3343764 SPS 599 kl 0.0054 rew 8.95 max_stage 6.26 mult 0.130 | collect 3.11s update 0.35s (10% upd)
it 1635/9765 step 3354025 SPS 599 kl 0.0031 rew 9.44 max_stage 6.28 mult 0.120 | collect 3.16s update 0.18s (5% upd)
it 1640/9765 step 3364290 SPS 599 kl 0.0046 rew 9.78 max_stage 6.33 mult 0.225 | collect 3.05s update 0.38s (11% upd)
it 1645/9765 step 3374540 SPS 599 kl 0.0052 rew 10.05 max_stage 6.32 mult 0.163 | collect 3.34s update 0.23s (7% upd)
it 1650/9765 step 3384802 SPS 599 kl 0.0042 rew 10.05 max_stage 6.32 mult 0.125 | collect 3.09s update 0.20s (6% upd)
it 1655/9765 step 3395062 SPS 599 kl 0.0052 rew 10.05 max_stage 6.32 mult 0.150 | collect 3.14s update 0.34s (10% upd)
it 1660/9765 step 3405315 SPS 599 kl 0.0040 rew 10.05 max_stage 6.32 mult 0.181 | collect 3.19s update 0.35s (10% upd)
it 1665/9765 step 3415579 SPS 599 kl 0.0072 rew 10.05 max_stage 6.32 mult 0.188 | collect 3.05s update 0.35s (10% upd)
it 1670/9765 step 3425836 SPS 599 kl 0.0047 rew 10.05 max_stage 6.32 mult 0.151 | collect 3.17s update 0.24s (7% upd)
it 1675/9765 step 3436089 SPS 599 kl 0.0055 rew 10.05 max_stage 6.32 mult 0.157 | collect 3.17s update 0.34s (10% upd)
it 1680/9765 step 3446342 SPS 599 kl 0.0041 rew 10.05 max_stage 6.32 mult 0.151 | collect 3.05s update 0.13s (4% upd)
it 1685/9765 step 3456608 SPS 599 kl 0.0067 rew 10.05 max_stage 6.32 mult 0.151 | collect 3.18s update 0.28s (8% upd)
it 1690/9765 step 3466865 SPS 599 kl 0.0057 rew 10.05 max_stage 6.32 mult 0.131 | collect 3.13s update 0.27s (8% upd)
it 1695/9765 step 3477113 SPS 599 kl 0.0052 rew 10.05 max_stage 6.32 mult 0.137 | collect 3.09s update 0.33s (10% upd)
it 1700/9765 step 3487373 SPS 599 kl 0.0054 rew 10.15 max_stage 6.31 mult 0.151 | collect 3.24s update 0.28s (8% upd)
it 1705/9765 step 3497631 SPS 599 kl 0.0059 rew 10.15 max_stage 6.31 mult 0.158 | collect 3.09s update 0.35s (10% upd)
it 1710/9765 step 3507897 SPS 599 kl 0.0051 rew 10.15 max_stage 6.31 mult 0.151 | collect 3.13s update 0.38s (11% upd)
it 1715/9765 step 3518150 SPS 599 kl 0.0050 rew 10.15 max_stage 6.31 mult 0.121 | collect 3.11s update 0.39s (11% upd)
it 1720/9765 step 3528407 SPS 599 kl 0.0045 rew 10.15 max_stage 6.31 mult 0.182 | collect 3.16s update 0.38s (11% upd)
it 1725/9765 step 3538668 SPS 599 kl 0.0043 rew 8.85 max_stage 6.40 mult 0.121 | collect 3.03s update 0.27s (8% upd)
it 1730/9765 step 3548930 SPS 599 kl 0.0046 rew 8.85 max_stage 6.40 mult 0.190 | collect 3.20s update 0.34s (10% upd)
it 1735/9765 step 3559194 SPS 599 kl 0.0030 rew 8.85 max_stage 6.40 mult 0.122 | collect 3.03s update 0.21s (6% upd)
it 1740/9765 step 3569452 SPS 599 kl 0.0063 rew 8.85 max_stage 6.40 mult 0.190 | collect 3.22s update 0.42s (12% upd)
it 1745/9765 step 3579701 SPS 599 kl 0.0055 rew 8.85 max_stage 6.40 mult 0.152 | collect 3.05s update 0.25s (8% upd)
it 1750/9765 step 3589950 SPS 599 kl 0.0065 rew 8.85 max_stage 6.40 mult 0.158 | collect 3.26s update 0.34s (9% upd)
it 1755/9765 step 3600207 SPS 599 kl 0.0051 rew 8.85 max_stage 6.40 mult 0.138 | collect 3.08s update 0.35s (10% upd)
it 1760/9765 step 3610469 SPS 599 kl 0.0041 rew 7.67 max_stage 6.48 mult 0.127 | collect 3.18s update 0.22s (6% upd)
it 1765/9765 step 3620733 SPS 599 kl 0.0034 rew 7.67 max_stage 6.48 mult 0.127 | collect 3.12s update 0.23s (7% upd)
it 1770/9765 step 3630992 SPS 599 kl 0.0044 rew 7.67 max_stage 6.48 mult 0.199 | collect 3.15s update 0.33s (10% upd)
it 1775/9765 step 3641260 SPS 599 kl 0.0040 rew 7.67 max_stage 6.48 mult 0.183 | collect 3.12s update 0.35s (10% upd)
it 1780/9765 step 3651515 SPS 599 kl 0.0056 rew 7.67 max_stage 6.48 mult 0.159 | collect 3.17s update 0.24s (7% upd)
it 1785/9765 step 3661773 SPS 599 kl 0.0061 rew 7.67 max_stage 6.48 mult 0.122 | collect 3.08s update 0.35s (10% upd)
it 1790/9765 step 3672038 SPS 599 kl 0.0059 rew 8.02 max_stage 6.44 mult 0.191 | collect 3.32s update 0.33s (9% upd)
it 1795/9765 step 3682303 SPS 599 kl 0.0066 rew 8.14 max_stage 6.39 mult 0.166 | collect 3.10s update 0.32s (9% upd)
it 1800/9765 step 3692555 SPS 599 kl 0.0050 rew 8.14 max_stage 6.39 mult 0.184 | collect 3.27s update 0.34s (9% upd)
it 1805/9765 step 3702813 SPS 599 kl 0.0074 rew 8.14 max_stage 6.39 mult 0.160 | collect 3.10s update 0.27s (8% upd)
it 1810/9765 step 3713068 SPS 599 kl 0.0047 rew 8.14 max_stage 6.39 mult 0.123 | collect 3.07s update 0.34s (10% upd)
it 1815/9765 step 3723332 SPS 599 kl 0.0053 rew 8.14 max_stage 6.39 mult 0.128 | collect 3.06s update 0.34s (10% upd)
it 1820/9765 step 3733593 SPS 599 kl 0.0038 rew 8.14 max_stage 6.39 mult 0.184 | collect 3.03s update 0.40s (12% upd)
it 1825/9765 step 3743852 SPS 599 kl 0.0060 rew 8.14 max_stage 6.39 mult 0.154 | collect 3.10s update 0.34s (10% upd)
it 1830/9765 step 3754110 SPS 599 kl 0.0040 rew 8.14 max_stage 6.39 mult 0.123 | collect 2.97s update 0.27s (8% upd)
it 1835/9765 step 3764365 SPS 599 kl 0.0062 rew 8.14 max_stage 6.39 mult 0.192 | collect 3.03s update 0.34s (10% upd)
it 1840/9765 step 3774614 SPS 599 kl 0.0053 rew 8.14 max_stage 6.39 mult 0.134 | collect 3.00s update 0.35s (11% upd)
it 1845/9765 step 3784873 SPS 599 kl 0.0047 rew 8.14 max_stage 6.39 mult 0.123 | collect 3.31s update 0.34s (9% upd)
it 1850/9765 step 3795138 SPS 599 kl 0.0070 rew 8.14 max_stage 6.39 mult 0.161 | collect 3.10s update 0.30s (9% upd)
it 1855/9765 step 3805393 SPS 599 kl 0.0045 rew 8.14 max_stage 6.39 mult 0.209 | collect 3.10s update 0.34s (10% upd)
it 1860/9765 step 3815640 SPS 599 kl 0.0044 rew 8.14 max_stage 6.39 mult 0.185 | collect 3.29s update 0.35s (10% upd)
it 1865/9765 step 3825887 SPS 599 kl 0.0070 rew 8.14 max_stage 6.39 mult 0.193 | collect 3.09s update 0.35s (10% upd)
it 1870/9765 step 3836139 SPS 599 kl 0.0042 rew 8.14 max_stage 6.39 mult 0.124 | collect 3.09s update 0.23s (7% upd)
it 1875/9765 step 3846396 SPS 599 kl 0.0047 rew 8.14 max_stage 6.39 mult 0.193 | collect 3.13s update 0.14s (4% upd)
it 1880/9765 step 3856653 SPS 599 kl 0.0051 rew 8.46 max_stage 6.43 mult 0.168 | collect 3.07s update 0.24s (7% upd)
it 1885/9765 step 3866915 SPS 599 kl 0.0044 rew 8.46 max_stage 6.43 mult 0.186 | collect 3.06s update 0.35s (10% upd)
it 1890/9765 step 3877168 SPS 599 kl 0.0065 rew 8.46 max_stage 6.43 mult 0.155 | collect 3.03s update 0.31s (9% upd)
it 1895/9765 step 3887439 SPS 599 kl 0.0060 rew 8.46 max_stage 6.43 mult 0.124 | collect 3.18s update 0.32s (9% upd)
it 1900/9765 step 3897696 SPS 599 kl 0.0071 rew 8.46 max_stage 6.43 mult 0.162 | collect 3.18s update 0.32s (9% upd)
it 1905/9765 step 3907945 SPS 598 kl 0.0040 rew 8.46 max_stage 6.43 mult 0.186 | collect 3.14s update 0.34s (10% upd)
it 1910/9765 step 3918200 SPS 598 kl 0.0045 rew 8.46 max_stage 6.43 mult 0.162 | collect 3.09s update 0.23s (7% upd)
it 1915/9765 step 3928460 SPS 598 kl 0.0068 rew 8.46 max_stage 6.43 mult 0.140 | collect 3.23s update 0.30s (9% upd)
it 1920/9765 step 3938718 SPS 598 kl 0.0055 rew 8.46 max_stage 6.43 mult 0.155 | collect 3.15s update 0.33s (10% upd)
it 1925/9765 step 3948975 SPS 598 kl 0.0061 rew 8.46 max_stage 6.43 mult 0.162 | collect 3.08s update 0.34s (10% upd)
it 1930/9765 step 3959236 SPS 598 kl 0.0061 rew 8.46 max_stage 6.43 mult 0.141 | collect 3.13s update 0.28s (8% upd)
it 1935/9765 step 3969503 SPS 598 kl 0.0060 rew 8.46 max_stage 6.43 mult 0.156 | collect 3.09s update 0.35s (10% upd)
it 1940/9765 step 3979766 SPS 598 kl 0.0044 rew 8.46 max_stage 6.43 mult 0.135 | collect 3.25s update 0.22s (6% upd)
it 1945/9765 step 3990028 SPS 598 kl 0.0051 rew 8.46 max_stage 6.43 mult 0.176 | collect 3.29s update 0.19s (5% upd)
it 1950/9765 step 4000286 SPS 598 kl 0.0048 rew 7.06 max_stage 6.50 mult 0.187 | collect 3.08s update 0.37s (11% upd)
it 1955/9765 step 4010540 SPS 598 kl 0.0056 rew 7.06 max_stage 6.50 mult 0.195 | collect 3.11s update 0.34s (10% upd)
it 1960/9765 step 4020813 SPS 598 kl 0.0039 rew 7.57 max_stage 6.53 mult 0.203 | collect 3.16s update 0.34s (10% upd)
it 1965/9765 step 4031072 SPS 598 kl 0.0052 rew 7.93 max_stage 6.50 mult 0.125 | collect 3.12s update 0.32s (9% upd)
it 1970/9765 step 4041331 SPS 598 kl 0.0063 rew 7.93 max_stage 6.50 mult 0.163 | collect 3.07s update 0.30s (9% upd)
it 1975/9765 step 4051591 SPS 598 kl 0.0056 rew 7.93 max_stage 6.50 mult 0.157 | collect 3.22s update 0.33s (9% upd)
it 1980/9765 step 4061850 SPS 598 kl 0.0045 rew 6.61 max_stage 6.57 mult 0.125 | collect 3.18s update 0.33s (9% upd)
it 1985/9765 step 4072101 SPS 598 kl 0.0076 rew 6.61 max_stage 6.57 mult 0.196 | collect 3.06s update 0.31s (9% upd)
it 1990/9765 step 4082344 SPS 598 kl 0.0051 rew 6.61 max_stage 6.57 mult 0.142 | collect 3.18s update 0.26s (8% upd)
it 1995/9765 step 4092605 SPS 598 kl 0.0053 rew 6.61 max_stage 6.57 mult 0.131 | collect 3.06s update 0.35s (10% upd)
it 2000/9765 step 4102860 SPS 598 kl 0.0048 rew 6.61 max_stage 6.57 mult 0.189 | collect 3.06s update 0.33s (10% upd)
it 2005/9765 step 4113125 SPS 598 kl 0.0039 rew 6.61 max_stage 6.57 mult 0.189 | collect 3.07s update 0.34s (10% upd)
it 2010/9765 step 4123386 SPS 598 kl 0.0046 rew 6.88 max_stage 6.56 mult 0.189 | collect 3.11s update 0.35s (10% upd)
it 2015/9765 step 4133638 SPS 598 kl 0.0057 rew 7.20 max_stage 6.51 mult 0.164 | collect 3.04s update 0.32s (10% upd)
it 2020/9765 step 4143890 SPS 598 kl 0.0041 rew 7.20 max_stage 6.51 mult 0.158 | collect 3.15s update 0.24s (7% upd)
it 2025/9765 step 4154139 SPS 598 kl 0.0043 rew 7.20 max_stage 6.51 mult 0.131 | collect 3.10s update 0.27s (8% upd)
it 2030/9765 step 4164385 SPS 598 kl 0.0055 rew 7.20 max_stage 6.51 mult 0.158 | collect 3.09s update 0.34s (10% upd)
it 2035/9765 step 4174652 SPS 598 kl 0.0050 rew 7.20 max_stage 6.51 mult 0.205 | collect 3.11s update 0.34s (10% upd)
it 2040/9765 step 4184919 SPS 598 kl 0.0043 rew 7.20 max_stage 6.51 mult 0.158 | collect 3.12s update 0.23s (7% upd)
it 2045/9765 step 4195176 SPS 598 kl 0.0051 rew 7.20 max_stage 6.51 mult 0.126 | collect 3.13s update 0.34s (10% upd)
it 2050/9765 step 4205428 SPS 598 kl 0.0028 rew 7.20 max_stage 6.51 mult 0.127 | collect 3.07s update 0.16s (5% upd)
it 2055/9765 step 4215679 SPS 598 kl 0.0034 rew 7.20 max_stage 6.51 mult 0.198 | collect 3.12s update 0.35s (10% upd)
it 2060/9765 step 4225927 SPS 598 kl 0.0056 rew 7.20 max_stage 6.51 mult 0.172 | collect 3.06s update 0.26s (8% upd)
it 2065/9765 step 4236180 SPS 598 kl 0.0039 rew 7.20 max_stage 6.51 mult 0.149 | collect 3.18s update 0.23s (7% upd)
it 2070/9765 step 4246426 SPS 598 kl 0.0057 rew 7.20 max_stage 6.51 mult 0.132 | collect 3.06s update 0.27s (8% upd)
it 2075/9765 step 4256678 SPS 598 kl 0.0047 rew 7.20 max_stage 6.51 mult 0.190 | collect 3.10s update 0.34s (10% upd)
it 2080/9765 step 4266931 SPS 598 kl 0.0040 rew 7.20 max_stage 6.51 mult 0.198 | collect 3.15s update 0.34s (10% upd)
it 2085/9765 step 4277186 SPS 598 kl 0.0048 rew 7.20 max_stage 6.51 mult 0.127 | collect 3.08s update 0.29s (9% upd)
it 2090/9765 step 4287432 SPS 598 kl 0.0046 rew 7.20 max_stage 6.51 mult 0.159 | collect 3.06s update 0.27s (8% upd)
it 2095/9765 step 4297687 SPS 598 kl 0.0054 rew 7.20 max_stage 6.51 mult 0.159 | collect 3.15s update 0.35s (10% upd)
it 2100/9765 step 4307948 SPS 598 kl 0.0042 rew 7.20 max_stage 6.51 mult 0.207 | collect 3.06s update 0.35s (10% upd)
it 2105/9765 step 4318210 SPS 598 kl 0.0055 rew 7.20 max_stage 6.51 mult 0.127 | collect 3.12s update 0.30s (9% upd)
it 2110/9765 step 4328470 SPS 598 kl 0.0042 rew 7.20 max_stage 6.51 mult 0.199 | collect 3.14s update 0.34s (10% upd)
it 2115/9765 step 4338725 SPS 598 kl 0.0046 rew 6.05 max_stage 6.57 mult 0.128 | collect 3.04s update 0.33s (10% upd)
it 2120/9765 step 4348980 SPS 598 kl 0.0033 rew 6.05 max_stage 6.57 mult 0.128 | collect 3.06s update 0.22s (7% upd)
it 2125/9765 step 4359244 SPS 598 kl 0.0050 rew 6.05 max_stage 6.57 mult 0.133 | collect 3.09s update 0.28s (8% upd)
it 2130/9765 step 4369500 SPS 598 kl 0.0055 rew 6.05 max_stage 6.57 mult 0.133 | collect 3.15s update 0.33s (10% upd)
it 2135/9765 step 4379761 SPS 598 kl 0.0040 rew 6.05 max_stage 6.57 mult 0.192 | collect 3.07s update 0.35s (10% upd)
it 2140/9765 step 4390017 SPS 598 kl 0.0051 rew 6.05 max_stage 6.57 mult 0.128 | collect 3.16s update 0.28s (8% upd)
it 2145/9765 step 4400268 SPS 598 kl 0.0050 rew 6.05 max_stage 6.57 mult 0.192 | collect 3.05s update 0.35s (10% upd)
it 2150/9765 step 4410521 SPS 598 kl 0.0058 rew 6.05 max_stage 6.57 mult 0.167 | collect 3.07s update 0.29s (9% upd)
it 2155/9765 step 4420780 SPS 598 kl 0.0067 rew 6.05 max_stage 6.57 mult 0.160 | collect 3.09s update 0.31s (9% upd)
it 2160/9765 step 4431039 SPS 598 kl 0.0055 rew 6.05 max_stage 6.57 mult 0.139 | collect 3.25s update 0.31s (9% upd)
it 2165/9765 step 4441290 SPS 598 kl 0.0044 rew 6.36 max_stage 6.55 mult 0.201 | collect 3.00s update 0.41s (12% upd)
it 2170/9765 step 4451561 SPS 598 kl 0.0056 rew 6.73 max_stage 6.55 mult 0.209 | collect 3.19s update 0.35s (10% upd)
it 2175/9765 step 4461819 SPS 598 kl 0.0059 rew 6.73 max_stage 6.55 mult 0.161 | collect 3.09s update 0.35s (10% upd)
it 2180/9765 step 4472082 SPS 598 kl 0.0045 rew 6.73 max_stage 6.55 mult 0.129 | collect 3.05s update 0.35s (10% upd)
it 2185/9765 step 4482344 SPS 598 kl 0.0047 rew 6.73 max_stage 6.55 mult 0.201 | collect 3.09s update 0.35s (10% upd)
it 2190/9765 step 4492588 SPS 598 kl 0.0039 rew 6.73 max_stage 6.55 mult 0.129 | collect 3.06s update 0.32s (10% upd)
it 2195/9765 step 4502851 SPS 598 kl 0.0048 rew 6.73 max_stage 6.55 mult 0.242 | collect 3.16s update 0.35s (10% upd)
it 2200/9765 step 4513100 SPS 598 kl 0.0044 rew 6.73 max_stage 6.55 mult 0.210 | collect 3.12s update 0.35s (10% upd)
it 2205/9765 step 4523360 SPS 598 kl 0.0047 rew 6.73 max_stage 6.55 mult 0.194 | collect 3.24s update 0.33s (9% upd)
it 2210/9765 step 4533618 SPS 598 kl 0.0037 rew 7.01 max_stage 6.54 mult 0.140 | collect 3.04s update 0.21s (7% upd)
it 2215/9765 step 4543884 SPS 598 kl 0.0066 rew 7.01 max_stage 6.54 mult 0.175 | collect 3.08s update 0.33s (10% upd)
it 2220/9765 step 4554136 SPS 598 kl 0.0060 rew 7.01 max_stage 6.54 mult 0.162 | collect 3.15s update 0.35s (10% upd)
it 2225/9765 step 4564391 SPS 598 kl 0.0065 rew 7.01 max_stage 6.54 mult 0.168 | collect 3.07s update 0.35s (10% upd)
it 2230/9765 step 4574648 SPS 598 kl 0.0056 rew 7.01 max_stage 6.54 mult 0.130 | collect 3.23s update 0.34s (9% upd)
it 2235/9765 step 4584917 SPS 598 kl 0.0039 rew 7.01 max_stage 6.54 mult 0.194 | collect 3.08s update 0.35s (10% upd)
it 2240/9765 step 4595179 SPS 598 kl 0.0044 rew 7.01 max_stage 6.54 mult 0.195 | collect 3.10s update 0.35s (10% upd)
it 2245/9765 step 4605439 SPS 598 kl 0.0058 rew 7.01 max_stage 6.54 mult 0.141 | collect 3.10s update 0.34s (10% upd)
it 2250/9765 step 4615693 SPS 598 kl 0.0052 rew 7.01 max_stage 6.54 mult 0.130 | collect 3.14s update 0.35s (10% upd)
it 2255/9765 step 4625955 SPS 598 kl 0.0037 rew 7.01 max_stage 6.54 mult 0.169 | collect 2.97s update 0.22s (7% upd)
it 2260/9765 step 4636213 SPS 598 kl 0.0051 rew 7.01 max_stage 6.54 mult 0.147 | collect 3.10s update 0.30s (9% upd)
it 2265/9765 step 4646480 SPS 598 kl 0.0063 rew 6.40 max_stage 6.60 mult 0.153 | collect 2.99s update 0.31s (9% upd)
it 2270/9765 step 4656748 SPS 598 kl 0.0044 rew 6.40 max_stage 6.60 mult 0.203 | collect 3.10s update 0.33s (10% upd)
it 2275/9765 step 4667009 SPS 598 kl 0.0054 rew 5.54 max_stage 6.61 mult 0.147 | collect 3.04s update 0.33s (10% upd)
it 2280/9765 step 4677266 SPS 598 kl 0.0055 rew 5.54 max_stage 6.61 mult 0.204 | collect 3.11s update 0.18s (5% upd)
it 2285/9765 step 4687528 SPS 598 kl 0.0062 rew 5.54 max_stage 6.61 mult 0.163 | collect 3.13s update 0.34s (10% upd)
it 2290/9765 step 4697794 SPS 598 kl 0.0041 rew 5.54 max_stage 6.61 mult 0.136 | collect 3.09s update 0.15s (5% upd)
it 2295/9765 step 4708054 SPS 598 kl 0.0049 rew 5.54 max_stage 6.61 mult 0.142 | collect 3.29s update 0.19s (6% upd)
it 2300/9765 step 4718309 SPS 598 kl 0.0055 rew 5.54 max_stage 6.61 mult 0.148 | collect 3.10s update 0.34s (10% upd)
it 2305/9765 step 4728570 SPS 598 kl 0.0060 rew 6.04 max_stage 6.65 mult 0.192 | collect 3.25s update 0.27s (8% upd)
it 2310/9765 step 4738825 SPS 598 kl 0.0036 rew 6.04 max_stage 6.65 mult 0.139 | collect 3.15s update 0.17s (5% upd)
it 2315/9765 step 4749082 SPS 598 kl 0.0045 rew 6.04 max_stage 6.65 mult 0.217 | collect 3.12s update 0.35s (10% upd)
it 2320/9765 step 4759336 SPS 598 kl 0.0059 rew 6.04 max_stage 6.65 mult 0.189 | collect 3.06s update 0.35s (10% upd)
it 2325/9765 step 4769594 SPS 598 kl 0.0048 rew 6.04 max_stage 6.65 mult 0.131 | collect 3.15s update 0.34s (10% upd)
it 2330/9765 step 4779853 SPS 598 kl 0.0043 rew 6.04 max_stage 6.65 mult 0.197 | collect 3.16s update 0.33s (10% upd)
it 2335/9765 step 4790108 SPS 598 kl 0.0036 rew 6.04 max_stage 6.65 mult 0.197 | collect 2.96s update 0.38s (11% upd)
it 2340/9765 step 4800363 SPS 598 kl 0.0036 rew 6.04 max_stage 6.65 mult 0.205 | collect 3.08s update 0.40s (12% upd)
it 2345/9765 step 4810613 SPS 598 kl 0.0044 rew 6.04 max_stage 6.65 mult 0.214 | collect 3.16s update 0.40s (11% upd)
it 2350/9765 step 4820866 SPS 598 kl 0.0057 rew 6.04 max_stage 6.65 mult 0.186 | collect 3.04s update 0.33s (10% upd)
it 2355/9765 step 4831116 SPS 598 kl 0.0040 rew 6.04 max_stage 6.65 mult 0.198 | collect 3.15s update 0.35s (10% upd)
it 2360/9765 step 4841371 SPS 598 kl 0.0066 rew 6.04 max_stage 6.65 mult 0.143 | collect 3.10s update 0.30s (9% upd)
it 2365/9765 step 4851634 SPS 598 kl 0.0038 rew 6.04 max_stage 6.65 mult 0.132 | collect 3.15s update 0.19s (6% upd)
it 2370/9765 step 4861893 SPS 598 kl 0.0046 rew 5.75 max_stage 6.70 mult 0.198 | collect 3.24s update 0.35s (10% upd)
it 2375/9765 step 4872162 SPS 598 kl 0.0059 rew 5.75 max_stage 6.70 mult 0.143 | collect 3.17s update 0.26s (8% upd)
it 2380/9765 step 4882423 SPS 598 kl 0.0049 rew 5.75 max_stage 6.70 mult 0.179 | collect 3.16s update 0.22s (7% upd)
it 2385/9765 step 4892682 SPS 598 kl 0.0048 rew 5.61 max_stage 6.76 mult 0.155 | collect 3.32s update 0.26s (7% upd)
it 2390/9765 step 4902930 SPS 598 kl 0.0054 rew 5.61 max_stage 6.76 mult 0.207 | collect 3.07s update 0.20s (6% upd)
it 2395/9765 step 4913191 SPS 598 kl 0.0066 rew 6.00 max_stage 6.76 mult 0.150 | collect 3.08s update 0.31s (9% upd)
it 2400/9765 step 4923452 SPS 598 kl 0.0061 rew 6.00 max_stage 6.76 mult 0.207 | collect 3.17s update 0.22s (7% upd)
it 2405/9765 step 4933708 SPS 598 kl 0.0054 rew 6.00 max_stage 6.76 mult 0.150 | collect 3.09s update 0.29s (9% upd)
it 2410/9765 step 4943967 SPS 598 kl 0.0048 rew 6.27 max_stage 6.78 mult 0.234 | collect 3.12s update 0.34s (10% upd)
it 2415/9765 step 4954213 SPS 598 kl 0.0051 rew 6.27 max_stage 6.78 mult 0.135 | collect 3.15s update 0.34s (10% upd)
it 2420/9765 step 4964461 SPS 598 kl 0.0036 rew 6.27 max_stage 6.78 mult 0.141 | collect 3.06s update 0.20s (6% upd)
it 2425/9765 step 4974719 SPS 598 kl 0.0039 rew 6.27 max_stage 6.78 mult 0.166 | collect 2.95s update 0.20s (6% upd)
it 2430/9765 step 4984976 SPS 598 kl 0.0063 rew 6.27 max_stage 6.78 mult 0.139 | collect 3.25s update 0.32s (9% upd)
it 2435/9765 step 4995227 SPS 598 kl 0.0048 rew 6.27 max_stage 6.78 mult 0.144 | collect 3.15s update 0.24s (7% upd)
it 2440/9765 step 5005490 SPS 598 kl 0.0065 rew 6.27 max_stage 6.78 mult 0.150 | collect 3.12s update 0.34s (10% upd)
it 2445/9765 step 5015739 SPS 598 kl 0.0036 rew 6.27 max_stage 6.78 mult 0.200 | collect 3.06s update 0.35s (10% upd)
it 2450/9765 step 5025989 SPS 598 kl 0.0039 rew 6.27 max_stage 6.78 mult 0.208 | collect 3.07s update 0.35s (10% upd)
it 2455/9765 step 5036242 SPS 598 kl 0.0039 rew 6.27 max_stage 6.78 mult 0.151 | collect 3.03s update 0.16s (5% upd)
it 2460/9765 step 5046503 SPS 598 kl 0.0056 rew 6.27 max_stage 6.78 mult 0.167 | collect 3.11s update 0.35s (10% upd)
it 2465/9765 step 5056762 SPS 598 kl 0.0045 rew 6.27 max_stage 6.78 mult 0.217 | collect 3.11s update 0.33s (10% upd)
it 2470/9765 step 5067017 SPS 598 kl 0.0056 rew 6.27 max_stage 6.78 mult 0.157 | collect 3.06s update 0.29s (9% upd)
it 2475/9765 step 5077277 SPS 598 kl 0.0044 rew 5.59 max_stage 6.83 mult 0.201 | collect 3.07s update 0.35s (10% upd)
it 2480/9765 step 5087526 SPS 598 kl 0.0052 rew 5.59 max_stage 6.83 mult 0.174 | collect 3.21s update 0.22s (6% upd)
it 2485/9765 step 5097783 SPS 598 kl 0.0061 rew 5.59 max_stage 6.83 mult 0.168 | collect 3.19s update 0.33s (9% upd)
it 2490/9765 step 5108039 SPS 598 kl 0.0054 rew 5.66 max_stage 6.77 mult 0.168 | collect 3.29s update 0.27s (8% upd)
it 2495/9765 step 5118301 SPS 598 kl 0.0056 rew 5.90 max_stage 6.79 mult 0.168 | collect 3.21s update 0.35s (10% upd)
it 2500/9765 step 5128553 SPS 598 kl 0.0050 rew 5.90 max_stage 6.79 mult 0.168 | collect 3.21s update 0.34s (10% upd)
it 2505/9765 step 5138807 SPS 598 kl 0.0058 rew 5.90 max_stage 6.79 mult 0.168 | collect 3.17s update 0.33s (10% upd)
it 2510/9765 step 5149063 SPS 598 kl 0.0069 rew 6.06 max_stage 6.76 mult 0.146 | collect 3.17s update 0.28s (8% upd)
it 2515/9765 step 5159332 SPS 598 kl 0.0047 rew 6.06 max_stage 6.76 mult 0.202 | collect 3.09s update 0.34s (10% upd)
it 2520/9765 step 5169589 SPS 598 kl 0.0071 rew 6.06 max_stage 6.76 mult 0.175 | collect 3.21s update 0.34s (10% upd)
it 2525/9765 step 5179839 SPS 598 kl 0.0041 rew 6.06 max_stage 6.76 mult 0.228 | collect 3.11s update 0.34s (10% upd)
it 2530/9765 step 5190101 SPS 598 kl 0.0060 rew 6.06 max_stage 6.76 mult 0.169 | collect 3.19s update 0.32s (9% upd)
it 2535/9765 step 5200365 SPS 598 kl 0.0045 rew 6.06 max_stage 6.76 mult 0.211 | collect 3.11s update 0.34s (10% upd)
it 2540/9765 step 5210613 SPS 598 kl 0.0056 rew 6.06 max_stage 6.76 mult 0.169 | collect 3.98s update 0.25s (6% upd)
it 2545/9765 step 5220860 SPS 598 kl 0.0057 rew 6.06 max_stage 6.76 mult 0.169 | collect 3.69s update 0.31s (8% upd)
it 2550/9765 step 5231116 SPS 597 kl 0.0061 rew 6.06 max_stage 6.76 mult 0.141 | collect 3.92s update 0.34s (8% upd)
it 2555/9765 step 5241374 SPS 597 kl 0.0047 rew 6.06 max_stage 6.76 mult 0.203 | collect 3.36s update 0.40s (11% upd)
it 2560/9765 step 5251631 SPS 597 kl 0.0057 rew 6.25 max_stage 6.72 mult 0.147 | collect 3.93s update 0.32s (8% upd)
it 2565/9765 step 5261889 SPS 597 kl 0.0045 rew 6.25 max_stage 6.72 mult 0.141 | collect 3.91s update 0.34s (8% upd)
it 2570/9765 step 5272140 SPS 596 kl 0.0057 rew 6.25 max_stage 6.72 mult 0.184 | collect 3.88s update 0.37s (9% upd)
it 2575/9765 step 5282392 SPS 596 kl 0.0045 rew 6.25 max_stage 6.72 mult 0.204 | collect 3.93s update 0.39s (9% upd)
it 2580/9765 step 5292657 SPS 596 kl 0.0051 rew 6.25 max_stage 6.72 mult 0.177 | collect 3.90s update 0.25s (6% upd)
it 2585/9765 step 5302919 SPS 596 kl 0.0053 rew 6.25 max_stage 6.72 mult 0.153 | collect 4.15s update 0.40s (9% upd)
it 2590/9765 step 5313174 SPS 595 kl 0.0056 rew 6.25 max_stage 6.72 mult 0.136 | collect 3.87s update 0.41s (9% upd)
it 2595/9765 step 5323423 SPS 595 kl 0.0048 rew 6.25 max_stage 6.72 mult 0.213 | collect 3.90s update 0.41s (9% upd)
it 2600/9765 step 5333679 SPS 595 kl 0.0063 rew 6.25 max_stage 6.67 mult 0.154 | collect 4.02s update 0.34s (8% upd)
it 2605/9765 step 5343931 SPS 595 kl 0.0054 rew 6.25 max_stage 6.67 mult 0.160 | collect 3.92s update 0.39s (9% upd)
it 2610/9765 step 5354190 SPS 594 kl 0.0024 rew 6.25 max_stage 6.67 mult 0.142 | collect 3.89s update 0.17s (4% upd)
it 2615/9765 step 5364448 SPS 594 kl 0.0053 rew 6.25 max_stage 6.67 mult 0.171 | collect 3.74s update 0.26s (6% upd)
it 2620/9765 step 5374706 SPS 594 kl 0.0061 rew 6.25 max_stage 6.67 mult 0.148 | collect 3.93s update 0.37s (9% upd)
it 2625/9765 step 5384964 SPS 594 kl 0.0041 rew 6.25 max_stage 6.67 mult 0.214 | collect 3.91s update 0.40s (9% upd)
it 2630/9765 step 5395208 SPS 593 kl 0.0043 rew 6.25 max_stage 6.67 mult 0.205 | collect 3.83s update 0.48s (11% upd)
it 2635/9765 step 5405469 SPS 593 kl 0.0037 rew 5.70 max_stage 6.72 mult 0.205 | collect 3.88s update 0.40s (9% upd)
it 2640/9765 step 5415732 SPS 593 kl 0.0054 rew 5.70 max_stage 6.72 mult 0.149 | collect 4.03s update 0.34s (8% upd)
it 2645/9765 step 5425993 SPS 593 kl 0.0035 rew 5.70 max_stage 6.72 mult 0.143 | collect 3.92s update 0.24s (6% upd)
it 2650/9765 step 5436248 SPS 592 kl 0.0043 rew 5.70 max_stage 6.72 mult 0.186 | collect 3.90s update 0.23s (5% upd)
it 2655/9765 step 5446502 SPS 592 kl 0.0049 rew 5.70 max_stage 6.72 mult 0.143 | collect 3.96s update 0.39s (9% upd)
it 2660/9765 step 5456759 SPS 592 kl 0.0055 rew 5.70 max_stage 6.72 mult 0.179 | collect 3.90s update 0.40s (9% upd)
it 2665/9765 step 5467023 SPS 592 kl 0.0039 rew 5.70 max_stage 6.72 mult 0.155 | collect 4.00s update 0.15s (4% upd)
it 2670/9765 step 5477288 SPS 592 kl 0.0055 rew 5.70 max_stage 6.72 mult 0.194 | collect 3.93s update 0.39s (9% upd)
it 2675/9765 step 5487535 SPS 591 kl 0.0056 rew 5.70 max_stage 6.72 mult 0.172 | collect 3.82s update 0.34s (8% upd)
it 2680/9765 step 5497799 SPS 591 kl 0.0047 rew 5.70 max_stage 6.72 mult 0.149 | collect 3.91s update 0.34s (8% upd)
it 2685/9765 step 5508059 SPS 591 kl 0.0042 rew 5.71 max_stage 6.65 mult 0.207 | collect 3.61s update 0.40s (10% upd)
it 2690/9765 step 5518311 SPS 591 kl 0.0068 rew 5.71 max_stage 6.65 mult 0.180 | collect 3.92s update 0.39s (9% upd)
it 2695/9765 step 5528571 SPS 590 kl 0.0073 rew 5.71 max_stage 6.65 mult 0.173 | collect 3.25s update 0.32s (9% upd)
it 2700/9765 step 5538824 SPS 590 kl 0.0067 rew 5.71 max_stage 6.65 mult 0.173 | collect 3.86s update 0.44s (10% upd)
it 2705/9765 step 5549084 SPS 590 kl 0.0039 rew 5.71 max_stage 6.65 mult 0.150 | collect 3.76s update 0.28s (7% upd)
it 2710/9765 step 5559335 SPS 590 kl 0.0051 rew 5.90 max_stage 6.64 mult 0.156 | collect 3.39s update 0.43s (11% upd)
it 2715/9765 step 5569595 SPS 590 kl 0.0061 rew 5.90 max_stage 6.64 mult 0.144 | collect 3.13s update 0.35s (10% upd)
it 2720/9765 step 5579850 SPS 590 kl 0.0059 rew 5.90 max_stage 6.64 mult 0.180 | collect 2.97s update 0.40s (12% upd)
it 2725/9765 step 5590103 SPS 590 kl 0.0054 rew 5.82 max_stage 6.57 mult 0.188 | collect 2.98s update 0.35s (11% upd)
it 2730/9765 step 5600372 SPS 590 kl 0.0038 rew 6.01 max_stage 6.57 mult 0.244 | collect 3.11s update 0.39s (11% upd)
it 2735/9765 step 5610633 SPS 590 kl 0.0046 rew 6.01 max_stage 6.57 mult 0.212 | collect 3.16s update 0.35s (10% upd)
it 2740/9765 step 5620897 SPS 590 kl 0.0031 rew 6.01 max_stage 6.57 mult 0.153 | collect 3.00s update 0.17s (6% upd)
it 2745/9765 step 5631159 SPS 590 kl 0.0052 rew 6.01 max_stage 6.57 mult 0.139 | collect 3.11s update 0.32s (9% upd)
it 2750/9765 step 5641415 SPS 590 kl 0.0042 rew 6.01 max_stage 6.57 mult 0.217 | collect 3.15s update 0.35s (10% upd)
it 2755/9765 step 5651665 SPS 590 kl 0.0070 rew 6.01 max_stage 6.57 mult 0.189 | collect 3.14s update 0.28s (8% upd)
it 2760/9765 step 5661927 SPS 590 kl 0.0051 rew 6.01 max_stage 6.57 mult 0.174 | collect 3.16s update 0.34s (10% upd)
it 2765/9765 step 5672191 SPS 590 kl 0.0044 rew 6.01 max_stage 6.57 mult 0.227 | collect 3.04s update 0.35s (10% upd)
it 2770/9765 step 5682449 SPS 590 kl 0.0049 rew 6.01 max_stage 6.57 mult 0.236 | collect 3.08s update 0.34s (10% upd)
it 2775/9765 step 5692702 SPS 590 kl 0.0040 rew 6.01 max_stage 6.57 mult 0.175 | collect 3.07s update 0.22s (7% upd)
it 2780/9765 step 5702958 SPS 590 kl 0.0042 rew 6.01 max_stage 6.57 mult 0.140 | collect 3.08s update 0.26s (8% upd)
it 2785/9765 step 5713219 SPS 590 kl 0.0048 rew 6.01 max_stage 6.57 mult 0.218 | collect 3.09s update 0.33s (10% upd)
it 2790/9765 step 5723469 SPS 590 kl 0.0067 rew 6.01 max_stage 6.57 mult 0.190 | collect 3.09s update 0.31s (9% upd)
it 2795/9765 step 5733736 SPS 590 kl 0.0050 rew 6.01 max_stage 6.57 mult 0.146 | collect 3.05s update 0.32s (9% upd)
it 2800/9765 step 5743991 SPS 590 kl 0.0056 rew 6.01 max_stage 6.57 mult 0.190 | collect 3.07s update 0.28s (8% upd)
it 2805/9765 step 5754246 SPS 590 kl 0.0052 rew 6.01 max_stage 6.57 mult 0.175 | collect 3.14s update 0.35s (10% upd)
it 2810/9765 step 5764502 SPS 590 kl 0.0069 rew 6.01 max_stage 6.57 mult 0.183 | collect 3.13s update 0.33s (10% upd)
it 2815/9765 step 5774756 SPS 590 kl 0.0054 rew 5.62 max_stage 6.66 mult 0.158 | collect 3.15s update 0.35s (10% upd)
it 2820/9765 step 5785001 SPS 590 kl 0.0044 rew 5.62 max_stage 6.66 mult 0.263 | collect 3.10s update 0.35s (10% upd)
it 2825/9765 step 5795262 SPS 590 kl 0.0049 rew 5.62 max_stage 6.66 mult 0.141 | collect 3.09s update 0.31s (9% upd)
it 2830/9765 step 5805524 SPS 590 kl 0.0055 rew 5.84 max_stage 6.68 mult 0.183 | collect 3.21s update 0.28s (8% upd)
it 2835/9765 step 5815784 SPS 590 kl 0.0042 rew 5.84 max_stage 6.68 mult 0.239 | collect 3.13s update 0.33s (10% upd)
it 2840/9765 step 5826034 SPS 590 kl 0.0056 rew 5.84 max_stage 6.68 mult 0.141 | collect 3.07s update 0.33s (10% upd)
it 2845/9765 step 5836303 SPS 590 kl 0.0051 rew 5.84 max_stage 6.68 mult 0.212 | collect 3.18s update 0.35s (10% upd)
it 2850/9765 step 5846562 SPS 590 kl 0.0050 rew 5.84 max_stage 6.68 mult 0.184 | collect 3.14s update 0.34s (10% upd)
it 2855/9765 step 5856825 SPS 590 kl 0.0039 rew 5.84 max_stage 6.68 mult 0.141 | collect 3.13s update 0.24s (7% upd)
it 2860/9765 step 5867096 SPS 590 kl 0.0044 rew 5.84 max_stage 6.68 mult 0.221 | collect 3.32s update 0.33s (9% upd)
it 2865/9765 step 5877357 SPS 590 kl 0.0059 rew 5.84 max_stage 6.68 mult 0.160 | collect 3.05s update 0.30s (9% upd)
it 2870/9765 step 5887608 SPS 590 kl 0.0046 rew 5.84 max_stage 6.68 mult 0.250 | collect 3.11s update 0.15s (5% upd)
it 2875/9765 step 5897871 SPS 590 kl 0.0049 rew 5.84 max_stage 6.68 mult 0.181 | collect 3.07s update 0.26s (8% upd)
it 2880/9765 step 5908131 SPS 590 kl 0.0047 rew 5.84 max_stage 6.68 mult 0.282 | collect 3.17s update 0.33s (10% upd)
it 2885/9765 step 5918382 SPS 590 kl 0.0046 rew 5.84 max_stage 6.68 mult 0.213 | collect 3.13s update 0.34s (10% upd)
it 2890/9765 step 5928635 SPS 590 kl 0.0060 rew 5.84 max_stage 6.68 mult 0.154 | collect 3.08s update 0.30s (9% upd)
it 2895/9765 step 5938898 SPS 590 kl 0.0057 rew 5.84 max_stage 6.68 mult 0.148 | collect 3.14s update 0.27s (8% upd)
it 2900/9765 step 5949167 SPS 590 kl 0.0050 rew 5.84 max_stage 6.68 mult 0.178 | collect 3.96s update 0.39s (9% upd)
it 2905/9765 step 5959424 SPS 590 kl 0.0029 rew 5.84 max_stage 6.68 mult 0.142 | collect 3.75s update 0.27s (7% upd)
it 2910/9765 step 5969675 SPS 590 kl 0.0052 rew 5.84 max_stage 6.68 mult 0.185 | collect 3.89s update 0.29s (7% upd)
it 2915/9765 step 5979933 SPS 590 kl 0.0064 rew 5.84 max_stage 6.68 mult 0.178 | collect 3.98s update 0.38s (9% upd)
it 2920/9765 step 5990196 SPS 589 kl 0.0054 rew 5.84 max_stage 6.68 mult 0.186 | collect 3.68s update 0.41s (10% upd)
it 2925/9765 step 6000445 SPS 589 kl 0.0057 rew 5.84 max_stage 6.68 mult 0.193 | collect 3.91s update 0.44s (10% upd)
it 2930/9765 step 6010696 SPS 589 kl 0.0042 rew 5.84 max_stage 6.68 mult 0.214 | collect 3.99s update 0.41s (9% upd)
it 2935/9765 step 6020951 SPS 589 kl 0.0045 rew 5.84 max_stage 6.68 mult 0.279 | collect 3.92s update 0.41s (9% upd)
it 2940/9765 step 6031206 SPS 589 kl 0.0048 rew 5.84 max_stage 6.68 mult 0.242 | collect 3.98s update 0.39s (9% upd)
it 2945/9765 step 6041460 SPS 588 kl 0.0059 rew 5.84 max_stage 6.68 mult 0.210 | collect 3.90s update 0.33s (8% upd)
it 2950/9765 step 6051717 SPS 588 kl 0.0067 rew 5.84 max_stage 6.68 mult 0.152 | collect 3.85s update 0.34s (8% upd)
it 2955/9765 step 6061975 SPS 588 kl 0.0056 rew 5.84 max_stage 6.68 mult 0.158 | collect 3.61s update 0.39s (10% upd)
it 2960/9765 step 6072224 SPS 588 kl 0.0042 rew 5.84 max_stage 6.68 mult 0.143 | collect 4.01s update 0.31s (7% upd)
it 2965/9765 step 6082477 SPS 587 kl 0.0045 rew 5.84 max_stage 6.68 mult 0.224 | collect 3.93s update 0.41s (9% upd)
it 2970/9765 step 6092731 SPS 587 kl 0.0045 rew 5.84 max_stage 6.68 mult 0.162 | collect 3.94s update 0.21s (5% upd)
it 2975/9765 step 6102995 SPS 587 kl 0.0038 rew 6.00 max_stage 6.68 mult 0.144 | collect 3.99s update 0.29s (7% upd)
it 2980/9765 step 6113256 SPS 587 kl 0.0056 rew 6.00 max_stage 6.68 mult 0.225 | collect 3.63s update 0.27s (7% upd)
it 2985/9765 step 6123518 SPS 587 kl 0.0055 rew 6.00 max_stage 6.68 mult 0.195 | collect 3.55s update 0.33s (9% upd)
it 2990/9765 step 6133781 SPS 586 kl 0.0063 rew 6.00 max_stage 6.68 mult 0.180 | collect 4.08s update 0.27s (6% upd)
it 2995/9765 step 6144045 SPS 586 kl 0.0045 rew 6.32 max_stage 6.70 mult 0.216 | collect 3.94s update 0.39s (9% upd)
it 3000/9765 step 6154300 SPS 586 kl 0.0044 rew 6.32 max_stage 6.70 mult 0.225 | collect 3.91s update 0.39s (9% upd)
it 3005/9765 step 6164556 SPS 586 kl 0.0064 rew 6.32 max_stage 6.70 mult 0.163 | collect 4.05s update 0.30s (7% upd)
it 3010/9765 step 6174815 SPS 586 kl 0.0043 rew 6.32 max_stage 6.70 mult 0.217 | collect 3.94s update 0.40s (9% upd)
it 3015/9765 step 6185078 SPS 585 kl 0.0054 rew 6.32 max_stage 6.70 mult 0.181 | collect 3.92s update 0.32s (8% upd)
it 3020/9765 step 6195338 SPS 585 kl 0.0043 rew 6.32 max_stage 6.70 mult 0.235 | collect 3.67s update 0.41s (10% upd)
it 3025/9765 step 6205594 SPS 585 kl 0.0038 rew 6.32 max_stage 6.70 mult 0.145 | collect 4.08s update 0.18s (4% upd)
it 3030/9765 step 6215843 SPS 585 kl 0.0052 rew 6.32 max_stage 6.70 mult 0.151 | collect 4.08s update 0.40s (9% upd)
it 3035/9765 step 6226098 SPS 585 kl 0.0031 rew 6.32 max_stage 6.70 mult 0.145 | collect 3.78s update 0.19s (5% upd)
it 3040/9765 step 6236355 SPS 584 kl 0.0064 rew 6.32 max_stage 6.70 mult 0.227 | collect 3.94s update 0.26s (6% upd)
it 3045/9765 step 6246605 SPS 584 kl 0.0063 rew 6.46 max_stage 6.70 mult 0.197 | collect 3.98s update 0.37s (9% upd)
it 3050/9765 step 6256859 SPS 584 kl 0.0047 rew 6.46 max_stage 6.70 mult 0.145 | collect 3.68s update 0.40s (10% upd)
it 3055/9765 step 6267111 SPS 584 kl 0.0063 rew 6.46 max_stage 6.70 mult 0.189 | collect 3.94s update 0.32s (8% upd)
it 3060/9765 step 6277369 SPS 584 kl 0.0050 rew 6.46 max_stage 6.70 mult 0.218 | collect 4.02s update 0.40s (9% upd)
it 3065/9765 step 6287634 SPS 583 kl 0.0060 rew 5.65 max_stage 6.73 mult 0.182 | collect 3.84s update 0.37s (9% upd)
it 3070/9765 step 6297889 SPS 583 kl 0.0045 rew 5.65 max_stage 6.73 mult 0.146 | collect 3.24s update 0.40s (11% upd)
it 3075/9765 step 6308145 SPS 583 kl 0.0040 rew 5.65 max_stage 6.73 mult 0.228 | collect 3.68s update 0.40s (10% upd)
it 3080/9765 step 6318397 SPS 583 kl 0.0070 rew 5.65 max_stage 6.73 mult 0.198 | collect 3.90s update 0.32s (8% upd)
it 3085/9765 step 6328652 SPS 583 kl 0.0060 rew 5.65 max_stage 6.73 mult 0.183 | collect 3.23s update 0.27s (8% upd)
it 3090/9765 step 6338901 SPS 583 kl 0.0049 rew 5.65 max_stage 6.73 mult 0.146 | collect 4.10s update 0.38s (9% upd)
it 3095/9765 step 6349159 SPS 582 kl 0.0056 rew 4.80 max_stage 6.77 mult 0.183 | collect 3.96s update 0.40s (9% upd)
it 3100/9765 step 6359415 SPS 582 kl 0.0055 rew 4.80 max_stage 6.77 mult 0.183 | collect 3.60s update 0.33s (8% upd)
it 3105/9765 step 6369677 SPS 582 kl 0.0053 rew 4.98 max_stage 6.74 mult 0.159 | collect 3.91s update 0.39s (9% upd)
it 3110/9765 step 6379923 SPS 582 kl 0.0043 rew 4.98 max_stage 6.74 mult 0.147 | collect 3.83s update 0.42s (10% upd)
it 3115/9765 step 6390182 SPS 582 kl 0.0043 rew 4.98 max_stage 6.74 mult 0.147 | collect 3.55s update 0.30s (8% upd)
it 3120/9765 step 6400432 SPS 582 kl 0.0049 rew 4.98 max_stage 6.74 mult 0.229 | collect 3.91s update 0.39s (9% upd)
it 3125/9765 step 6410693 SPS 581 kl 0.0042 rew 4.98 max_stage 6.74 mult 0.221 | collect 4.03s update 0.47s (10% upd)
it 3130/9765 step 6420952 SPS 581 kl 0.0051 rew 4.98 max_stage 6.74 mult 0.160 | collect 3.48s update 0.38s (10% upd)
it 3135/9765 step 6431211 SPS 581 kl 0.0049 rew 4.98 max_stage 6.74 mult 0.221 | collect 3.96s update 0.40s (9% upd)
it 3140/9765 step 6441469 SPS 581 kl 0.0044 rew 4.98 max_stage 6.74 mult 0.192 | collect 3.80s update 0.24s (6% upd)
it 3145/9765 step 6451737 SPS 581 kl 0.0066 rew 4.98 max_stage 6.74 mult 0.184 | collect 3.96s update 0.33s (8% upd)
it 3150/9765 step 6461995 SPS 580 kl 0.0069 rew 4.81 max_stage 6.78 mult 0.192 | collect 4.11s update 0.34s (8% upd)
it 3155/9765 step 6472243 SPS 580 kl 0.0036 rew 4.81 max_stage 6.78 mult 0.148 | collect 3.06s update 0.25s (8% upd)
it 3160/9765 step 6482499 SPS 580 kl 0.0054 rew 4.81 max_stage 6.78 mult 0.154 | collect 3.92s update 0.44s (10% upd)
it 3165/9765 step 6492758 SPS 580 kl 0.0058 rew 4.81 max_stage 6.78 mult 0.160 | collect 3.64s update 0.42s (10% upd)
it 3170/9765 step 6503024 SPS 580 kl 0.0058 rew 4.81 max_stage 6.78 mult 0.154 | collect 3.99s update 0.26s (6% upd)
it 3175/9765 step 6513286 SPS 580 kl 0.0067 rew 5.08 max_stage 6.77 mult 0.241 | collect 3.12s update 0.44s (12% upd)
it 3180/9765 step 6523537 SPS 579 kl 0.0045 rew 5.24 max_stage 6.76 mult 0.222 | collect 3.97s update 0.49s (11% upd)
it 3185/9765 step 6533787 SPS 579 kl 0.0058 rew 5.24 max_stage 6.76 mult 0.148 | collect 3.90s update 0.41s (10% upd)
it 3190/9765 step 6544046 SPS 579 kl 0.0043 rew 5.24 max_stage 6.76 mult 0.223 | collect 3.97s update 0.41s (9% upd)
it 3195/9765 step 6554307 SPS 579 kl 0.0061 rew 5.24 max_stage 6.76 mult 0.223 | collect 3.96s update 0.41s (9% upd)
it 3200/9765 step 6564562 SPS 579 kl 0.0062 rew 5.24 max_stage 6.76 mult 0.161 | collect 3.91s update 0.38s (9% upd)
it 3205/9765 step 6574820 SPS 579 kl 0.0044 rew 5.24 max_stage 6.76 mult 0.149 | collect 4.10s update 0.40s (9% upd)
it 3210/9765 step 6585073 SPS 578 kl 0.0057 rew 5.24 max_stage 6.76 mult 0.186 | collect 3.93s update 0.42s (10% upd)
it 3215/9765 step 6595330 SPS 578 kl 0.0067 rew 5.24 max_stage 6.76 mult 0.194 | collect 3.68s update 0.37s (9% upd)
it 3220/9765 step 6605584 SPS 578 kl 0.0068 rew 5.24 max_stage 6.76 mult 0.224 | collect 3.97s update 0.40s (9% upd)
it 3225/9765 step 6615852 SPS 578 kl 0.0061 rew 5.24 max_stage 6.76 mult 0.162 | collect 3.56s update 0.31s (8% upd)
it 3230/9765 step 6626114 SPS 578 kl 0.0063 rew 5.33 max_stage 6.73 mult 0.211 | collect 3.92s update 0.35s (8% upd)
it 3235/9765 step 6636374 SPS 577 kl 0.0061 rew 5.33 max_stage 6.73 mult 0.150 | collect 3.93s update 0.36s (8% upd)
it 3240/9765 step 6646635 SPS 577 kl 0.0039 rew 5.33 max_stage 6.73 mult 0.195 | collect 3.97s update 0.24s (6% upd)
it 3245/9765 step 6656891 SPS 577 kl 0.0049 rew 5.33 max_stage 6.73 mult 0.253 | collect 3.40s update 0.40s (10% upd)
it 3250/9765 step 6667146 SPS 577 kl 0.0041 rew 5.33 max_stage 6.73 mult 0.264 | collect 3.85s update 0.40s (9% upd)
it 3255/9765 step 6677398 SPS 577 kl 0.0048 rew 5.33 max_stage 6.73 mult 0.229 | collect 3.93s update 0.39s (9% upd)
it 3260/9765 step 6687669 SPS 577 kl 0.0061 rew 5.33 max_stage 6.73 mult 0.150 | collect 3.95s update 0.37s (9% upd)
it 3265/9765 step 6697933 SPS 576 kl 0.0046 rew 5.33 max_stage 6.73 mult 0.156 | collect 4.00s update 0.36s (8% upd)
it 3270/9765 step 6708189 SPS 576 kl 0.0058 rew 5.33 max_stage 6.73 mult 0.150 | collect 4.06s update 0.40s (9% upd)
it 3275/9765 step 6718458 SPS 576 kl 0.0037 rew 5.33 max_stage 6.73 mult 0.235 | collect 3.96s update 0.41s (9% upd)
it 3280/9765 step 6728711 SPS 576 kl 0.0028 rew 5.43 max_stage 6.69 mult 0.151 | collect 4.03s update 0.16s (4% upd)
it 3285/9765 step 6738969 SPS 576 kl 0.0067 rew 5.43 max_stage 6.69 mult 0.196 | collect 3.92s update 0.35s (8% upd)
it 3290/9765 step 6749219 SPS 576 kl 0.0048 rew 5.43 max_stage 6.69 mult 0.255 | collect 3.90s update 0.39s (9% upd)
it 3295/9765 step 6759480 SPS 575 kl 0.0036 rew 5.43 max_stage 6.69 mult 0.226 | collect 3.90s update 0.41s (10% upd)
it 3300/9765 step 6769732 SPS 575 kl 0.0038 rew 5.43 max_stage 6.69 mult 0.164 | collect 3.97s update 0.24s (6% upd)
it 3305/9765 step 6779995 SPS 575 kl 0.0041 rew 5.43 max_stage 6.69 mult 0.256 | collect 3.96s update 0.40s (9% upd)
it 3310/9765 step 6790251 SPS 575 kl 0.0063 rew 5.43 max_stage 6.69 mult 0.189 | collect 4.08s update 0.29s (7% upd)
it 3315/9765 step 6800511 SPS 575 kl 0.0057 rew 5.43 max_stage 6.69 mult 0.151 | collect 3.91s update 0.41s (9% upd)
it 3320/9765 step 6810773 SPS 575 kl 0.0051 rew 4.54 max_stage 6.70 mult 0.189 | collect 3.97s update 0.28s (7% upd)
it 3325/9765 step 6821030 SPS 574 kl 0.0045 rew 4.54 max_stage 6.70 mult 0.246 | collect 3.96s update 0.40s (9% upd)
it 3330/9765 step 6831297 SPS 574 kl 0.0045 rew 4.77 max_stage 6.71 mult 0.228 | collect 3.91s update 0.40s (9% upd)
it 3335/9765 step 6841549 SPS 574 kl 0.0028 rew 4.77 max_stage 6.71 mult 0.165 | collect 3.70s update 0.16s (4% upd)
it 3340/9765 step 6851802 SPS 574 kl 0.0051 rew 4.77 max_stage 6.71 mult 0.190 | collect 3.91s update 0.40s (9% upd)
it 3345/9765 step 6862058 SPS 574 kl 0.0047 rew 4.37 max_stage 6.74 mult 0.190 | collect 3.68s update 0.25s (6% upd)
it 3350/9765 step 6872316 SPS 574 kl 0.0055 rew 4.48 max_stage 6.71 mult 0.165 | collect 3.94s update 0.33s (8% upd)
it 3355/9765 step 6882574 SPS 573 kl 0.0039 rew 4.48 max_stage 6.71 mult 0.258 | collect 3.95s update 0.40s (9% upd)
it 3360/9765 step 6892836 SPS 573 kl 0.0056 rew 4.48 max_stage 6.71 mult 0.224 | collect 4.03s update 0.39s (9% upd)
it 3365/9765 step 6903094 SPS 573 kl 0.0050 rew 4.48 max_stage 6.71 mult 0.162 | collect 3.66s update 0.36s (9% upd)
it 3370/9765 step 6913356 SPS 573 kl 0.0046 rew 4.48 max_stage 6.71 mult 0.153 | collect 3.97s update 0.29s (7% upd)
it 3375/9765 step 6923619 SPS 573 kl 0.0053 rew 4.48 max_stage 6.71 mult 0.159 | collect 3.92s update 0.32s (8% upd)
it 3380/9765 step 6933874 SPS 573 kl 0.0058 rew 4.48 max_stage 6.71 mult 0.153 | collect 3.72s update 0.44s (11% upd)
it 3385/9765 step 6944132 SPS 573 kl 0.0045 rew 4.48 max_stage 6.71 mult 0.239 | collect 3.89s update 0.40s (9% upd)
it 3390/9765 step 6954389 SPS 572 kl 0.0057 rew 4.48 max_stage 6.71 mult 0.173 | collect 3.89s update 0.34s (8% upd)
it 3395/9765 step 6964646 SPS 572 kl 0.0045 rew 4.48 max_stage 6.71 mult 0.230 | collect 4.01s update 0.41s (9% upd)
it 3400/9765 step 6974895 SPS 572 kl 0.0051 rew 4.48 max_stage 6.71 mult 0.200 | collect 3.68s update 0.27s (7% upd)
it 3405/9765 step 6985156 SPS 572 kl 0.0043 rew 4.48 max_stage 6.71 mult 0.230 | collect 3.95s update 0.40s (9% upd)
it 3410/9765 step 6995412 SPS 572 kl 0.0041 rew 4.48 max_stage 6.71 mult 0.154 | collect 3.14s update 0.31s (9% upd)
it 3415/9765 step 7005666 SPS 572 kl 0.0066 rew 4.48 max_stage 6.71 mult 0.200 | collect 3.89s update 0.30s (7% upd)
it 3420/9765 step 7015917 SPS 571 kl 0.0035 rew 4.48 max_stage 6.71 mult 0.154 | collect 4.00s update 0.29s (7% upd)
it 3425/9765 step 7026167 SPS 571 kl 0.0052 rew 4.48 max_stage 6.71 mult 0.192 | collect 4.09s update 0.28s (7% upd)
it 3430/9765 step 7036428 SPS 571 kl 0.0048 rew 4.48 max_stage 6.71 mult 0.160 | collect 4.00s update 0.28s (6% upd)
it 3435/9765 step 7046695 SPS 571 kl 0.0040 rew 4.44 max_stage 6.66 mult 0.251 | collect 3.24s update 0.34s (9% upd)
it 3440/9765 step 7056948 SPS 571 kl 0.0057 rew 4.44 max_stage 6.66 mult 0.218 | collect 3.05s update 0.33s (10% upd)
it 3445/9765 step 7067207 SPS 571 kl 0.0051 rew 4.44 max_stage 6.66 mult 0.189 | collect 3.16s update 0.35s (10% upd)
it 3450/9765 step 7077469 SPS 571 kl 0.0034 rew 4.44 max_stage 6.66 mult 0.164 | collect 3.07s update 0.15s (5% upd)
it 3455/9765 step 7087728 SPS 571 kl 0.0050 rew 4.44 max_stage 6.66 mult 0.171 | collect 3.16s update 0.33s (10% upd)
it 3460/9765 step 7097981 SPS 571 kl 0.0055 rew 4.44 max_stage 6.66 mult 0.214 | collect 3.09s update 0.34s (10% upd)
it 3465/9765 step 7108245 SPS 571 kl 0.0052 rew 4.44 max_stage 6.66 mult 0.161 | collect 3.11s update 0.32s (9% upd)
it 3470/9765 step 7118509 SPS 571 kl 0.0055 rew 4.44 max_stage 6.66 mult 0.155 | collect 3.09s update 0.31s (9% upd)
it 3475/9765 step 7128765 SPS 571 kl 0.0064 rew 4.44 max_stage 6.66 mult 0.202 | collect 3.12s update 0.35s (10% upd)
it 3480/9765 step 7139018 SPS 571 kl 0.0053 rew 4.44 max_stage 6.66 mult 0.175 | collect 3.13s update 0.33s (10% upd)
it 3485/9765 step 7149273 SPS 571 kl 0.0066 rew 4.44 max_stage 6.66 mult 0.228 | collect 3.15s update 0.25s (7% upd)
it 3490/9765 step 7159528 SPS 571 kl 0.0056 rew 4.44 max_stage 6.66 mult 0.194 | collect 3.07s update 0.30s (9% upd)
it 3495/9765 step 7169784 SPS 571 kl 0.0054 rew 4.44 max_stage 6.66 mult 0.203 | collect 3.06s update 0.33s (10% upd)
it 3500/9765 step 7180040 SPS 571 kl 0.0055 rew 4.44 max_stage 6.66 mult 0.162 | collect 3.18s update 0.34s (10% upd)
it 3505/9765 step 7190301 SPS 571 kl 0.0063 rew 4.44 max_stage 6.66 mult 0.156 | collect 3.17s update 0.34s (10% upd)
it 3510/9765 step 7200569 SPS 571 kl 0.0049 rew 4.44 max_stage 6.66 mult 0.244 | collect 3.11s update 0.34s (10% upd)
it 3515/9765 step 7210825 SPS 572 kl 0.0049 rew 4.44 max_stage 6.66 mult 0.176 | collect 3.23s update 0.29s (8% upd)
it 3520/9765 step 7221093 SPS 572 kl 0.0044 rew 4.44 max_stage 6.66 mult 0.156 | collect 3.09s update 0.20s (6% upd)
it 3525/9765 step 7231354 SPS 572 kl 0.0050 rew 4.64 max_stage 6.65 mult 0.163 | collect 3.15s update 0.34s (10% upd)
it 3530/9765 step 7241604 SPS 572 kl 0.0032 rew 4.64 max_stage 6.65 mult 0.163 | collect 3.15s update 0.15s (5% upd)
it 3535/9765 step 7251862 SPS 572 kl 0.0050 rew 4.94 max_stage 6.65 mult 0.163 | collect 3.14s update 0.32s (9% upd)
it 3540/9765 step 7262123 SPS 572 kl 0.0049 rew 5.05 max_stage 6.65 mult 0.306 | collect 3.15s update 0.34s (10% upd)
it 3545/9765 step 7272376 SPS 572 kl 0.0051 rew 5.05 max_stage 6.65 mult 0.157 | collect 3.18s update 0.32s (9% upd)
it 3550/9765 step 7282629 SPS 572 kl 0.0049 rew 5.05 max_stage 6.65 mult 0.245 | collect 3.08s update 0.33s (10% upd)
it 3555/9765 step 7292893 SPS 572 kl 0.0067 rew 5.05 max_stage 6.65 mult 0.213 | collect 3.07s update 0.32s (10% upd)
it 3560/9765 step 7303151 SPS 572 kl 0.0045 rew 5.05 max_stage 6.65 mult 0.197 | collect 3.13s update 0.21s (6% upd)
it 3565/9765 step 7313412 SPS 572 kl 0.0053 rew 5.05 max_stage 6.65 mult 0.171 | collect 3.26s update 0.33s (9% upd)
it 3570/9765 step 7323670 SPS 572 kl 0.0049 rew 5.05 max_stage 6.65 mult 0.246 | collect 3.09s update 0.33s (10% upd)
it 3575/9765 step 7333933 SPS 572 kl 0.0071 rew 5.05 max_stage 6.65 mult 0.214 | collect 3.13s update 0.33s (10% upd)
it 3580/9765 step 7344189 SPS 572 kl 0.0056 rew 5.05 max_stage 6.65 mult 0.223 | collect 3.09s update 0.34s (10% upd)
it 3585/9765 step 7354452 SPS 572 kl 0.0052 rew 5.05 max_stage 6.65 mult 0.161 | collect 3.11s update 0.32s (9% upd)
it 3590/9765 step 7364708 SPS 572 kl 0.0060 rew 5.05 max_stage 6.65 mult 0.210 | collect 3.24s update 0.26s (7% upd)
it 3595/9765 step 7374967 SPS 572 kl 0.0052 rew 5.05 max_stage 6.65 mult 0.198 | collect 3.22s update 0.33s (9% upd)
it 3600/9765 step 7385216 SPS 572 kl 0.0055 rew 5.05 max_stage 6.65 mult 0.172 | collect 3.22s update 0.30s (8% upd)
it 3605/9765 step 7395475 SPS 572 kl 0.0043 rew 5.05 max_stage 6.65 mult 0.238 | collect 3.17s update 0.34s (10% upd)
it 3610/9765 step 7405740 SPS 572 kl 0.0035 rew 5.05 max_stage 6.65 mult 0.198 | collect 3.15s update 0.18s (5% upd)
it 3615/9765 step 7416008 SPS 572 kl 0.0048 rew 5.05 max_stage 6.65 mult 0.248 | collect 3.08s update 0.34s (10% upd)
it 3620/9765 step 7426264 SPS 572 kl 0.0066 rew 5.05 max_stage 6.65 mult 0.199 | collect 3.15s update 0.25s (7% upd)
it 3625/9765 step 7436531 SPS 572 kl 0.0055 rew 5.05 max_stage 6.65 mult 0.166 | collect 3.03s update 0.34s (10% upd)
it 3630/9765 step 7446788 SPS 572 kl 0.0036 rew 5.05 max_stage 6.65 mult 0.159 | collect 3.30s update 0.16s (5% upd)
it 3635/9765 step 7457042 SPS 572 kl 0.0042 rew 5.22 max_stage 6.64 mult 0.249 | collect 3.14s update 0.36s (10% upd)
it 3640/9765 step 7467294 SPS 572 kl 0.0026 rew 5.22 max_stage 6.64 mult 0.180 | collect 3.05s update 0.13s (4% upd)
it 3645/9765 step 7477554 SPS 572 kl 0.0043 rew 5.22 max_stage 6.64 mult 0.239 | collect 3.11s update 0.35s (10% upd)
it 3650/9765 step 7487813 SPS 572 kl 0.0066 rew 5.22 max_stage 6.64 mult 0.208 | collect 3.09s update 0.38s (11% upd)
it 3655/9765 step 7498078 SPS 572 kl 0.0056 rew 4.92 max_stage 6.67 mult 0.216 | collect 3.31s update 0.22s (6% upd)
it 3660/9765 step 7508331 SPS 572 kl 0.0050 rew 4.92 max_stage 6.67 mult 0.200 | collect 3.10s update 0.27s (8% upd)
it 3665/9765 step 7518594 SPS 572 kl 0.0041 rew 4.92 max_stage 6.67 mult 0.260 | collect 3.25s update 0.38s (10% upd)
it 3670/9765 step 7528845 SPS 572 kl 0.0046 rew 4.92 max_stage 6.67 mult 0.325 | collect 3.30s update 0.41s (11% upd)
it 3675/9765 step 7539102 SPS 573 kl 0.0046 rew 5.10 max_stage 6.65 mult 0.240 | collect 3.27s update 0.33s (9% upd)
it 3680/9765 step 7549356 SPS 573 kl 0.0052 rew 5.16 max_stage 6.63 mult 0.209 | collect 3.12s update 0.35s (10% upd)
it 3685/9765 step 7559614 SPS 573 kl 0.0054 rew 5.16 max_stage 6.63 mult 0.181 | collect 3.10s update 0.34s (10% upd)
it 3690/9765 step 7569870 SPS 573 kl 0.0057 rew 5.16 max_stage 6.63 mult 0.201 | collect 3.06s update 0.34s (10% upd)
it 3695/9765 step 7580129 SPS 573 kl 0.0056 rew 5.16 max_stage 6.63 mult 0.174 | collect 3.07s update 0.34s (10% upd)
it 3700/9765 step 7590386 SPS 573 kl 0.0033 rew 5.39 max_stage 6.62 mult 0.241 | collect 3.12s update 0.35s (10% upd)
it 3705/9765 step 7600643 SPS 573 kl 0.0048 rew 5.39 max_stage 6.62 mult 0.175 | collect 3.32s update 0.26s (7% upd)
it 3710/9765 step 7610902 SPS 573 kl 0.0063 rew 5.45 max_stage 6.59 mult 0.227 | collect 3.25s update 0.31s (9% upd)
it 3715/9765 step 7621160 SPS 573 kl 0.0052 rew 5.45 max_stage 6.59 mult 0.161 | collect 3.16s update 0.33s (10% upd)
it 3720/9765 step 7631425 SPS 573 kl 0.0054 rew 5.45 max_stage 6.59 mult 0.202 | collect 3.07s update 0.20s (6% upd)
it 3725/9765 step 7641679 SPS 573 kl 0.0050 rew 5.45 max_stage 6.59 mult 0.162 | collect 3.18s update 0.32s (9% upd)
it 3730/9765 step 7651926 SPS 573 kl 0.0049 rew 5.45 max_stage 6.59 mult 0.243 | collect 3.20s update 0.34s (10% upd)
it 3735/9765 step 7662183 SPS 573 kl 0.0047 rew 5.45 max_stage 6.59 mult 0.253 | collect 3.13s update 0.34s (10% upd)
it 3740/9765 step 7672440 SPS 573 kl 0.0032 rew 5.00 max_stage 6.62 mult 0.162 | collect 3.10s update 0.20s (6% upd)
it 3745/9765 step 7682699 SPS 573 kl 0.0026 rew 4.68 max_stage 6.65 mult 0.169 | collect 3.21s update 0.15s (4% upd)
it 3750/9765 step 7692961 SPS 573 kl 0.0047 rew 4.68 max_stage 6.65 mult 0.243 | collect 3.12s update 0.34s (10% upd)
it 3755/9765 step 7703208 SPS 573 kl 0.0061 rew 4.68 max_stage 6.65 mult 0.211 | collect 3.07s update 0.34s (10% upd)
it 3760/9765 step 7713455 SPS 573 kl 0.0068 rew 4.68 max_stage 6.65 mult 0.183 | collect 3.08s update 0.31s (9% upd)
it 3765/9765 step 7723721 SPS 573 kl 0.0045 rew 4.68 max_stage 6.65 mult 0.244 | collect 3.09s update 0.35s (10% upd)
it 3770/9765 step 7733975 SPS 573 kl 0.0040 rew 4.68 max_stage 6.65 mult 0.163 | collect 3.20s update 0.29s (8% upd)
it 3775/9765 step 7744235 SPS 573 kl 0.0053 rew 4.68 max_stage 6.61 mult 0.163 | collect 3.17s update 0.33s (9% upd)
it 3780/9765 step 7754500 SPS 573 kl 0.0047 rew 4.68 max_stage 6.61 mult 0.255 | collect 3.12s update 0.35s (10% upd)
it 3785/9765 step 7764758 SPS 573 kl 0.0051 rew 4.68 max_stage 6.61 mult 0.221 | collect 3.16s update 0.22s (7% upd)
it 3790/9765 step 7775024 SPS 573 kl 0.0043 rew 4.68 max_stage 6.61 mult 0.170 | collect 3.30s update 0.19s (6% upd)
it 3795/9765 step 7785284 SPS 573 kl 0.0054 rew 4.66 max_stage 6.64 mult 0.204 | collect 3.21s update 0.34s (9% upd)
it 3800/9765 step 7795540 SPS 573 kl 0.0057 rew 4.66 max_stage 6.64 mult 0.177 | collect 2.96s update 0.34s (10% upd)
it 3805/9765 step 7805793 SPS 573 kl 0.0059 rew 4.73 max_stage 6.62 mult 0.164 | collect 3.03s update 0.33s (10% upd)
it 3810/9765 step 7816044 SPS 573 kl 0.0036 rew 4.73 max_stage 6.62 mult 0.171 | collect 3.09s update 0.24s (7% upd)
it 3815/9765 step 7826293 SPS 573 kl 0.0045 rew 4.73 max_stage 6.62 mult 0.171 | collect 3.15s update 0.25s (7% upd)
it 3820/9765 step 7836548 SPS 573 kl 0.0038 rew 4.73 max_stage 6.62 mult 0.267 | collect 3.18s update 0.35s (10% upd)
it 3825/9765 step 7846805 SPS 574 kl 0.0044 rew 4.73 max_stage 6.62 mult 0.193 | collect 3.17s update 0.25s (7% upd)
it 3830/9765 step 7857061 SPS 574 kl 0.0041 rew 4.73 max_stage 6.62 mult 0.257 | collect 3.03s update 0.34s (10% upd)
it 3835/9765 step 7867314 SPS 574 kl 0.0046 rew 4.73 max_stage 6.62 mult 0.268 | collect 3.11s update 0.35s (10% upd)
it 3840/9765 step 7877574 SPS 574 kl 0.0054 rew 4.73 max_stage 6.62 mult 0.232 | collect 3.08s update 0.24s (7% upd)
it 3845/9765 step 7887833 SPS 574 kl 0.0050 rew 4.73 max_stage 6.62 mult 0.165 | collect 3.08s update 0.30s (9% upd)
it 3850/9765 step 7898091 SPS 574 kl 0.0056 rew 4.73 max_stage 6.62 mult 0.215 | collect 3.13s update 0.25s (7% upd)
it 3855/9765 step 7908343 SPS 574 kl 0.0059 rew 4.73 max_stage 6.62 mult 0.206 | collect 3.06s update 0.24s (7% upd)
it 3860/9765 step 7918599 SPS 574 kl 0.0045 rew 4.73 max_stage 6.62 mult 0.179 | collect 3.31s update 0.19s (6% upd)
it 3865/9765 step 7928860 SPS 574 kl 0.0044 rew 4.73 max_stage 6.62 mult 0.165 | collect 3.11s update 0.34s (10% upd)
it 3870/9765 step 7939121 SPS 574 kl 0.0051 rew 4.73 max_stage 6.62 mult 0.166 | collect 3.07s update 0.34s (10% upd)
it 3875/9765 step 7949376 SPS 574 kl 0.0055 rew 4.73 max_stage 6.62 mult 0.166 | collect 3.04s update 0.31s (9% upd)
it 3880/9765 step 7959637 SPS 574 kl 0.0047 rew 4.73 max_stage 6.62 mult 0.216 | collect 3.15s update 0.21s (6% upd)
it 3885/9765 step 7969896 SPS 574 kl 0.0044 rew 4.73 max_stage 6.62 mult 0.249 | collect 3.13s update 0.34s (10% upd)
it 3890/9765 step 7980159 SPS 574 kl 0.0048 rew 4.73 max_stage 6.62 mult 0.180 | collect 3.07s update 0.25s (7% upd)
it 3895/9765 step 7990430 SPS 574 kl 0.0069 rew 4.73 max_stage 6.62 mult 0.235 | collect 3.17s update 0.34s (10% upd)
it 3900/9765 step 8000695 SPS 574 kl 0.0057 rew 4.73 max_stage 6.62 mult 0.170 | collect 3.09s update 0.36s (10% upd)
it 3905/9765 step 8010954 SPS 574 kl 0.0045 rew 4.73 max_stage 6.62 mult 0.260 | collect 3.06s update 0.35s (10% upd)
it 3910/9765 step 8021213 SPS 574 kl 0.0059 rew 4.73 max_stage 6.62 mult 0.188 | collect 3.09s update 0.29s (9% upd)
it 3915/9765 step 8031463 SPS 574 kl 0.0051 rew 4.92 max_stage 6.62 mult 0.209 | collect 3.18s update 0.33s (9% upd)
it 3920/9765 step 8041723 SPS 574 kl 0.0050 rew 4.92 max_stage 6.62 mult 0.181 | collect 3.23s update 0.29s (8% upd)
it 3925/9765 step 8051978 SPS 574 kl 0.0051 rew 5.00 max_stage 6.62 mult 0.189 | collect 3.01s update 0.42s (12% upd)
it 3930/9765 step 8062235 SPS 574 kl 0.0074 rew 5.00 max_stage 6.62 mult 0.295 | collect 3.14s update 0.35s (10% upd)
it 3935/9765 step 8072489 SPS 574 kl 0.0035 rew 5.00 max_stage 6.62 mult 0.167 | collect 2.97s update 0.22s (7% upd)
it 3940/9765 step 8082746 SPS 574 kl 0.0056 rew 5.00 max_stage 6.62 mult 0.209 | collect 3.06s update 0.34s (10% upd)
it 3945/9765 step 8092998 SPS 574 kl 0.0040 rew 5.00 max_stage 6.62 mult 0.175 | collect 3.17s update 0.20s (6% upd)
it 3950/9765 step 8103263 SPS 574 kl 0.0037 rew 5.00 max_stage 6.62 mult 0.252 | collect 3.09s update 0.34s (10% upd)
it 3955/9765 step 8113518 SPS 574 kl 0.0071 rew 5.00 max_stage 6.62 mult 0.262 | collect 3.20s update 0.33s (9% upd)
it 3960/9765 step 8123786 SPS 574 kl 0.0042 rew 5.03 max_stage 6.60 mult 0.273 | collect 3.09s update 0.34s (10% upd)
it 3965/9765 step 8134046 SPS 574 kl 0.0069 rew 5.18 max_stage 6.59 mult 0.285 | collect 3.17s update 0.34s (10% upd)
it 3970/9765 step 8144309 SPS 574 kl 0.0059 rew 5.18 max_stage 6.59 mult 0.206 | collect 3.08s update 0.32s (9% upd)
it 3975/9765 step 8154566 SPS 574 kl 0.0055 rew 5.18 max_stage 6.59 mult 0.214 | collect 3.07s update 0.34s (10% upd)
it 3980/9765 step 8164829 SPS 574 kl 0.0058 rew 5.18 max_stage 6.59 mult 0.223 | collect 3.05s update 0.34s (10% upd)
it 3985/9765 step 8175087 SPS 574 kl 0.0054 rew 5.18 max_stage 6.59 mult 0.211 | collect 3.09s update 0.34s (10% upd)
it 3990/9765 step 8185347 SPS 575 kl 0.0039 rew 5.18 max_stage 6.59 mult 0.275 | collect 3.19s update 0.34s (10% upd)
it 3995/9765 step 8195601 SPS 575 kl 0.0055 rew 5.18 max_stage 6.59 mult 0.239 | collect 3.06s update 0.34s (10% upd)
it 4000/9765 step 8205866 SPS 575 kl 0.0059 rew 5.18 max_stage 6.59 mult 0.173 | collect 3.20s update 0.34s (10% upd)
it 4005/9765 step 8216122 SPS 575 kl 0.0060 rew 5.18 max_stage 6.59 mult 0.212 | collect 3.22s update 0.26s (7% upd)
it 4010/9765 step 8226373 SPS 575 kl 0.0068 rew 5.18 max_stage 6.59 mult 0.177 | collect 3.10s update 0.33s (10% upd)
it 4015/9765 step 8236635 SPS 575 kl 0.0036 rew 5.18 max_stage 6.59 mult 0.170 | collect 3.16s update 0.22s (6% upd)
it 4020/9765 step 8246897 SPS 575 kl 0.0049 rew 4.94 max_stage 6.62 mult 0.177 | collect 3.06s update 0.30s (9% upd)
it 4025/9765 step 8257155 SPS 575 kl 0.0053 rew 4.94 max_stage 6.62 mult 0.212 | collect 3.14s update 0.34s (10% upd)
it 4030/9765 step 8267413 SPS 575 kl 0.0053 rew 4.94 max_stage 6.62 mult 0.184 | collect 3.20s update 0.24s (7% upd)
it 4035/9765 step 8277677 SPS 575 kl 0.0052 rew 4.94 max_stage 6.62 mult 0.231 | collect 3.09s update 0.34s (10% upd)
it 4040/9765 step 8287930 SPS 575 kl 0.0033 rew 4.94 max_stage 6.62 mult 0.200 | collect 3.09s update 0.19s (6% upd)
it 4045/9765 step 8298176 SPS 575 kl 0.0055 rew 4.72 max_stage 6.62 mult 0.256 | collect 3.20s update 0.34s (10% upd)
it 4050/9765 step 8308439 SPS 575 kl 0.0059 rew 4.72 max_stage 6.62 mult 0.222 | collect 3.19s update 0.11s (3% upd)
it 4055/9765 step 8318691 SPS 575 kl 0.0039 rew 4.72 max_stage 6.62 mult 0.171 | collect 3.09s update 0.26s (8% upd)
it 4060/9765 step 8328945 SPS 575 kl 0.0064 rew 4.72 max_stage 6.62 mult 0.267 | collect 3.17s update 0.25s (7% upd)
it 4065/9765 step 8339210 SPS 575 kl 0.0049 rew 4.72 max_stage 6.62 mult 0.348 | collect 3.10s update 0.34s (10% upd)
it 4070/9765 step 8349463 SPS 575 kl 0.0066 rew 4.72 max_stage 6.62 mult 0.252 | collect 3.20s update 0.38s (11% upd)
it 4075/9765 step 8359728 SPS 575 kl 0.0046 rew 4.72 max_stage 6.62 mult 0.328 | collect 3.02s update 0.42s (12% upd)
it 4080/9765 step 8369989 SPS 575 kl 0.0043 rew 4.72 max_stage 6.62 mult 0.258 | collect 3.04s update 0.40s (12% upd)
it 4085/9765 step 8380232 SPS 575 kl 0.0048 rew 4.72 max_stage 6.62 mult 0.186 | collect 3.08s update 0.28s (8% upd)
it 4090/9765 step 8390484 SPS 575 kl 0.0057 rew 4.72 max_stage 6.62 mult 0.269 | collect 3.33s update 0.22s (6% upd)
it 4095/9765 step 8400733 SPS 575 kl 0.0039 rew 4.72 max_stage 6.62 mult 0.233 | collect 3.04s update 0.21s (7% upd)
it 4100/9765 step 8410997 SPS 575 kl 0.0069 rew 4.72 max_stage 6.62 mult 0.243 | collect 3.13s update 0.35s (10% upd)
it 4105/9765 step 8421249 SPS 575 kl 0.0053 rew 4.72 max_stage 6.62 mult 0.211 | collect 3.15s update 0.25s (7% upd)
it 4110/9765 step 8431507 SPS 575 kl 0.0060 rew 4.72 max_stage 6.62 mult 0.275 | collect 3.07s update 0.20s (6% upd)
it 4115/9765 step 8441762 SPS 575 kl 0.0042 rew 4.81 max_stage 6.61 mult 0.216 | collect 3.12s update 0.23s (7% upd)
it 4120/9765 step 8452017 SPS 575 kl 0.0053 rew 4.81 max_stage 6.61 mult 0.225 | collect 3.11s update 0.33s (10% upd)
it 4125/9765 step 8462279 SPS 575 kl 0.0049 rew 4.51 max_stage 6.64 mult 0.195 | collect 3.08s update 0.26s (8% upd)
it 4130/9765 step 8472537 SPS 575 kl 0.0066 rew 4.51 max_stage 6.64 mult 0.305 | collect 3.25s update 0.35s (10% upd)
it 4135/9765 step 8482796 SPS 575 kl 0.0056 rew 4.51 max_stage 6.64 mult 0.265 | collect 3.15s update 0.17s (5% upd)
it 4140/9765 step 8493053 SPS 575 kl 0.0058 rew 4.51 max_stage 6.64 mult 0.192 | collect 3.06s update 0.35s (10% upd)
it 4145/9765 step 8503308 SPS 575 kl 0.0058 rew 4.67 max_stage 6.63 mult 0.181 | collect 3.09s update 0.34s (10% upd)
it 4150/9765 step 8513563 SPS 575 kl 0.0045 rew 4.67 max_stage 6.63 mult 0.283 | collect 3.29s update 0.34s (9% upd)
it 4155/9765 step 8523822 SPS 575 kl 0.0036 rew 4.67 max_stage 6.63 mult 0.261 | collect 3.14s update 0.35s (10% upd)
it 4160/9765 step 8534079 SPS 575 kl 0.0044 rew 4.67 max_stage 6.63 mult 0.227 | collect 3.06s update 0.19s (6% upd)
it 4165/9765 step 8544334 SPS 575 kl 0.0042 rew 4.67 max_stage 6.63 mult 0.295 | collect 3.18s update 0.35s (10% upd)
it 4170/9765 step 8554590 SPS 575 kl 0.0036 rew 4.67 max_stage 6.63 mult 0.218 | collect 3.19s update 0.18s (5% upd)
it 4175/9765 step 8564852 SPS 575 kl 0.0061 rew 4.67 max_stage 6.63 mult 0.189 | collect 3.12s update 0.34s (10% upd)
it 4180/9765 step 8575114 SPS 576 kl 0.0034 rew 4.67 max_stage 6.63 mult 0.182 | collect 3.07s update 0.14s (4% upd)
it 4185/9765 step 8585379 SPS 576 kl 0.0062 rew 4.67 max_stage 6.63 mult 0.237 | collect 3.17s update 0.29s (8% upd)
it 4190/9765 step 8595640 SPS 576 kl 0.0036 rew 4.79 max_stage 6.63 mult 0.263 | collect 3.14s update 0.35s (10% upd)
it 4195/9765 step 8605893 SPS 576 kl 0.0033 rew 4.79 max_stage 6.63 mult 0.219 | collect 3.27s update 0.17s (5% upd)
it 4200/9765 step 8616148 SPS 576 kl 0.0048 rew 4.79 max_stage 6.63 mult 0.329 | collect 3.17s update 0.35s (10% upd)
it 4205/9765 step 8626408 SPS 576 kl 0.0065 rew 4.79 max_stage 6.63 mult 0.238 | collect 3.07s update 0.28s (8% upd)
it 4210/9765 step 8636660 SPS 576 kl 0.0047 rew 4.79 max_stage 6.63 mult 0.206 | collect 3.15s update 0.22s (7% upd)
it 4215/9765 step 8646922 SPS 576 kl 0.0070 rew 4.79 max_stage 6.63 mult 0.323 | collect 3.13s update 0.27s (8% upd)
it 4220/9765 step 8657171 SPS 576 kl 0.0043 rew 4.79 max_stage 6.63 mult 0.280 | collect 3.23s update 0.35s (10% upd)
it 4225/9765 step 8667426 SPS 576 kl 0.0048 rew 4.79 max_stage 6.63 mult 0.264 | collect 3.21s update 0.33s (9% upd)
it 4230/9765 step 8677684 SPS 576 kl 0.0046 rew 4.79 max_stage 6.63 mult 0.229 | collect 3.11s update 0.17s (5% upd)
it 4235/9765 step 8687935 SPS 576 kl 0.0059 rew 4.79 max_stage 6.63 mult 0.221 | collect 3.12s update 0.34s (10% upd)
it 4240/9765 step 8698192 SPS 576 kl 0.0051 rew 4.79 max_stage 6.63 mult 0.230 | collect 3.09s update 0.34s (10% upd)
it 4245/9765 step 8708453 SPS 576 kl 0.0056 rew 4.79 max_stage 6.63 mult 0.221 | collect 3.09s update 0.27s (8% upd)
it 4250/9765 step 8718708 SPS 576 kl 0.0059 rew 4.79 max_stage 6.63 mult 0.184 | collect 3.11s update 0.35s (10% upd)
it 4255/9765 step 8728968 SPS 576 kl 0.0050 rew 4.91 max_stage 6.61 mult 0.184 | collect 3.11s update 0.33s (10% upd)
it 4260/9765 step 8739234 SPS 576 kl 0.0061 rew 4.91 max_stage 6.61 mult 0.240 | collect 3.14s update 0.28s (8% upd)
it 4265/9765 step 8749491 SPS 576 kl 0.0058 rew 4.91 max_stage 6.61 mult 0.209 | collect 3.21s update 0.35s (10% upd)
it 4270/9765 step 8759746 SPS 576 kl 0.0045 rew 4.91 max_stage 6.61 mult 0.181 | collect 3.10s update 0.18s (6% upd)
it 4275/9765 step 8769997 SPS 576 kl 0.0038 rew 4.91 max_stage 6.61 mult 0.283 | collect 3.23s update 0.35s (10% upd)
it 4280/9765 step 8780255 SPS 576 kl 0.0041 rew 4.91 max_stage 6.61 mult 0.196 | collect 3.06s update 0.21s (7% upd)
it 4285/9765 step 8790507 SPS 576 kl 0.0046 rew 4.91 max_stage 6.61 mult 0.278 | collect 3.02s update 0.36s (11% upd)
it 4290/9765 step 8800759 SPS 576 kl 0.0046 rew 4.91 max_stage 6.61 mult 0.290 | collect 3.11s update 0.33s (10% upd)
it 4295/9765 step 8811021 SPS 576 kl 0.0043 rew 4.91 max_stage 6.61 mult 0.268 | collect 3.04s update 0.35s (10% upd)
it 4300/9765 step 8821284 SPS 576 kl 0.0055 rew 4.91 max_stage 6.61 mult 0.232 | collect 3.30s update 0.35s (10% upd)
it 4305/9765 step 8831549 SPS 576 kl 0.0061 rew 4.91 max_stage 6.61 mult 0.202 | collect 3.18s update 0.28s (8% upd)
it 4310/9765 step 8841798 SPS 576 kl 0.0058 rew 5.09 max_stage 6.62 mult 0.224 | collect 3.10s update 0.35s (10% upd)
it 4315/9765 step 8852058 SPS 576 kl 0.0038 rew 5.09 max_stage 6.62 mult 0.291 | collect 3.07s update 0.35s (10% upd)
it 4320/9765 step 8862318 SPS 576 kl 0.0044 rew 5.09 max_stage 6.62 mult 0.269 | collect 3.33s update 0.35s (10% upd)
it 4325/9765 step 8872577 SPS 576 kl 0.0029 rew 5.09 max_stage 6.62 mult 0.195 | collect 3.19s update 0.14s (4% upd)
it 4330/9765 step 8882835 SPS 576 kl 0.0066 rew 5.09 max_stage 6.62 mult 0.203 | collect 3.04s update 0.33s (10% upd)
it 4335/9765 step 8893096 SPS 576 kl 0.0053 rew 5.09 max_stage 6.62 mult 0.180 | collect 3.23s update 0.34s (9% upd)
it 4340/9765 step 8903349 SPS 576 kl 0.0053 rew 5.09 max_stage 6.62 mult 0.187 | collect 3.24s update 0.33s (9% upd)
it 4345/9765 step 8913608 SPS 576 kl 0.0057 rew 5.09 max_stage 6.62 mult 0.244 | collect 3.05s update 0.25s (7% upd)
it 4350/9765 step 8923860 SPS 576 kl 0.0053 rew 5.09 max_stage 6.62 mult 0.212 | collect 3.20s update 0.35s (10% upd)
it 4355/9765 step 8934114 SPS 576 kl 0.0063 rew 5.09 max_stage 6.62 mult 0.180 | collect 3.22s update 0.34s (9% upd)
it 4360/9765 step 8944369 SPS 576 kl 0.0057 rew 5.17 max_stage 6.60 mult 0.181 | collect 3.09s update 0.31s (9% upd)
it 4365/9765 step 8954621 SPS 576 kl 0.0052 rew 5.17 max_stage 6.60 mult 0.282 | collect 3.07s update 0.33s (10% upd)
it 4370/9765 step 8964884 SPS 577 kl 0.0049 rew 5.17 max_stage 6.60 mult 0.226 | collect 3.20s update 0.24s (7% upd)
it 4375/9765 step 8975142 SPS 577 kl 0.0046 rew 5.31 max_stage 6.59 mult 0.294 | collect 3.07s update 0.34s (10% upd)
it 4380/9765 step 8985398 SPS 577 kl 0.0035 rew 5.31 max_stage 6.59 mult 0.213 | collect 3.05s update 0.21s (6% upd)
it 4385/9765 step 8995664 SPS 577 kl 0.0056 rew 5.31 max_stage 6.59 mult 0.227 | collect 3.06s update 0.25s (8% upd)
it 4390/9765 step 9005921 SPS 577 kl 0.0060 rew 5.31 max_stage 6.59 mult 0.197 | collect 3.21s update 0.35s (10% upd)
it 4395/9765 step 9016169 SPS 577 kl 0.0050 rew 5.31 max_stage 6.59 mult 0.182 | collect 3.06s update 0.36s (11% upd)
it 4400/9765 step 9026426 SPS 577 kl 0.0043 rew 5.31 max_stage 6.59 mult 0.284 | collect 3.21s update 0.33s (9% upd)
it 4405/9765 step 9036675 SPS 577 kl 0.0030 rew 5.31 max_stage 6.59 mult 0.247 | collect 3.20s update 0.14s (4% upd)
it 4410/9765 step 9046920 SPS 577 kl 0.0039 rew 5.31 max_stage 6.59 mult 0.273 | collect 3.17s update 0.35s (10% upd)
it 4415/9765 step 9057178 SPS 577 kl 0.0063 rew 5.31 max_stage 6.59 mult 0.237 | collect 3.07s update 0.33s (10% upd)
it 4420/9765 step 9067429 SPS 577 kl 0.0034 rew 5.31 max_stage 6.59 mult 0.274 | collect 3.12s update 0.34s (10% upd)
it 4425/9765 step 9077695 SPS 577 kl 0.0048 rew 5.31 max_stage 6.59 mult 0.198 | collect 3.26s update 0.30s (8% upd)
it 4430/9765 step 9087956 SPS 577 kl 0.0055 rew 5.31 max_stage 6.59 mult 0.229 | collect 3.13s update 0.34s (10% upd)
it 4435/9765 step 9098216 SPS 577 kl 0.0041 rew 5.31 max_stage 6.59 mult 0.183 | collect 3.07s update 0.25s (7% upd)
it 4440/9765 step 9108480 SPS 577 kl 0.0034 rew 5.31 max_stage 6.59 mult 0.239 | collect 3.12s update 0.16s (5% upd)
it 4445/9765 step 9118732 SPS 577 kl 0.0035 rew 5.31 max_stage 6.59 mult 0.207 | collect 3.18s update 0.19s (6% upd)
it 4450/9765 step 9128986 SPS 577 kl 0.0063 rew 5.10 max_stage 6.62 mult 0.216 | collect 3.29s update 0.28s (8% upd)
it 4455/9765 step 9139236 SPS 577 kl 0.0079 rew 5.10 max_stage 6.62 mult 0.281 | collect 3.10s update 0.29s (9% upd)
it 4460/9765 step 9149484 SPS 577 kl 0.0067 rew 5.31 max_stage 6.62 mult 0.203 | collect 3.11s update 0.33s (10% upd)
it 4465/9765 step 9159740 SPS 577 kl 0.0062 rew 5.31 max_stage 6.62 mult 0.288 | collect 3.10s update 0.21s (6% upd)
it 4470/9765 step 9169996 SPS 577 kl 0.0058 rew 5.31 max_stage 6.62 mult 0.208 | collect 3.05s update 0.31s (9% upd)
it 4475/9765 step 9180251 SPS 577 kl 0.0056 rew 5.31 max_stage 6.62 mult 0.288 | collect 3.15s update 0.23s (7% upd)
it 4480/9765 step 9190517 SPS 577 kl 0.0057 rew 5.31 max_stage 6.62 mult 0.208 | collect 3.19s update 0.32s (9% upd)
it 4485/9765 step 9200771 SPS 577 kl 0.0047 rew 5.31 max_stage 6.62 mult 0.277 | collect 3.06s update 0.34s (10% upd)
it 4490/9765 step 9211031 SPS 577 kl 0.0033 rew 5.31 max_stage 6.62 mult 0.289 | collect 3.24s update 0.35s (10% upd)
it 4495/9765 step 9221290 SPS 577 kl 0.0041 rew 5.04 max_stage 6.65 mult 0.209 | collect 3.07s update 0.23s (7% upd)
it 4500/9765 step 9231558 SPS 577 kl 0.0070 rew 5.04 max_stage 6.65 mult 0.272 | collect 3.21s update 0.29s (8% upd)
it 4505/9765 step 9241821 SPS 577 kl 0.0047 rew 5.04 max_stage 6.62 mult 0.236 | collect 3.07s update 0.26s (8% upd)
it 4510/9765 step 9252078 SPS 577 kl 0.0055 rew 5.04 max_stage 6.62 mult 0.205 | collect 3.10s update 0.32s (9% upd)
it 4515/9765 step 9262341 SPS 577 kl 0.0052 rew 5.04 max_stage 6.62 mult 0.194 | collect 3.11s update 0.37s (11% upd)
it 4520/9765 step 9272602 SPS 577 kl 0.0058 rew 5.04 max_stage 6.62 mult 0.252 | collect 3.39s update 0.21s (6% upd)
it 4525/9765 step 9282857 SPS 577 kl 0.0062 rew 5.04 max_stage 6.62 mult 0.233 | collect 3.09s update 0.34s (10% upd)
it 4530/9765 step 9293106 SPS 577 kl 0.0048 rew 5.04 max_stage 6.62 mult 0.364 | collect 3.24s update 0.42s (11% upd)
it 4535/9765 step 9303361 SPS 577 kl 0.0049 rew 5.04 max_stage 6.62 mult 0.316 | collect 3.21s update 0.39s (11% upd)
it 4540/9765 step 9313615 SPS 577 kl 0.0061 rew 5.10 max_stage 6.62 mult 0.219 | collect 3.05s update 0.31s (9% upd)
it 4545/9765 step 9323865 SPS 577 kl 0.0049 rew 5.10 max_stage 6.62 mult 0.285 | collect 3.21s update 0.36s (10% upd)
it 4550/9765 step 9334121 SPS 577 kl 0.0056 rew 5.10 max_stage 6.62 mult 0.248 | collect 3.09s update 0.35s (10% upd)
it 4555/9765 step 9344385 SPS 577 kl 0.0050 rew 5.08 max_stage 6.59 mult 0.215 | collect 3.21s update 0.35s (10% upd)
it 4560/9765 step 9354631 SPS 577 kl 0.0054 rew 5.08 max_stage 6.59 mult 0.195 | collect 3.19s update 0.33s (9% upd)
it 4565/9765 step 9364893 SPS 577 kl 0.0028 rew 5.08 max_stage 6.59 mult 0.188 | collect 3.08s update 0.20s (6% upd)
it 4570/9765 step 9375148 SPS 577 kl 0.0058 rew 5.08 max_stage 6.59 mult 0.196 | collect 3.11s update 0.34s (10% upd)
it 4575/9765 step 9385408 SPS 577 kl 0.0035 rew 5.08 max_stage 6.59 mult 0.188 | collect 3.13s update 0.23s (7% upd)
it 4580/9765 step 9395661 SPS 578 kl 0.0053 rew 5.08 max_stage 6.59 mult 0.245 | collect 3.29s update 0.22s (6% upd)
it 4585/9765 step 9405917 SPS 578 kl 0.0044 rew 5.08 max_stage 6.59 mult 0.188 | collect 3.09s update 0.27s (8% upd)
it 4590/9765 step 9416177 SPS 578 kl 0.0046 rew 5.24 max_stage 6.58 mult 0.189 | collect 3.45s update 0.34s (9% upd)
it 4595/9765 step 9426432 SPS 578 kl 0.0047 rew 5.24 max_stage 6.58 mult 0.283 | collect 3.06s update 0.35s (10% upd)
it 4600/9765 step 9436699 SPS 578 kl 0.0054 rew 5.24 max_stage 6.58 mult 0.246 | collect 3.15s update 0.33s (10% upd)
it 4605/9765 step 9446944 SPS 578 kl 0.0047 rew 5.24 max_stage 6.58 mult 0.236 | collect 3.09s update 0.29s (9% upd)
it 4610/9765 step 9457201 SPS 578 kl 0.0056 rew 5.24 max_stage 6.58 mult 0.284 | collect 3.14s update 0.40s (11% upd)
it 4615/9765 step 9467450 SPS 578 kl 0.0033 rew 5.24 max_stage 6.58 mult 0.205 | collect 3.21s update 0.19s (6% upd)
it 4620/9765 step 9477701 SPS 578 kl 0.0038 rew 5.24 max_stage 6.58 mult 0.190 | collect 3.08s update 0.29s (9% upd)
it 4625/9765 step 9487958 SPS 578 kl 0.0052 rew 5.24 max_stage 6.58 mult 0.198 | collect 3.09s update 0.35s (10% upd)
it 4630/9765 step 9498217 SPS 578 kl 0.0043 rew 5.24 max_stage 6.58 mult 0.190 | collect 3.16s update 0.29s (8% upd)
it 4635/9765 step 9508463 SPS 578 kl 0.0034 rew 5.24 max_stage 6.58 mult 0.248 | collect 3.09s update 0.17s (5% upd)
it 4640/9765 step 9518720 SPS 578 kl 0.0061 rew 5.24 max_stage 6.58 mult 0.357 | collect 3.21s update 0.17s (5% upd)
it 4645/9765 step 9528976 SPS 578 kl 0.0045 rew 5.24 max_stage 6.58 mult 0.286 | collect 3.10s update 0.34s (10% upd)
it 4650/9765 step 9539240 SPS 578 kl 0.0043 rew 5.24 max_stage 6.58 mult 0.286 | collect 3.16s update 0.35s (10% upd)
it 4655/9765 step 9549492 SPS 578 kl 0.0051 rew 5.24 max_stage 6.58 mult 0.207 | collect 3.11s update 0.33s (10% upd)
it 4660/9765 step 9559751 SPS 578 kl 0.0039 rew 5.24 max_stage 6.58 mult 0.299 | collect 2.95s update 0.43s (13% upd)
it 4665/9765 step 9570002 SPS 578 kl 0.0054 rew 5.24 max_stage 6.58 mult 0.259 | collect 3.07s update 0.35s (10% upd)
it 4670/9765 step 9580258 SPS 578 kl 0.0062 rew 5.24 max_stage 6.58 mult 0.225 | collect 3.09s update 0.29s (9% upd)
it 4675/9765 step 9590509 SPS 578 kl 0.0052 rew 5.24 max_stage 6.58 mult 0.200 | collect 3.02s update 0.34s (10% upd)
it 4680/9765 step 9600762 SPS 578 kl 0.0058 rew 5.24 max_stage 6.58 mult 0.208 | collect 3.23s update 0.25s (7% upd)
it 4685/9765 step 9611023 SPS 578 kl 0.0051 rew 5.24 max_stage 6.58 mult 0.217 | collect 3.09s update 0.25s (7% upd)
it 4690/9765 step 9621275 SPS 578 kl 0.0047 rew 5.24 max_stage 6.58 mult 0.339 | collect 3.10s update 0.35s (10% upd)
it 4695/9765 step 9631531 SPS 578 kl 0.0058 rew 5.24 max_stage 6.58 mult 0.294 | collect 3.15s update 0.21s (6% upd)
it 4700/9765 step 9641793 SPS 578 kl 0.0040 rew 5.24 max_stage 6.58 mult 0.193 | collect 3.22s update 0.23s (7% upd)
it 4705/9765 step 9652044 SPS 578 kl 0.0041 rew 5.24 max_stage 6.58 mult 0.193 | collect 3.12s update 0.32s (9% upd)
it 4710/9765 step 9662299 SPS 578 kl 0.0046 rew 5.24 max_stage 6.58 mult 0.193 | collect 3.17s update 0.34s (10% upd)
it 4715/9765 step 9672553 SPS 578 kl 0.0048 rew 5.26 max_stage 6.57 mult 0.362 | collect 3.05s update 0.35s (10% upd)
it 4720/9765 step 9682809 SPS 578 kl 0.0046 rew 5.20 max_stage 6.60 mult 0.314 | collect 3.07s update 0.35s (10% upd)
it 4725/9765 step 9693064 SPS 578 kl 0.0053 rew 5.20 max_stage 6.60 mult 0.227 | collect 3.05s update 0.30s (9% upd)
it 4730/9765 step 9703316 SPS 578 kl 0.0064 rew 5.20 max_stage 6.60 mult 0.296 | collect 2.98s update 0.25s (8% upd)
it 4735/9765 step 9713577 SPS 578 kl 0.0047 rew 5.20 max_stage 6.60 mult 0.370 | collect 3.06s update 0.33s (10% upd)
it 4740/9765 step 9723828 SPS 578 kl 0.0043 rew 5.20 max_stage 6.60 mult 0.194 | collect 3.13s update 0.27s (8% upd)
it 4745/9765 step 9734086 SPS 578 kl 0.0067 rew 5.20 max_stage 6.60 mult 0.304 | collect 3.15s update 0.34s (10% upd)
it 4750/9765 step 9744345 SPS 578 kl 0.0044 rew 5.20 max_stage 6.60 mult 0.316 | collect 3.10s update 0.35s (10% upd)
it 4755/9765 step 9754595 SPS 578 kl 0.0049 rew 5.20 max_stage 6.60 mult 0.195 | collect 3.20s update 0.34s (10% upd)
it 4760/9765 step 9764839 SPS 578 kl 0.0049 rew 5.27 max_stage 6.62 mult 0.293 | collect 3.16s update 0.33s (10% upd)
it 4765/9765 step 9775103 SPS 578 kl 0.0058 rew 5.27 max_stage 6.62 mult 0.244 | collect 3.05s update 0.33s (10% upd)
it 4770/9765 step 9785357 SPS 578 kl 0.0070 rew 5.32 max_stage 6.61 mult 0.254 | collect 3.27s update 0.34s (9% upd)
it 4775/9765 step 9795609 SPS 578 kl 0.0063 rew 5.32 max_stage 6.61 mult 0.265 | collect 3.12s update 0.34s (10% upd)
it 4780/9765 step 9805879 SPS 578 kl 0.0041 rew 5.32 max_stage 6.61 mult 0.196 | collect 3.18s update 0.26s (7% upd)
it 4785/9765 step 9816139 SPS 578 kl 0.0049 rew 4.59 max_stage 6.63 mult 0.255 | collect 3.10s update 0.27s (8% upd)
it 4790/9765 step 9826394 SPS 578 kl 0.0066 rew 4.59 max_stage 6.63 mult 0.266 | collect 3.03s update 0.25s (8% upd)
it 4795/9765 step 9836652 SPS 578 kl 0.0043 rew 4.59 max_stage 6.63 mult 0.346 | collect 3.16s update 0.34s (10% upd)
it 4800/9765 step 9846910 SPS 578 kl 0.0054 rew 4.59 max_stage 6.63 mult 0.200 | collect 3.08s update 0.29s (9% upd)
it 4805/9765 step 9857167 SPS 579 kl 0.0063 rew 4.59 max_stage 6.63 mult 0.261 | collect 2.99s update 0.40s (12% upd)
it 4810/9765 step 9867413 SPS 579 kl 0.0045 rew 4.59 max_stage 6.63 mult 0.246 | collect 3.16s update 0.14s (4% upd)
it 4815/9765 step 9877658 SPS 579 kl 0.0045 rew 4.59 max_stage 6.63 mult 0.214 | collect 2.92s update 0.29s (9% upd)
it 4820/9765 step 9887920 SPS 579 kl 0.0051 rew 4.22 max_stage 6.65 mult 0.247 | collect 3.29s update 0.35s (10% upd)
it 4825/9765 step 9898178 SPS 579 kl 0.0055 rew 4.22 max_stage 6.65 mult 0.257 | collect 3.11s update 0.33s (10% upd)
it 4830/9765 step 9908430 SPS 579 kl 0.0048 rew 4.22 max_stage 6.65 mult 0.385 | collect 3.24s update 0.35s (10% upd)
it 4835/9765 step 9918694 SPS 579 kl 0.0038 rew 4.22 max_stage 6.65 mult 0.297 | collect 3.09s update 0.33s (10% upd)
it 4840/9765 step 9928949 SPS 579 kl 0.0054 rew 4.22 max_stage 6.65 mult 0.215 | collect 3.07s update 0.30s (9% upd)
it 4845/9765 step 9939212 SPS 579 kl 0.0039 rew 4.22 max_stage 6.65 mult 0.336 | collect 3.09s update 0.34s (10% upd)
it 4850/9765 step 9949473 SPS 579 kl 0.0044 rew 4.22 max_stage 6.65 mult 0.199 | collect 3.12s update 0.25s (8% upd)
it 4855/9765 step 9959731 SPS 579 kl 0.0052 rew 4.22 max_stage 6.65 mult 0.207 | collect 3.27s update 0.33s (9% upd)
it 4860/9765 step 9969985 SPS 579 kl 0.0048 rew 4.22 max_stage 6.65 mult 0.323 | collect 3.31s update 0.33s (9% upd)
it 4865/9765 step 9980245 SPS 579 kl 0.0054 rew 4.37 max_stage 6.67 mult 0.234 | collect 3.08s update 0.28s (8% upd)
it 4870/9765 step 9990500 SPS 579 kl 0.0059 rew 4.37 max_stage 6.67 mult 0.292 | collect 3.07s update 0.35s (10% upd)
it 4875/9765 step 10000753 SPS 579 kl 0.0041 rew 4.37 max_stage 6.67 mult 0.299 | collect 3.03s update 0.38s (11% upd)
it 4880/9765 step 10011010 SPS 579 kl 0.0042 rew 4.37 max_stage 6.67 mult 0.390 | collect 3.02s update 0.40s (12% upd)
it 4885/9765 step 10021254 SPS 579 kl 0.0064 rew 4.37 max_stage 6.67 mult 0.282 | collect 3.08s update 0.29s (8% upd)
it 4890/9765 step 10031512 SPS 579 kl 0.0061 rew 4.37 max_stage 6.67 mult 0.300 | collect 3.04s update 0.35s (10% upd)
it 4895/9765 step 10041767 SPS 579 kl 0.0049 rew 4.37 max_stage 6.67 mult 0.261 | collect 3.23s update 0.21s (6% upd)
it 4900/9765 step 10052025 SPS 579 kl 0.0053 rew 4.37 max_stage 6.67 mult 0.226 | collect 3.23s update 0.39s (11% upd)
it 4905/9765 step 10062283 SPS 579 kl 0.0048 rew 4.37 max_stage 6.67 mult 0.314 | collect 3.19s update 0.33s (9% upd)
it 4910/9765 step 10072544 SPS 579 kl 0.0064 rew 4.02 max_stage 6.68 mult 0.227 | collect 3.02s update 0.29s (9% upd)
it 4915/9765 step 10082798 SPS 579 kl 0.0058 rew 4.02 max_stage 6.68 mult 0.295 | collect 3.03s update 0.30s (9% upd)
it 4920/9765 step 10093051 SPS 579 kl 0.0066 rew 4.02 max_stage 6.68 mult 0.256 | collect 3.09s update 0.32s (9% upd)
it 4925/9765 step 10103315 SPS 579 kl 0.0057 rew 4.02 max_stage 6.68 mult 0.223 | collect 3.15s update 0.34s (10% upd)
it 4930/9765 step 10113570 SPS 579 kl 0.0054 rew 4.00 max_stage 6.69 mult 0.252 | collect 3.16s update 0.34s (10% upd)
it 4935/9765 step 10123828 SPS 579 kl 0.0048 rew 4.00 max_stage 6.69 mult 0.394 | collect 3.06s update 0.35s (10% upd)
it 4940/9765 step 10134077 SPS 579 kl 0.0040 rew 4.00 max_stage 6.69 mult 0.303 | collect 3.04s update 0.33s (10% upd)
it 4945/9765 step 10144337 SPS 579 kl 0.0033 rew 4.08 max_stage 6.68 mult 0.316 | collect 3.09s update 0.34s (10% upd)
it 4950/9765 step 10154585 SPS 579 kl 0.0069 rew 4.08 max_stage 6.68 mult 0.229 | collect 3.05s update 0.32s (9% upd)
it 4955/9765 step 10164854 SPS 579 kl 0.0050 rew 4.08 max_stage 6.68 mult 0.298 | collect 3.10s update 0.13s (4% upd)
it 4960/9765 step 10175117 SPS 579 kl 0.0062 rew 4.08 max_stage 6.68 mult 0.258 | collect 3.08s update 0.32s (9% upd)
it 4965/9765 step 10185380 SPS 579 kl 0.0053 rew 4.08 max_stage 6.68 mult 0.254 | collect 3.19s update 0.18s (5% upd)
it 4970/9765 step 10195634 SPS 579 kl 0.0040 rew 4.08 max_stage 6.68 mult 0.331 | collect 3.13s update 0.34s (10% upd)
it 4975/9765 step 10205886 SPS 579 kl 0.0038 rew 3.76 max_stage 6.70 mult 0.306 | collect 3.19s update 0.33s (9% upd)
it 4980/9765 step 10216153 SPS 579 kl 0.0034 rew 3.76 max_stage 6.70 mult 0.318 | collect 3.09s update 0.38s (11% upd)
it 4985/9765 step 10226419 SPS 579 kl 0.0035 rew 3.76 max_stage 6.70 mult 0.204 | collect 3.10s update 0.33s (10% upd)
it 4990/9765 step 10236682 SPS 579 kl 0.0055 rew 3.76 max_stage 6.70 mult 0.213 | collect 3.08s update 0.33s (10% upd)
it 4995/9765 step 10246928 SPS 579 kl 0.0050 rew 3.76 max_stage 6.70 mult 0.277 | collect 3.09s update 0.26s (8% upd)
it 5000/9765 step 10257179 SPS 579 kl 0.0066 rew 3.86 max_stage 6.68 mult 0.361 | collect 3.21s update 0.23s (7% upd)
it 5005/9765 step 10267436 SPS 579 kl 0.0054 rew 3.86 max_stage 6.68 mult 0.250 | collect 3.18s update 0.33s (10% upd)
it 5010/9765 step 10277692 SPS 579 kl 0.0050 rew 3.86 max_stage 6.68 mult 0.256 | collect 3.17s update 0.34s (10% upd)
it 5015/9765 step 10287941 SPS 579 kl 0.0045 rew 3.86 max_stage 6.68 mult 0.223 | collect 3.13s update 0.33s (9% upd)
it 5020/9765 step 10298192 SPS 579 kl 0.0066 rew 3.86 max_stage 6.68 mult 0.348 | collect 3.11s update 0.21s (6% upd)
it 5025/9765 step 10308454 SPS 579 kl 0.0053 rew 3.86 max_stage 6.68 mult 0.290 | collect 3.08s update 0.33s (10% upd)
it 5030/9765 step 10318709 SPS 579 kl 0.0067 rew 3.86 max_stage 6.68 mult 0.302 | collect 3.10s update 0.29s (9% upd)
it 5035/9765 step 10328965 SPS 580 kl 0.0068 rew 3.86 max_stage 6.68 mult 0.262 | collect 3.12s update 0.32s (9% upd)
it 5040/9765 step 10339225 SPS 580 kl 0.0048 rew 3.86 max_stage 6.68 mult 0.228 | collect 3.25s update 0.24s (7% upd)
it 5045/9765 step 10349483 SPS 580 kl 0.0065 rew 3.86 max_stage 6.68 mult 0.356 | collect 3.09s update 0.24s (7% upd)
it 5050/9765 step 10359742 SPS 580 kl 0.0052 rew 3.86 max_stage 6.68 mult 0.259 | collect 2.97s update 0.37s (11% upd)
it 5055/9765 step 10370002 SPS 580 kl 0.0058 rew 3.86 max_stage 6.68 mult 0.269 | collect 2.99s update 0.43s (13% upd)
it 5060/9765 step 10380259 SPS 580 kl 0.0056 rew 3.85 max_stage 6.64 mult 0.234 | collect 3.16s update 0.33s (10% upd)
it 5065/9765 step 10390516 SPS 580 kl 0.0044 rew 3.85 max_stage 6.64 mult 0.324 | collect 3.10s update 0.35s (10% upd)
it 5070/9765 step 10400762 SPS 580 kl 0.0040 rew 3.65 max_stage 6.66 mult 0.235 | collect 3.13s update 0.15s (5% upd)
it 5075/9765 step 10411020 SPS 580 kl 0.0049 rew 3.65 max_stage 6.66 mult 0.217 | collect 3.10s update 0.24s (7% upd)
it 5080/9765 step 10421278 SPS 580 kl 0.0056 rew 3.65 max_stage 6.66 mult 0.282 | collect 3.10s update 0.27s (8% upd)
it 5085/9765 step 10431530 SPS 580 kl 0.0045 rew 3.65 max_stage 6.66 mult 0.367 | collect 3.05s update 0.33s (10% upd)
it 5090/9765 step 10441802 SPS 580 kl 0.0058 rew 3.65 max_stage 6.66 mult 0.319 | collect 3.03s update 0.33s (10% upd)
it 5095/9765 step 10452058 SPS 580 kl 0.0045 rew 3.65 max_stage 6.66 mult 0.231 | collect 3.21s update 0.22s (6% upd)
it 5100/9765 step 10462311 SPS 580 kl 0.0040 rew 3.65 max_stage 6.66 mult 0.314 | collect 3.10s update 0.35s (10% upd)
it 5105/9765 step 10472564 SPS 580 kl 0.0056 rew 3.65 max_stage 6.66 mult 0.272 | collect 3.14s update 0.25s (7% upd)
it 5110/9765 step 10482825 SPS 580 kl 0.0045 rew 3.65 max_stage 6.66 mult 0.210 | collect 3.00s update 0.32s (10% upd)
it 5115/9765 step 10493095 SPS 580 kl 0.0065 rew 3.65 max_stage 6.66 mult 0.262 | collect 3.08s update 0.35s (10% upd)
it 5120/9765 step 10503350 SPS 580 kl 0.0031 rew 3.65 max_stage 6.66 mult 0.210 | collect 3.13s update 0.21s (6% upd)
it 5125/9765 step 10513614 SPS 580 kl 0.0034 rew 3.65 max_stage 6.66 mult 0.210 | collect 3.07s update 0.16s (5% upd)
it 5130/9765 step 10523871 SPS 580 kl 0.0041 rew 3.65 max_stage 6.66 mult 0.211 | collect 3.11s update 0.33s (10% upd)
it 5135/9765 step 10534135 SPS 580 kl 0.0063 rew 3.84 max_stage 6.67 mult 0.274 | collect 3.16s update 0.30s (9% upd)
it 5140/9765 step 10544387 SPS 580 kl 0.0035 rew 4.01 max_stage 6.67 mult 0.264 | collect 3.08s update 0.16s (5% upd)
it 5145/9765 step 10554656 SPS 580 kl 0.0049 rew 4.01 max_stage 6.67 mult 0.211 | collect 3.46s update 0.34s (9% upd)
it 5150/9765 step 10564908 SPS 580 kl 0.0049 rew 4.01 max_stage 6.67 mult 0.330 | collect 3.03s update 0.19s (6% upd)
it 5155/9765 step 10575173 SPS 580 kl 0.0056 rew 4.01 max_stage 6.67 mult 0.287 | collect 3.13s update 0.33s (10% upd)
it 5160/9765 step 10585433 SPS 580 kl 0.0041 rew 4.15 max_stage 6.66 mult 0.373 | collect 3.07s update 0.15s (5% upd)
it 5165/9765 step 10595697 SPS 580 kl 0.0048 rew 4.15 max_stage 6.66 mult 0.324 | collect 3.07s update 0.33s (10% upd)
it 5170/9765 step 10605946 SPS 580 kl 0.0029 rew 4.15 max_stage 6.66 mult 0.281 | collect 3.10s update 0.17s (5% upd)
it 5175/9765 step 10616205 SPS 580 kl 0.0054 rew 4.15 max_stage 6.66 mult 0.244 | collect 3.16s update 0.34s (10% upd)
it 5180/9765 step 10626467 SPS 580 kl 0.0037 rew 4.15 max_stage 6.66 mult 0.254 | collect 3.07s update 0.27s (8% upd)
it 5185/9765 step 10636723 SPS 580 kl 0.0065 rew 4.15 max_stage 6.66 mult 0.266 | collect 3.08s update 0.33s (10% upd)
it 5190/9765 step 10646986 SPS 580 kl 0.0043 rew 4.15 max_stage 6.66 mult 0.267 | collect 2.88s update 0.27s (8% upd)
it 5195/9765 step 10657240 SPS 580 kl 0.0060 rew 4.15 max_stage 6.66 mult 0.347 | collect 3.09s update 0.25s (8% upd)
it 5200/9765 step 10667492 SPS 580 kl 0.0043 rew 4.15 max_stage 6.66 mult 0.251 | collect 3.19s update 0.21s (6% upd)
it 5205/9765 step 10677754 SPS 580 kl 0.0042 rew 4.15 max_stage 6.66 mult 0.327 | collect 3.14s update 0.33s (10% upd)
it 5210/9765 step 10688005 SPS 580 kl 0.0051 rew 4.15 max_stage 6.66 mult 0.237 | collect 3.12s update 0.27s (8% upd)
it 5215/9765 step 10698263 SPS 580 kl 0.0056 rew 4.15 max_stage 6.66 mult 0.215 | collect 3.11s update 0.35s (10% upd)
it 5220/9765 step 10708511 SPS 580 kl 0.0059 rew 4.15 max_stage 6.66 mult 0.335 | collect 3.07s update 0.35s (10% upd)
it 5225/9765 step 10718766 SPS 580 kl 0.0062 rew 4.28 max_stage 6.65 mult 0.243 | collect 3.15s update 0.29s (8% upd)
it 5230/9765 step 10729026 SPS 580 kl 0.0050 rew 4.28 max_stage 6.65 mult 0.253 | collect 3.08s update 0.25s (7% upd)
it 5235/9765 step 10739288 SPS 580 kl 0.0051 rew 4.28 max_stage 6.65 mult 0.269 | collect 3.13s update 0.35s (10% upd)
it 5240/9765 step 10749546 SPS 580 kl 0.0045 rew 4.28 max_stage 6.65 mult 0.351 | collect 3.07s update 0.35s (10% upd)
it 5245/9765 step 10759806 SPS 580 kl 0.0049 rew 4.28 max_stage 6.65 mult 0.254 | collect 3.08s update 0.35s (10% upd)
it 5250/9765 step 10770073 SPS 580 kl 0.0041 rew 4.28 max_stage 6.65 mult 0.216 | collect 3.14s update 0.32s (9% upd)
it 5255/9765 step 10780328 SPS 580 kl 0.0051 rew 4.28 max_stage 6.65 mult 0.225 | collect 3.03s update 0.33s (10% upd)
it 5260/9765 step 10790576 SPS 580 kl 0.0069 rew 4.28 max_stage 6.65 mult 0.352 | collect 3.22s update 0.34s (10% upd)
it 5265/9765 step 10800833 SPS 580 kl 0.0048 rew 4.28 max_stage 6.65 mult 0.367 | collect 3.19s update 0.35s (10% upd)
it 5270/9765 step 10811090 SPS 580 kl 0.0064 rew 4.31 max_stage 6.64 mult 0.382 | collect 3.06s update 0.35s (10% upd)
it 5275/9765 step 10821346 SPS 580 kl 0.0051 rew 4.31 max_stage 6.64 mult 0.276 | collect 3.07s update 0.25s (7% upd)
it 5280/9765 step 10831601 SPS 580 kl 0.0046 rew 4.31 max_stage 6.64 mult 0.240 | collect 3.12s update 0.11s (3% upd)
it 5285/9765 step 10841854 SPS 580 kl 0.0041 rew 4.31 max_stage 6.64 mult 0.340 | collect 3.19s update 0.34s (10% upd)
it 5290/9765 step 10852111 SPS 580 kl 0.0045 rew 4.31 max_stage 6.64 mult 0.218 | collect 3.04s update 0.36s (11% upd)
it 5295/9765 step 10862368 SPS 580 kl 0.0065 rew 4.31 max_stage 6.64 mult 0.284 | collect 3.03s update 0.34s (10% upd)
it 5300/9765 step 10872618 SPS 580 kl 0.0044 rew 4.31 max_stage 6.64 mult 0.370 | collect 2.98s update 0.43s (12% upd)
it 5305/9765 step 10882863 SPS 580 kl 0.0054 rew 4.31 max_stage 6.64 mult 0.257 | collect 3.21s update 0.34s (10% upd)
it 5310/9765 step 10893120 SPS 580 kl 0.0051 rew 4.31 max_stage 6.64 mult 0.342 | collect 3.07s update 0.20s (6% upd)
it 5315/9765 step 10903378 SPS 581 kl 0.0061 rew 4.31 max_stage 6.64 mult 0.297 | collect 3.18s update 0.34s (10% upd)
it 5320/9765 step 10913631 SPS 581 kl 0.0042 rew 4.31 max_stage 6.64 mult 0.229 | collect 3.09s update 0.23s (7% upd)
it 5325/9765 step 10923878 SPS 581 kl 0.0042 rew 4.31 max_stage 6.64 mult 0.343 | collect 3.20s update 0.33s (9% upd)
it 5330/9765 step 10934140 SPS 581 kl 0.0045 rew 4.31 max_stage 6.64 mult 0.495 | collect 3.24s update 0.35s (10% upd)
it 5335/9765 step 10944392 SPS 581 kl 0.0057 rew 4.31 max_stage 6.64 mult 0.358 | collect 3.15s update 0.20s (6% upd)
it 5340/9765 step 10954644 SPS 581 kl 0.0062 rew 4.31 max_stage 6.64 mult 0.311 | collect 3.16s update 0.39s (11% upd)
it 5345/9765 step 10964897 SPS 581 kl 0.0049 rew 4.39 max_stage 6.61 mult 0.414 | collect 3.09s update 0.34s (10% upd)
it 5350/9765 step 10975158 SPS 581 kl 0.0048 rew 4.39 max_stage 6.61 mult 0.431 | collect 3.03s update 0.33s (10% upd)
it 5355/9765 step 10985409 SPS 581 kl 0.0038 rew 4.39 max_stage 6.61 mult 0.332 | collect 3.08s update 0.38s (11% upd)
it 5360/9765 step 10995664 SPS 581 kl 0.0050 rew 4.39 max_stage 6.61 mult 0.288 | collect 3.23s update 0.38s (10% upd)
it 5365/9765 step 11005931 SPS 581 kl 0.0054 rew 4.39 max_stage 6.61 mult 0.300 | collect 3.11s update 0.34s (10% upd)
it 5370/9765 step 11016184 SPS 581 kl 0.0050 rew 3.87 max_stage 6.62 mult 0.278 | collect 3.16s update 0.23s (7% upd)
it 5375/9765 step 11026439 SPS 581 kl 0.0060 rew 3.87 max_stage 6.62 mult 0.231 | collect 3.07s update 0.36s (10% upd)
it 5380/9765 step 11036702 SPS 581 kl 0.0050 rew 4.00 max_stage 6.63 mult 0.241 | collect 3.20s update 0.32s (9% upd)
it 5385/9765 step 11046959 SPS 581 kl 0.0050 rew 4.00 max_stage 6.63 mult 0.251 | collect 3.07s update 0.33s (10% upd)
it 5390/9765 step 11057209 SPS 581 kl 0.0041 rew 4.00 max_stage 6.63 mult 0.232 | collect 2.99s update 0.34s (10% upd)
it 5395/9765 step 11067463 SPS 581 kl 0.0037 rew 4.17 max_stage 6.63 mult 0.302 | collect 2.98s update 0.22s (7% upd)
it 5400/9765 step 11077719 SPS 581 kl 0.0039 rew 4.17 max_stage 6.63 mult 0.279 | collect 3.18s update 0.27s (8% upd)
it 5405/9765 step 11087983 SPS 581 kl 0.0051 rew 4.17 max_stage 6.63 mult 0.224 | collect 3.11s update 0.39s (11% upd)
it 5410/9765 step 11098243 SPS 581 kl 0.0044 rew 4.17 max_stage 6.63 mult 0.292 | collect 3.11s update 0.25s (8% upd)
it 5415/9765 step 11108502 SPS 581 kl 0.0049 rew 4.17 max_stage 6.63 mult 0.224 | collect 3.17s update 0.42s (12% upd)
it 5420/9765 step 11118753 SPS 581 kl 0.0032 rew 4.17 max_stage 6.63 mult 0.292 | collect 3.18s update 0.15s (4% upd)
it 5425/9765 step 11129005 SPS 581 kl 0.0032 rew 4.17 max_stage 6.63 mult 0.225 | collect 3.10s update 0.26s (8% upd)
it 5430/9765 step 11139270 SPS 581 kl 0.0039 rew 4.17 max_stage 6.63 mult 0.234 | collect 3.17s update 0.21s (6% upd)
it 5435/9765 step 11149535 SPS 581 kl 0.0050 rew 4.17 max_stage 6.63 mult 0.225 | collect 3.12s update 0.30s (9% upd)
it 5440/9765 step 11159792 SPS 581 kl 0.0050 rew 4.17 max_stage 6.63 mult 0.339 | collect 3.18s update 0.33s (10% upd)
it 5445/9765 step 11170054 SPS 581 kl 0.0054 rew 4.17 max_stage 6.63 mult 0.226 | collect 3.10s update 0.34s (10% upd)
it 5450/9765 step 11180317 SPS 581 kl 0.0056 rew 4.25 max_stage 6.62 mult 0.294 | collect 3.28s update 0.28s (8% upd)
it 5455/9765 step 11190572 SPS 581 kl 0.0050 rew 4.25 max_stage 6.62 mult 0.255 | collect 3.05s update 0.34s (10% upd)
it 5460/9765 step 11200816 SPS 581 kl 0.0045 rew 4.25 max_stage 6.62 mult 0.333 | collect 3.15s update 0.16s (5% upd)
it 5465/9765 step 11211080 SPS 581 kl 0.0051 rew 4.25 max_stage 6.62 mult 0.333 | collect 3.20s update 0.34s (10% upd)
it 5470/9765 step 11221338 SPS 581 kl 0.0050 rew 4.23 max_stage 6.59 mult 0.289 | collect 3.05s update 0.34s (10% upd)
it 5475/9765 step 11231590 SPS 581 kl 0.0052 rew 4.25 max_stage 6.57 mult 0.301 | collect 3.27s update 0.25s (7% upd)
it 5480/9765 step 11241858 SPS 581 kl 0.0043 rew 4.25 max_stage 6.57 mult 0.392 | collect 3.08s update 0.34s (10% upd)
it 5485/9765 step 11252111 SPS 581 kl 0.0035 rew 4.25 max_stage 6.57 mult 0.283 | collect 3.16s update 0.21s (6% upd)
it 5490/9765 step 11262368 SPS 581 kl 0.0063 rew 4.25 max_stage 6.57 mult 0.369 | collect 3.29s update 0.25s (7% upd)
it 5495/9765 step 11272623 SPS 581 kl 0.0053 rew 4.25 max_stage 6.57 mult 0.267 | collect 3.05s update 0.28s (8% upd)
it 5500/9765 step 11282881 SPS 581 kl 0.0057 rew 4.27 max_stage 6.55 mult 0.238 | collect 3.19s update 0.31s (9% upd)
it 5505/9765 step 11293141 SPS 581 kl 0.0041 rew 4.27 max_stage 6.55 mult 0.310 | collect 3.10s update 0.17s (5% upd)
it 5510/9765 step 11303386 SPS 581 kl 0.0051 rew 4.27 max_stage 6.55 mult 0.323 | collect 3.05s update 0.19s (6% upd)
it 5515/9765 step 11313655 SPS 581 kl 0.0052 rew 4.27 max_stage 6.55 mult 0.287 | collect 3.08s update 0.29s (9% upd)
it 5520/9765 step 11323922 SPS 581 kl 0.0055 rew 4.27 max_stage 6.55 mult 0.287 | collect 3.07s update 0.22s (7% upd)
it 5525/9765 step 11334175 SPS 581 kl 0.0054 rew 4.27 max_stage 6.55 mult 0.299 | collect 3.05s update 0.36s (11% upd)
it 5530/9765 step 11344447 SPS 581 kl 0.0035 rew 4.27 max_stage 6.55 mult 0.260 | collect 3.12s update 0.24s (7% upd)
it 5535/9765 step 11354694 SPS 581 kl 0.0043 rew 4.27 max_stage 6.55 mult 0.406 | collect 3.07s update 0.35s (10% upd)
it 5540/9765 step 11364940 SPS 581 kl 0.0051 rew 4.27 max_stage 6.55 mult 0.294 | collect 3.25s update 0.25s (7% upd)
it 5545/9765 step 11375193 SPS 581 kl 0.0044 rew 4.27 max_stage 6.55 mult 0.459 | collect 3.12s update 0.34s (10% upd)
it 5550/9765 step 11385443 SPS 581 kl 0.0050 rew 4.27 max_stage 6.55 mult 0.232 | collect 3.17s update 0.28s (8% upd)
it 5555/9765 step 11395706 SPS 581 kl 0.0035 rew 4.27 max_stage 6.55 mult 0.362 | collect 3.17s update 0.33s (10% upd)
it 5560/9765 step 11405960 SPS 581 kl 0.0050 rew 4.27 max_stage 6.55 mult 0.565 | collect 3.14s update 0.34s (10% upd)
it 5565/9765 step 11416213 SPS 581 kl 0.0056 rew 4.27 max_stage 6.55 mult 0.327 | collect 3.09s update 0.35s (10% upd)
it 5570/9765 step 11426468 SPS 581 kl 0.0051 rew 4.27 max_stage 6.55 mult 0.284 | collect 3.18s update 0.33s (10% upd)
it 5575/9765 step 11436732 SPS 581 kl 0.0056 rew 4.27 max_stage 6.55 mult 0.370 | collect 3.04s update 0.21s (7% upd)
it 5580/9765 step 11446991 SPS 581 kl 0.0043 rew 4.27 max_stage 6.55 mult 0.321 | collect 3.23s update 0.20s (6% upd)
it 5585/9765 step 11457248 SPS 581 kl 0.0050 rew 4.27 max_stage 6.55 mult 0.418 | collect 3.08s update 0.33s (10% upd)
it 5590/9765 step 11467501 SPS 581 kl 0.0055 rew 4.27 max_stage 6.55 mult 0.363 | collect 3.11s update 0.34s (10% upd)
it 5595/9765 step 11477760 SPS 581 kl 0.0055 rew 4.27 max_stage 6.55 mult 0.263 | collect 3.24s update 0.27s (8% upd)
it 5600/9765 step 11488024 SPS 581 kl 0.0054 rew 4.27 max_stage 6.55 mult 0.342 | collect 3.10s update 0.20s (6% upd)
it 5605/9765 step 11498291 SPS 581 kl 0.0052 rew 4.14 max_stage 6.57 mult 0.297 | collect 2.97s update 0.25s (8% upd)
it 5610/9765 step 11508547 SPS 581 kl 0.0046 rew 4.14 max_stage 6.57 mult 0.386 | collect 3.05s update 0.34s (10% upd)
it 5615/9765 step 11518804 SPS 581 kl 0.0032 rew 4.14 max_stage 6.57 mult 0.353 | collect 3.32s update 0.33s (9% upd)
it 5620/9765 step 11529056 SPS 581 kl 0.0051 rew 2.83 max_stage 6.59 mult 0.306 | collect 3.06s update 0.25s (7% upd)
it 5625/9765 step 11539305 SPS 582 kl 0.0057 rew 2.83 max_stage 6.59 mult 0.295 | collect 3.07s update 0.27s (8% upd)
it 5630/9765 step 11549556 SPS 582 kl 0.0037 rew 2.91 max_stage 6.58 mult 0.384 | collect 3.10s update 0.35s (10% upd)
it 5635/9765 step 11559810 SPS 582 kl 0.0049 rew 2.91 max_stage 6.58 mult 0.278 | collect 3.18s update 0.27s (8% upd)
it 5640/9765 step 11570075 SPS 582 kl 0.0047 rew 2.91 max_stage 6.58 mult 0.361 | collect 3.14s update 0.24s (7% upd)
it 5645/9765 step 11580335 SPS 582 kl 0.0048 rew 2.91 max_stage 6.58 mult 0.470 | collect 3.21s update 0.33s (9% upd)
it 5650/9765 step 11590593 SPS 582 kl 0.0045 rew 2.91 max_stage 6.58 mult 0.408 | collect 3.22s update 0.34s (10% upd)
it 5655/9765 step 11600846 SPS 582 kl 0.0062 rew 2.91 max_stage 6.58 mult 0.295 | collect 3.13s update 0.24s (7% upd)
it 5660/9765 step 11611107 SPS 582 kl 0.0059 rew 2.91 max_stage 6.58 mult 0.308 | collect 3.14s update 0.35s (10% upd)
it 5665/9765 step 11621360 SPS 582 kl 0.0039 rew 2.56 max_stage 6.58 mult 0.401 | collect 3.07s update 0.33s (10% upd)
it 5670/9765 step 11631623 SPS 582 kl 0.0060 rew 2.56 max_stage 6.58 mult 0.298 | collect 3.09s update 0.31s (9% upd)
it 5675/9765 step 11641880 SPS 582 kl 0.0047 rew 2.77 max_stage 6.58 mult 0.465 | collect 3.18s update 0.33s (10% upd)
it 5680/9765 step 11652137 SPS 582 kl 0.0042 rew 2.90 max_stage 6.58 mult 0.358 | collect 3.24s update 0.36s (10% upd)
it 5685/9765 step 11662395 SPS 582 kl 0.0050 rew 2.90 max_stage 6.58 mult 0.467 | collect 3.04s update 0.35s (10% upd)
it 5690/9765 step 11672662 SPS 582 kl 0.0055 rew 2.90 max_stage 6.58 mult 0.338 | collect 3.00s update 0.39s (11% upd)
it 5695/9765 step 11682910 SPS 582 kl 0.0051 rew 2.90 max_stage 6.58 mult 0.300 | collect 3.08s update 0.40s (11% upd)
it 5700/9765 step 11693161 SPS 582 kl 0.0037 rew 2.90 max_stage 6.58 mult 0.260 | collect 2.98s update 0.18s (6% upd)
it 5705/9765 step 11703417 SPS 582 kl 0.0045 rew 2.90 max_stage 6.58 mult 0.339 | collect 3.16s update 0.18s (5% upd)
it 5710/9765 step 11713676 SPS 582 kl 0.0029 rew 2.90 max_stage 6.58 mult 0.294 | collect 3.20s update 0.13s (4% upd)
it 5715/9765 step 11723938 SPS 582 kl 0.0067 rew 2.77 max_stage 6.60 mult 0.459 | collect 3.07s update 0.28s (8% upd)
it 5720/9765 step 11734183 SPS 582 kl 0.0054 rew 2.77 max_stage 6.60 mult 0.319 | collect 3.16s update 0.40s (11% upd)
it 5725/9765 step 11744442 SPS 582 kl 0.0040 rew 2.77 max_stage 6.60 mult 0.415 | collect 3.24s update 0.38s (11% upd)
it 5730/9765 step 11754710 SPS 582 kl 0.0040 rew 2.77 max_stage 6.60 mult 0.363 | collect 3.10s update 0.34s (10% upd)
it 5735/9765 step 11764963 SPS 582 kl 0.0043 rew 2.88 max_stage 6.60 mult 0.378 | collect 2.95s update 0.36s (11% upd)
it 5740/9765 step 11775218 SPS 582 kl 0.0039 rew 2.88 max_stage 6.60 mult 0.273 | collect 3.16s update 0.23s (7% upd)
it 5745/9765 step 11785468 SPS 582 kl 0.0050 rew 2.88 max_stage 6.60 mult 0.285 | collect 3.14s update 0.33s (10% upd)
it 5750/9765 step 11795721 SPS 582 kl 0.0037 rew 2.88 max_stage 6.60 mult 0.243 | collect 3.10s update 0.26s (8% upd)
it 5755/9765 step 11805977 SPS 582 kl 0.0065 rew 2.88 max_stage 6.60 mult 0.317 | collect 3.18s update 0.31s (9% upd)
it 5760/9765 step 11816232 SPS 582 kl 0.0044 rew 2.88 max_stage 6.60 mult 0.412 | collect 3.10s update 0.34s (10% upd)
it 5765/9765 step 11826497 SPS 582 kl 0.0058 rew 2.74 max_stage 6.62 mult 0.358 | collect 3.16s update 0.34s (10% upd)
it 5770/9765 step 11836743 SPS 582 kl 0.0039 rew 2.74 max_stage 6.62 mult 0.466 | collect 3.13s update 0.14s (4% upd)
it 5775/9765 step 11847004 SPS 582 kl 0.0050 rew 2.74 max_stage 6.62 mult 0.337 | collect 3.06s update 0.22s (7% upd)
it 5780/9765 step 11857259 SPS 582 kl 0.0046 rew 2.74 max_stage 6.62 mult 0.421 | collect 3.07s update 0.33s (10% upd)
it 5785/9765 step 11867503 SPS 582 kl 0.0040 rew 2.74 max_stage 6.62 mult 0.368 | collect 1.29s update 0.22s (15% upd)
it 5790/9765 step 11877766 SPS 582 kl 0.0051 rew 2.74 max_stage 6.62 mult 0.319 | collect 1.33s update 0.19s (13% upd)
it 5795/9765 step 11888017 SPS 583 kl 0.0043 rew 2.74 max_stage 6.62 mult 0.416 | collect 1.33s update 0.22s (14% upd)
it 5800/9765 step 11898267 SPS 583 kl 0.0041 rew 2.74 max_stage 6.62 mult 0.308 | collect 1.26s update 0.14s (10% upd)
it 5805/9765 step 11908517 SPS 583 kl 0.0048 rew 2.74 max_stage 6.62 mult 0.247 | collect 1.28s update 0.17s (12% upd)
it 5810/9765 step 11918770 SPS 584 kl 0.0040 rew 2.74 max_stage 6.62 mult 0.321 | collect 1.23s update 0.12s (9% upd)
it 5815/9765 step 11929018 SPS 584 kl 0.0061 rew 2.74 max_stage 6.62 mult 0.401 | collect 1.39s update 0.22s (13% upd)
it 5820/9765 step 11939278 SPS 584 kl 0.0044 rew 2.81 max_stage 6.61 mult 0.309 | collect 1.21s update 0.11s (9% upd)
it 5825/9765 step 11949524 SPS 584 kl 0.0043 rew 2.81 max_stage 6.61 mult 0.403 | collect 1.35s update 0.22s (14% upd)
it 5830/9765 step 11959780 SPS 585 kl 0.0049 rew 2.91 max_stage 6.60 mult 0.349 | collect 1.28s update 0.15s (10% upd)
it 5835/9765 step 11970033 SPS 585 kl 0.0038 rew 2.91 max_stage 6.60 mult 0.310 | collect 1.29s update 0.11s (8% upd)
it 5840/9765 step 11980280 SPS 585 kl 0.0065 rew 2.91 max_stage 6.60 mult 0.404 | collect 1.35s update 0.23s (15% upd)
it 5845/9765 step 11990532 SPS 586 kl 0.0042 rew 2.91 max_stage 6.60 mult 0.249 | collect 1.42s update 0.17s (10% upd)
it 5850/9765 step 12000781 SPS 586 kl 0.0046 rew 2.51 max_stage 6.60 mult 0.467 | collect 1.38s update 0.27s (16% upd)
it 5855/9765 step 12011033 SPS 586 kl 0.0045 rew 2.51 max_stage 6.60 mult 0.338 | collect 1.24s update 0.13s (9% upd)
it 5860/9765 step 12021277 SPS 586 kl 0.0060 rew 2.51 max_stage 6.60 mult 0.312 | collect 1.34s update 0.19s (12% upd)
it 5865/9765 step 12031530 SPS 587 kl 0.0054 rew 2.51 max_stage 6.60 mult 0.271 | collect 1.23s update 0.18s (13% upd)
it 5870/9765 step 12041781 SPS 587 kl 0.0040 rew 2.51 max_stage 6.60 mult 0.391 | collect 1.38s update 0.22s (14% upd)
it 5875/9765 step 12052037 SPS 587 kl 0.0046 rew 2.51 max_stage 6.60 mult 0.408 | collect 1.32s update 0.22s (14% upd)
it 5880/9765 step 12062293 SPS 588 kl 0.0047 rew 2.51 max_stage 6.60 mult 0.251 | collect 1.38s update 0.16s (11% upd)
it 5885/9765 step 12072540 SPS 588 kl 0.0045 rew 2.51 max_stage 6.60 mult 0.471 | collect 1.28s update 0.20s (14% upd)
it 5890/9765 step 12082796 SPS 588 kl 0.0051 rew 2.51 max_stage 6.60 mult 0.341 | collect 1.36s update 0.16s (10% upd)
it 5895/9765 step 12093046 SPS 588 kl 0.0065 rew 2.51 max_stage 6.60 mult 0.426 | collect 1.45s update 0.20s (12% upd)
it 5900/9765 step 12103298 SPS 589 kl 0.0058 rew 2.60 max_stage 6.59 mult 0.308 | collect 1.12s update 0.17s (13% upd)
it 5905/9765 step 12113545 SPS 589 kl 0.0049 rew 2.60 max_stage 6.59 mult 0.401 | collect 1.37s update 0.21s (13% upd)
it 5910/9765 step 12123799 SPS 589 kl 0.0053 rew 2.20 max_stage 6.61 mult 0.348 | collect 1.36s update 0.22s (14% upd)
it 5915/9765 step 12134046 SPS 590 kl 0.0058 rew 2.20 max_stage 6.61 mult 0.254 | collect 1.19s update 0.20s (14% upd)
it 5920/9765 step 12144298 SPS 590 kl 0.0051 rew 2.20 max_stage 6.61 mult 0.330 | collect 1.23s update 0.16s (11% upd)
it 5925/9765 step 12154558 SPS 590 kl 0.0055 rew 2.20 max_stage 6.61 mult 0.287 | collect 1.26s update 0.20s (14% upd)
it 5930/9765 step 12164807 SPS 590 kl 0.0067 rew 2.20 max_stage 6.61 mult 0.397 | collect 1.35s update 0.15s (10% upd)
it 5935/9765 step 12175060 SPS 591 kl 0.0058 rew 2.20 max_stage 6.61 mult 0.287 | collect 1.18s update 0.19s (14% upd)
it 5940/9765 step 12185308 SPS 591 kl 0.0063 rew 2.20 max_stage 6.61 mult 0.374 | collect 1.52s update 0.21s (12% upd)
it 5945/9765 step 12195553 SPS 591 kl 0.0045 rew 2.20 max_stage 6.61 mult 0.468 | collect 1.38s update 0.22s (14% upd)
it 5950/9765 step 12205809 SPS 592 kl 0.0057 rew 2.29 max_stage 6.62 mult 0.338 | collect 1.23s update 0.17s (12% upd)
it 5955/9765 step 12216053 SPS 592 kl 0.0051 rew 2.29 max_stage 6.62 mult 0.294 | collect 1.29s update 0.21s (14% upd)
it 5960/9765 step 12226307 SPS 592 kl 0.0033 rew 2.29 max_stage 6.62 mult 0.385 | collect 1.24s update 0.25s (17% upd)
it 5965/9765 step 12236560 SPS 592 kl 0.0048 rew 2.29 max_stage 6.62 mult 0.334 | collect 1.37s update 0.19s (12% upd)
it 5970/9765 step 12246816 SPS 593 kl 0.0060 rew 2.29 max_stage 6.62 mult 0.290 | collect 1.22s update 0.20s (14% upd)
it 5975/9765 step 12257064 SPS 593 kl 0.0064 rew 2.29 max_stage 6.62 mult 0.402 | collect 1.33s update 0.16s (11% upd)
it 5980/9765 step 12267318 SPS 593 kl 0.0055 rew 2.05 max_stage 6.64 mult 0.291 | collect 1.38s update 0.19s (12% upd)
it 5985/9765 step 12277575 SPS 594 kl 0.0037 rew 2.05 max_stage 6.64 mult 0.379 | collect 1.44s update 0.11s (7% upd)
it 5990/9765 step 12287828 SPS 594 kl 0.0048 rew 2.05 max_stage 6.64 mult 0.329 | collect 1.24s update 0.18s (13% upd)
it 5995/9765 step 12298078 SPS 594 kl 0.0035 rew 2.05 max_stage 6.64 mult 0.428 | collect 1.30s update 0.21s (14% upd)
it 6000/9765 step 12308323 SPS 594 kl 0.0056 rew 2.05 max_stage 6.64 mult 0.372 | collect 1.48s update 0.21s (13% upd)
it 6005/9765 step 12318576 SPS 595 kl 0.0051 rew 2.13 max_stage 6.63 mult 0.323 | collect 1.37s update 0.22s (14% upd)
it 6010/9765 step 12328826 SPS 595 kl 0.0047 rew 2.13 max_stage 6.63 mult 0.420 | collect 1.23s update 0.13s (9% upd)
it 6015/9765 step 12339079 SPS 595 kl 0.0054 rew 2.13 max_stage 6.63 mult 0.304 | collect 1.27s update 0.17s (12% upd)
it 6020/9765 step 12349330 SPS 596 kl 0.0068 rew 2.24 max_stage 6.62 mult 0.407 | collect 1.24s update 0.14s (10% upd)
it 6025/9765 step 12359591 SPS 596 kl 0.0041 rew 2.24 max_stage 6.62 mult 0.294 | collect 1.20s update 0.16s (12% upd)
it 6030/9765 step 12369841 SPS 596 kl 0.0063 rew 2.24 max_stage 6.62 mult 0.383 | collect 1.30s update 0.16s (11% upd)
it 6035/9765 step 12380086 SPS 596 kl 0.0057 rew 2.24 max_stage 6.62 mult 0.333 | collect 1.26s update 0.16s (11% upd)
it 6040/9765 step 12390333 SPS 597 kl 0.0062 rew 2.24 max_stage 6.62 mult 0.347 | collect 1.28s update 0.20s (14% upd)
it 6045/9765 step 12400587 SPS 597 kl 0.0051 rew 2.24 max_stage 6.62 mult 0.451 | collect 1.34s update 0.13s (9% upd)
it 6050/9765 step 12410843 SPS 597 kl 0.0057 rew 2.33 max_stage 6.62 mult 0.392 | collect 1.31s update 0.17s (12% upd)
it 6055/9765 step 12421098 SPS 597 kl 0.0052 rew 2.33 max_stage 6.62 mult 0.283 | collect 1.31s update 0.19s (12% upd)
it 6060/9765 step 12431358 SPS 598 kl 0.0037 rew 2.33 max_stage 6.62 mult 0.443 | collect 1.18s update 0.22s (16% upd)
it 6065/9765 step 12441604 SPS 598 kl 0.0054 rew 2.33 max_stage 6.62 mult 0.384 | collect 1.14s update 0.15s (12% upd)
it 6070/9765 step 12451854 SPS 598 kl 0.0055 rew 2.33 max_stage 6.62 mult 0.334 | collect 1.34s update 0.16s (11% upd)
it 6075/9765 step 12462105 SPS 599 kl 0.0041 rew 2.33 max_stage 6.62 mult 0.434 | collect 1.22s update 0.11s (8% upd)
it 6080/9765 step 12472355 SPS 599 kl 0.0040 rew 2.33 max_stage 6.62 mult 0.377 | collect 1.29s update 0.15s (10% upd)
it 6085/9765 step 12482616 SPS 599 kl 0.0038 rew 2.33 max_stage 6.62 mult 0.491 | collect 1.53s update 0.20s (12% upd)
it 6090/9765 step 12492872 SPS 599 kl 0.0056 rew 2.34 max_stage 6.60 mult 0.426 | collect 1.32s update 0.21s (14% upd)
it 6095/9765 step 12503127 SPS 600 kl 0.0060 rew 2.34 max_stage 6.60 mult 0.308 | collect 1.27s update 0.18s (13% upd)
it 6100/9765 step 12513378 SPS 600 kl 0.0058 rew 2.34 max_stage 6.60 mult 0.401 | collect 1.39s update 0.14s (9% upd)
it 6105/9765 step 12523628 SPS 600 kl 0.0042 rew 2.34 max_stage 6.60 mult 0.523 | collect 1.24s update 0.20s (14% upd)
it 6110/9765 step 12533879 SPS 601 kl 0.0040 rew 2.34 max_stage 6.60 mult 0.401 | collect 1.26s update 0.21s (14% upd)
it 6115/9765 step 12544128 SPS 601 kl 0.0045 rew 2.34 max_stage 6.60 mult 0.348 | collect 1.27s update 0.15s (10% upd)
it 6120/9765 step 12554376 SPS 601 kl 0.0049 rew 2.34 max_stage 6.60 mult 0.453 | collect 1.31s update 0.20s (14% upd)
it 6125/9765 step 12564628 SPS 601 kl 0.0073 rew 2.34 max_stage 6.60 mult 0.393 | collect 1.29s update 0.17s (12% upd)
it 6130/9765 step 12574881 SPS 602 kl 0.0044 rew 2.34 max_stage 6.60 mult 0.512 | collect 1.34s update 0.20s (13% upd)
it 6135/9765 step 12585137 SPS 602 kl 0.0041 rew 2.34 max_stage 6.60 mult 0.444 | collect 1.22s update 0.22s (16% upd)
it 6140/9765 step 12595388 SPS 602 kl 0.0043 rew 2.34 max_stage 6.60 mult 0.386 | collect 1.27s update 0.14s (10% upd)
it 6145/9765 step 12605647 SPS 603 kl 0.0054 rew 2.34 max_stage 6.60 mult 0.281 | collect 1.46s update 0.17s (11% upd)
it 6150/9765 step 12615911 SPS 603 kl 0.0049 rew 2.34 max_stage 6.60 mult 0.439 | collect 1.32s update 0.21s (14% upd)
it 6155/9765 step 12626168 SPS 603 kl 0.0050 rew 2.34 max_stage 6.60 mult 0.317 | collect 1.24s update 0.17s (12% upd)
it 6160/9765 step 12636417 SPS 603 kl 0.0051 rew 2.34 max_stage 6.60 mult 0.330 | collect 1.23s update 0.22s (15% upd)
it 6165/9765 step 12646672 SPS 604 kl 0.0050 rew 2.38 max_stage 6.58 mult 0.271 | collect 1.21s update 0.20s (14% upd)
it 6170/9765 step 12656919 SPS 604 kl 0.0054 rew 2.38 max_stage 6.58 mult 0.353 | collect 1.49s update 0.23s (13% upd)
it 6175/9765 step 12667176 SPS 604 kl 0.0046 rew 2.38 max_stage 6.58 mult 0.509 | collect 1.20s update 0.21s (15% upd)
it 6180/9765 step 12677431 SPS 604 kl 0.0039 rew 2.38 max_stage 6.58 mult 0.369 | collect 1.28s update 0.11s (8% upd)
it 6185/9765 step 12687687 SPS 605 kl 0.0040 rew 2.38 max_stage 6.58 mult 0.320 | collect 1.18s update 0.15s (11% upd)
it 6190/9765 step 12697935 SPS 605 kl 0.0055 rew 2.38 max_stage 6.58 mult 0.409 | collect 1.25s update 0.22s (15% upd)
it 6195/9765 step 12708194 SPS 605 kl 0.0051 rew 2.38 max_stage 6.58 mult 0.284 | collect 1.21s update 0.22s (15% upd)
it 6200/9765 step 12718451 SPS 606 kl 0.0045 rew 2.38 max_stage 6.58 mult 0.444 | collect 1.31s update 0.23s (15% upd)
it 6205/9765 step 12728699 SPS 606 kl 0.0045 rew 2.38 max_stage 6.58 mult 0.321 | collect 1.34s update 0.17s (11% upd)
it 6210/9765 step 12738953 SPS 606 kl 0.0056 rew 2.38 max_stage 6.58 mult 0.418 | collect 1.34s update 0.20s (13% upd)
it 6215/9765 step 12749201 SPS 606 kl 0.0053 rew 2.36 max_stage 6.55 mult 0.303 | collect 1.28s update 0.20s (13% upd)
it 6220/9765 step 12759456 SPS 607 kl 0.0038 rew 2.36 max_stage 6.55 mult 0.413 | collect 1.30s update 0.20s (13% upd)
it 6225/9765 step 12769710 SPS 607 kl 0.0046 rew 2.36 max_stage 6.55 mult 0.516 | collect 1.27s update 0.22s (15% upd)
it 6230/9765 step 12779959 SPS 607 kl 0.0047 rew 2.53 max_stage 6.56 mult 0.538 | collect 1.35s update 0.21s (14% upd)
it 6235/9765 step 12790212 SPS 607 kl 0.0049 rew 2.53 max_stage 6.56 mult 0.467 | collect 1.29s update 0.20s (14% upd)
it 6240/9765 step 12800463 SPS 608 kl 0.0055 rew 2.53 max_stage 6.56 mult 0.338 | collect 1.33s update 0.20s (13% upd)
it 6245/9765 step 12810709 SPS 608 kl 0.0041 rew 2.53 max_stage 6.56 mult 0.440 | collect 1.18s update 0.22s (16% upd)
it 6250/9765 step 12820962 SPS 608 kl 0.0042 rew 2.60 max_stage 6.56 mult 0.278 | collect 1.24s update 0.18s (13% upd)
it 6255/9765 step 12831217 SPS 609 kl 0.0040 rew 2.60 max_stage 6.56 mult 0.417 | collect 1.37s update 0.22s (14% upd)
it 6260/9765 step 12841471 SPS 609 kl 0.0057 rew 2.23 max_stage 6.57 mult 0.302 | collect 1.26s update 0.21s (14% upd)
it 6265/9765 step 12851719 SPS 609 kl 0.0046 rew 2.23 max_stage 6.57 mult 0.393 | collect 1.39s update 0.17s (11% upd)
it 6270/9765 step 12861969 SPS 609 kl 0.0044 rew 2.23 max_stage 6.57 mult 0.341 | collect 1.36s update 0.13s (9% upd)
it 6275/9765 step 12872224 SPS 610 kl 0.0043 rew 2.23 max_stage 6.57 mult 0.533 | collect 1.20s update 0.21s (15% upd)
it 6280/9765 step 12882474 SPS 610 kl 0.0046 rew 2.23 max_stage 6.57 mult 0.385 | collect 1.33s update 0.15s (10% upd)
it 6285/9765 step 12892719 SPS 610 kl 0.0047 rew 2.29 max_stage 6.56 mult 0.502 | collect 1.26s update 0.21s (15% upd)
it 6290/9765 step 12902972 SPS 610 kl 0.0053 rew 2.29 max_stage 6.56 mult 0.363 | collect 1.21s update 0.16s (12% upd)
it 6295/9765 step 12913229 SPS 611 kl 0.0043 rew 2.29 max_stage 6.56 mult 0.315 | collect 1.32s update 0.10s (7% upd)
it 6300/9765 step 12923479 SPS 611 kl 0.0040 rew 2.29 max_stage 6.56 mult 0.422 | collect 1.44s update 0.23s (13% upd)
it 6305/9765 step 12933734 SPS 611 kl 0.0050 rew 2.29 max_stage 6.56 mult 0.306 | collect 1.26s update 0.18s (13% upd)
it 6310/9765 step 12943984 SPS 612 kl 0.0066 rew 2.29 max_stage 6.56 mult 0.478 | collect 1.34s update 0.13s (9% upd)
it 6315/9765 step 12954238 SPS 612 kl 0.0039 rew 2.29 max_stage 6.56 mult 0.424 | collect 1.26s update 0.22s (15% upd)
it 6320/9765 step 12964496 SPS 612 kl 0.0056 rew 2.29 max_stage 6.56 mult 0.368 | collect 1.27s update 0.21s (14% upd)
it 6325/9765 step 12974740 SPS 612 kl 0.0051 rew 2.29 max_stage 6.56 mult 0.384 | collect 1.33s update 0.21s (13% upd)
it 6330/9765 step 12984989 SPS 613 kl 0.0038 rew 2.29 max_stage 6.56 mult 0.500 | collect 1.34s update 0.20s (13% upd)
it 6335/9765 step 12995241 SPS 613 kl 0.0040 rew 2.29 max_stage 6.56 mult 0.361 | collect 1.35s update 0.12s (8% upd)
it 6340/9765 step 13005492 SPS 613 kl 0.0032 rew 2.29 max_stage 6.56 mult 0.471 | collect 1.24s update 0.08s (6% upd)
it 6345/9765 step 13015746 SPS 613 kl 0.0060 rew 2.29 max_stage 6.56 mult 0.408 | collect 1.39s update 0.20s (13% upd)
it 6350/9765 step 13025996 SPS 614 kl 0.0042 rew 2.29 max_stage 6.56 mult 0.355 | collect 1.19s update 0.16s (12% upd)
it 6355/9765 step 13036245 SPS 614 kl 0.0066 rew 2.29 max_stage 6.56 mult 0.462 | collect 1.29s update 0.21s (14% upd)
it 6360/9765 step 13046506 SPS 614 kl 0.0032 rew 2.29 max_stage 6.56 mult 0.334 | collect 1.41s update 0.11s (7% upd)
it 6365/9765 step 13056761 SPS 615 kl 0.0045 rew 2.34 max_stage 6.54 mult 0.646 | collect 1.22s update 0.21s (15% upd)
it 6370/9765 step 13067017 SPS 615 kl 0.0050 rew 2.34 max_stage 6.54 mult 0.311 | collect 1.42s update 0.19s (12% upd)
it 6375/9765 step 13077276 SPS 615 kl 0.0057 rew 2.34 max_stage 6.54 mult 0.405 | collect 1.26s update 0.20s (13% upd)
it 6380/9765 step 13087523 SPS 615 kl 0.0048 rew 2.34 max_stage 6.54 mult 0.528 | collect 1.29s update 0.22s (14% upd)
it 6385/9765 step 13097771 SPS 616 kl 0.0048 rew 2.34 max_stage 6.54 mult 0.458 | collect 1.27s update 0.22s (15% upd)
it 6390/9765 step 13108026 SPS 616 kl 0.0058 rew 2.34 max_stage 6.54 mult 0.477 | collect 1.21s update 0.22s (15% upd)
it 6395/9765 step 13118275 SPS 616 kl 0.0057 rew 2.34 max_stage 6.54 mult 0.497 | collect 1.20s update 0.23s (16% upd)
it 6400/9765 step 13128533 SPS 616 kl 0.0038 rew 2.34 max_stage 6.54 mult 0.435 | collect 1.31s update 0.22s (14% upd)
it 6405/9765 step 13138779 SPS 617 kl 0.0040 rew 2.37 max_stage 6.54 mult 0.378 | collect 1.28s update 0.10s (7% upd)
it 6410/9765 step 13149036 SPS 617 kl 0.0052 rew 2.37 max_stage 6.54 mult 0.328 | collect 1.27s update 0.20s (14% upd)
it 6415/9765 step 13159288 SPS 617 kl 0.0042 rew 2.37 max_stage 6.54 mult 0.455 | collect 1.28s update 0.22s (15% upd)
it 6420/9765 step 13169534 SPS 617 kl 0.0044 rew 2.37 max_stage 6.54 mult 0.316 | collect 1.41s update 0.17s (11% upd)
it 6425/9765 step 13179785 SPS 618 kl 0.0030 rew 2.37 max_stage 6.54 mult 0.438 | collect 1.20s update 0.21s (15% upd)
it 6430/9765 step 13190036 SPS 618 kl 0.0062 rew 2.37 max_stage 6.54 mult 0.457 | collect 1.38s update 0.18s (11% upd)
it 6435/9765 step 13200294 SPS 618 kl 0.0047 rew 2.37 max_stage 6.54 mult 0.317 | collect 1.31s update 0.19s (13% upd)
it 6440/9765 step 13210540 SPS 619 kl 0.0062 rew 2.37 max_stage 6.54 mult 0.413 | collect 1.27s update 0.20s (14% upd)
it 6445/9765 step 13220791 SPS 619 kl 0.0058 rew 2.31 max_stage 6.56 mult 0.430 | collect 1.25s update 0.20s (14% upd)
it 6450/9765 step 13231046 SPS 619 kl 0.0058 rew 2.31 max_stage 6.56 mult 0.448 | collect 1.29s update 0.22s (15% upd)
it 6455/9765 step 13241295 SPS 619 kl 0.0052 rew 2.31 max_stage 6.56 mult 0.389 | collect 1.29s update 0.21s (14% upd)
it 6460/9765 step 13251543 SPS 620 kl 0.0056 rew 2.31 max_stage 6.56 mult 0.338 | collect 1.38s update 0.21s (13% upd)
it 6465/9765 step 13261793 SPS 620 kl 0.0046 rew 2.31 max_stage 6.56 mult 0.554 | collect 1.28s update 0.23s (15% upd)
it 6470/9765 step 13272045 SPS 620 kl 0.0047 rew 2.31 max_stage 6.56 mult 0.481 | collect 1.27s update 0.20s (14% upd)
it 6475/9765 step 13282299 SPS 620 kl 0.0053 rew 2.31 max_stage 6.56 mult 0.401 | collect 1.28s update 0.22s (15% upd)
it 6480/9765 step 13292554 SPS 621 kl 0.0038 rew 2.31 max_stage 6.56 mult 0.501 | collect 1.44s update 0.20s (12% upd)
it 6485/9765 step 13302809 SPS 621 kl 0.0056 rew 2.31 max_stage 6.56 mult 0.446 | collect 1.22s update 0.20s (14% upd)
it 6490/9765 step 13313059 SPS 621 kl 0.0069 rew 2.31 max_stage 6.56 mult 0.581 | collect 1.39s update 0.17s (11% upd)
it 6495/9765 step 13323311 SPS 621 kl 0.0045 rew 2.35 max_stage 6.54 mult 0.420 | collect 1.25s update 0.13s (10% upd)
it 6500/9765 step 13333559 SPS 622 kl 0.0050 rew 2.35 max_stage 6.54 mult 0.547 | collect 1.24s update 0.12s (9% upd)
it 6505/9765 step 13343809 SPS 622 kl 0.0046 rew 2.35 max_stage 6.54 mult 0.570 | collect 1.32s update 0.21s (14% upd)
it 6510/9765 step 13354059 SPS 622 kl 0.0033 rew 2.35 max_stage 6.54 mult 0.450 | collect 1.37s update 0.21s (13% upd)
it 6515/9765 step 13364319 SPS 622 kl 0.0036 rew 2.35 max_stage 6.54 mult 0.450 | collect 1.38s update 0.21s (13% upd)
it 6520/9765 step 13374568 SPS 623 kl 0.0060 rew 2.35 max_stage 6.54 mult 0.469 | collect 1.30s update 0.13s (9% upd)
it 6525/9765 step 13384814 SPS 623 kl 0.0055 rew 2.35 max_stage 6.54 mult 0.407 | collect 1.27s update 0.21s (14% upd)
it 6530/9765 step 13395060 SPS 623 kl 0.0041 rew 2.35 max_stage 6.54 mult 0.530 | collect 1.30s update 0.21s (14% upd)
it 6535/9765 step 13405311 SPS 624 kl 0.0036 rew 2.35 max_stage 6.54 mult 0.460 | collect 1.29s update 0.23s (15% upd)
it 6540/9765 step 13415564 SPS 624 kl 0.0053 rew 2.48 max_stage 6.55 mult 0.400 | collect 1.37s update 0.24s (15% upd)
it 6545/9765 step 13425819 SPS 624 kl 0.0044 rew 2.48 max_stage 6.55 mult 0.520 | collect 1.25s update 0.16s (11% upd)
it 6550/9765 step 13436072 SPS 624 kl 0.0051 rew 2.48 max_stage 6.55 mult 0.452 | collect 1.20s update 0.16s (12% upd)
it 6555/9765 step 13446321 SPS 625 kl 0.0045 rew 2.48 max_stage 6.55 mult 0.392 | collect 1.25s update 0.13s (10% upd)
it 6560/9765 step 13456577 SPS 625 kl 0.0044 rew 2.48 max_stage 6.55 mult 0.510 | collect 1.21s update 0.21s (15% upd)
it 6565/9765 step 13466826 SPS 625 kl 0.0055 rew 2.48 max_stage 6.55 mult 0.532 | collect 1.25s update 0.21s (15% upd)
it 6570/9765 step 13477079 SPS 625 kl 0.0066 rew 2.48 max_stage 6.55 mult 0.554 | collect 1.42s update 0.20s (13% upd)
it 6575/9765 step 13487322 SPS 626 kl 0.0057 rew 2.48 max_stage 6.55 mult 0.401 | collect 1.37s update 0.17s (11% upd)
it 6580/9765 step 13497577 SPS 626 kl 0.0055 rew 2.48 max_stage 6.55 mult 0.417 | collect 1.29s update 0.18s (12% upd)
it 6585/9765 step 13507834 SPS 626 kl 0.0038 rew 2.48 max_stage 6.55 mult 0.307 | collect 1.28s update 0.12s (8% upd)
it 6590/9765 step 13518080 SPS 626 kl 0.0061 rew 2.48 max_stage 6.55 mult 0.480 | collect 1.23s update 0.19s (13% upd)
it 6595/9765 step 13528330 SPS 627 kl 0.0041 rew 2.48 max_stage 6.55 mult 0.416 | collect 1.29s update 0.13s (9% upd)
it 6600/9765 step 13538580 SPS 627 kl 0.0037 rew 2.48 max_stage 6.55 mult 0.362 | collect 1.38s update 0.13s (9% upd)
it 6605/9765 step 13548833 SPS 627 kl 0.0054 rew 2.48 max_stage 6.55 mult 0.482 | collect 1.29s update 0.15s (10% upd)
it 6610/9765 step 13559083 SPS 627 kl 0.0047 rew 2.48 max_stage 6.55 mult 0.349 | collect 1.26s update 0.18s (12% upd)
it 6615/9765 step 13569333 SPS 628 kl 0.0064 rew 2.48 max_stage 6.55 mult 0.545 | collect 1.29s update 0.16s (11% upd)
it 6620/9765 step 13579587 SPS 628 kl 0.0053 rew 2.48 max_stage 6.55 mult 0.315 | collect 1.27s update 0.19s (13% upd)
it 6625/9765 step 13589838 SPS 628 kl 0.0036 rew 2.63 max_stage 6.54 mult 0.485 | collect 1.32s update 0.10s (7% upd)
it 6630/9765 step 13600092 SPS 628 kl 0.0028 rew 2.63 max_stage 6.54 mult 0.467 | collect 1.23s update 0.21s (15% upd)
it 6635/9765 step 13610343 SPS 629 kl 0.0039 rew 2.63 max_stage 6.54 mult 0.486 | collect 1.22s update 0.13s (9% upd)
it 6640/9765 step 13620602 SPS 629 kl 0.0054 rew 2.63 max_stage 6.54 mult 0.352 | collect 1.24s update 0.19s (14% upd)
it 6645/9765 step 13630853 SPS 629 kl 0.0040 rew 2.63 max_stage 6.54 mult 0.313 | collect 1.35s update 0.20s (13% upd)
it 6650/9765 step 13641098 SPS 629 kl 0.0044 rew 2.68 max_stage 6.52 mult 0.489 | collect 1.27s update 0.20s (14% upd)
it 6655/9765 step 13651348 SPS 630 kl 0.0041 rew 2.68 max_stage 6.52 mult 0.637 | collect 1.25s update 0.20s (14% upd)
it 6660/9765 step 13661600 SPS 630 kl 0.0055 rew 2.41 max_stage 6.54 mult 0.460 | collect 1.35s update 0.18s (12% upd)
it 6665/9765 step 13671852 SPS 630 kl 0.0047 rew 2.41 max_stage 6.54 mult 0.600 | collect 1.34s update 0.21s (14% upd)
it 6670/9765 step 13682098 SPS 631 kl 0.0061 rew 2.09 max_stage 6.55 mult 0.416 | collect 1.30s update 0.22s (14% upd)
it 6675/9765 step 13692345 SPS 631 kl 0.0041 rew 2.09 max_stage 6.55 mult 0.395 | collect 1.31s update 0.19s (13% upd)
it 6680/9765 step 13702593 SPS 631 kl 0.0036 rew 2.09 max_stage 6.55 mult 0.514 | collect 1.43s update 0.23s (14% upd)
it 6685/9765 step 13712845 SPS 631 kl 0.0062 rew 2.09 max_stage 6.55 mult 0.446 | collect 1.23s update 0.20s (14% upd)
it 6690/9765 step 13723093 SPS 632 kl 0.0048 rew 2.09 max_stage 6.55 mult 0.387 | collect 1.36s update 0.19s (12% upd)
it 6695/9765 step 13733341 SPS 632 kl 0.0033 rew 2.17 max_stage 6.55 mult 0.504 | collect 1.23s update 0.21s (14% upd)
it 6700/9765 step 13743603 SPS 632 kl 0.0055 rew 2.17 max_stage 6.55 mult 0.438 | collect 1.36s update 0.22s (14% upd)
it 6705/9765 step 13753851 SPS 632 kl 0.0051 rew 1.13 max_stage 6.58 mult 0.398 | collect 1.33s update 0.21s (13% upd)
it 6710/9765 step 13764096 SPS 633 kl 0.0033 rew 1.13 max_stage 6.58 mult 0.519 | collect 1.34s update 0.09s (6% upd)
it 6715/9765 step 13774342 SPS 633 kl 0.0030 rew 1.13 max_stage 6.58 mult 0.400 | collect 1.29s update 0.14s (10% upd)
it 6720/9765 step 13784593 SPS 633 kl 0.0047 rew 1.13 max_stage 6.58 mult 0.347 | collect 1.31s update 0.17s (11% upd)
it 6725/9765 step 13794847 SPS 633 kl 0.0044 rew 1.13 max_stage 6.58 mult 0.452 | collect 1.39s update 0.15s (10% upd)
it 6730/9765 step 13805103 SPS 634 kl 0.0059 rew 1.13 max_stage 6.58 mult 0.471 | collect 1.23s update 0.22s (15% upd)
it 6735/9765 step 13815356 SPS 634 kl 0.0043 rew 1.13 max_stage 6.58 mult 0.409 | collect 1.24s update 0.13s (10% upd)
it 6740/9765 step 13825607 SPS 634 kl 0.0052 rew 1.13 max_stage 6.58 mult 0.532 | collect 1.26s update 0.17s (12% upd)
it 6745/9765 step 13835869 SPS 634 kl 0.0060 rew 1.13 max_stage 6.58 mult 0.404 | collect 1.31s update 0.20s (13% upd)
it 6750/9765 step 13846121 SPS 635 kl 0.0069 rew 1.13 max_stage 6.58 mult 0.631 | collect 1.20s update 0.20s (14% upd)
it 6755/9765 step 13856372 SPS 635 kl 0.0055 rew 1.13 max_stage 6.58 mult 0.456 | collect 1.64s update 0.17s (10% upd)
it 6760/9765 step 13866633 SPS 635 kl 0.0047 rew 1.06 max_stage 6.57 mult 0.713 | collect 1.23s update 0.23s (16% upd)
it 6765/9765 step 13876880 SPS 635 kl 0.0047 rew 1.06 max_stage 6.57 mult 0.516 | collect 1.27s update 0.16s (11% upd)
it 6770/9765 step 13887139 SPS 636 kl 0.0038 rew 1.06 max_stage 6.57 mult 0.373 | collect 1.22s update 0.16s (11% upd)
it 6775/9765 step 13897390 SPS 636 kl 0.0050 rew 1.06 max_stage 6.57 mult 0.466 | collect 1.23s update 0.22s (15% upd)
it 6780/9765 step 13907646 SPS 636 kl 0.0030 rew 1.06 max_stage 6.57 mult 0.490 | collect 1.49s update 0.20s (12% upd)
it 6785/9765 step 13917896 SPS 636 kl 0.0035 rew 1.06 max_stage 6.57 mult 0.491 | collect 1.22s update 0.20s (14% upd)
it 6790/9765 step 13928153 SPS 637 kl 0.0045 rew 1.14 max_stage 6.57 mult 0.640 | collect 1.27s update 0.21s (14% upd)
it 6795/9765 step 13938405 SPS 637 kl 0.0028 rew 1.14 max_stage 6.57 mult 0.463 | collect 1.23s update 0.09s (7% upd)
it 6800/9765 step 13948659 SPS 637 kl 0.0037 rew 1.14 max_stage 6.57 mult 0.411 | collect 1.36s update 0.14s (10% upd)
it 6805/9765 step 13958908 SPS 637 kl 0.0050 rew 1.14 max_stage 6.57 mult 0.643 | collect 1.18s update 0.21s (15% upd)
it 6810/9765 step 13969158 SPS 638 kl 0.0040 rew 1.14 max_stage 6.57 mult 0.372 | collect 1.37s update 0.17s (11% upd)
it 6815/9765 step 13979413 SPS 638 kl 0.0049 rew 1.24 max_stage 6.58 mult 0.331 | collect 1.30s update 0.20s (13% upd)
it 6820/9765 step 13989658 SPS 638 kl 0.0053 rew 1.24 max_stage 6.58 mult 0.517 | collect 1.28s update 0.15s (11% upd)
it 6825/9765 step 13999910 SPS 638 kl 0.0056 rew 1.24 max_stage 6.58 mult 0.449 | collect 1.21s update 0.21s (14% upd)
it 6830/9765 step 14010159 SPS 639 kl 0.0059 rew 1.24 max_stage 6.58 mult 0.585 | collect 1.34s update 0.11s (8% upd)
it 6835/9765 step 14020412 SPS 639 kl 0.0039 rew 1.24 max_stage 6.58 mult 0.333 | collect 1.35s update 0.18s (12% upd)
it 6840/9765 step 14030661 SPS 639 kl 0.0062 rew 1.24 max_stage 6.58 mult 0.521 | collect 1.32s update 0.16s (11% upd)
it 6845/9765 step 14040914 SPS 639 kl 0.0040 rew 1.24 max_stage 6.58 mult 0.377 | collect 1.29s update 0.11s (8% upd)
it 6850/9765 step 14051164 SPS 640 kl 0.0041 rew 1.24 max_stage 6.58 mult 0.490 | collect 1.32s update 0.09s (6% upd)
it 6855/9765 step 14061416 SPS 640 kl 0.0056 rew 1.24 max_stage 6.58 mult 0.511 | collect 1.36s update 0.22s (14% upd)
it 6860/9765 step 14071665 SPS 640 kl 0.0051 rew 1.24 max_stage 6.58 mult 0.532 | collect 1.29s update 0.21s (14% upd)
it 6865/9765 step 14081916 SPS 640 kl 0.0049 rew 1.24 max_stage 6.58 mult 0.462 | collect 1.30s update 0.17s (12% upd)
it 6870/9765 step 14092170 SPS 641 kl 0.0067 rew 1.24 max_stage 6.58 mult 0.601 | collect 1.30s update 0.19s (13% upd)
it 6875/9765 step 14102427 SPS 641 kl 0.0040 rew 1.17 max_stage 6.57 mult 0.435 | collect 1.36s update 0.14s (10% upd)
it 6880/9765 step 14112682 SPS 641 kl 0.0047 rew 1.17 max_stage 6.57 mult 0.378 | collect 1.27s update 0.18s (13% upd)
it 6885/9765 step 14122934 SPS 641 kl 0.0053 rew 1.17 max_stage 6.57 mult 0.492 | collect 1.43s update 0.14s (9% upd)
it 6890/9765 step 14133189 SPS 642 kl 0.0044 rew 1.12 max_stage 6.57 mult 0.640 | collect 1.29s update 0.21s (14% upd)
it 6895/9765 step 14143440 SPS 642 kl 0.0037 rew 1.12 max_stage 6.57 mult 0.370 | collect 1.36s update 0.14s (9% upd)
it 6900/9765 step 14153687 SPS 642 kl 0.0045 rew 1.12 max_stage 6.57 mult 0.511 | collect 1.32s update 0.20s (13% upd)
it 6905/9765 step 14163935 SPS 642 kl 0.0048 rew 1.12 max_stage 6.57 mult 0.665 | collect 1.24s update 0.23s (15% upd)
it 6910/9765 step 14174182 SPS 643 kl 0.0054 rew 1.12 max_stage 6.57 mult 0.385 | collect 1.36s update 0.21s (13% upd)
it 6915/9765 step 14184436 SPS 643 kl 0.0045 rew 1.12 max_stage 6.57 mult 0.501 | collect 1.27s update 0.16s (11% upd)
it 6920/9765 step 14194693 SPS 643 kl 0.0043 rew 1.12 max_stage 6.57 mult 0.653 | collect 1.32s update 0.21s (14% upd)
it 6925/9765 step 14204949 SPS 643 kl 0.0055 rew 0.99 max_stage 6.54 mult 0.453 | collect 1.28s update 0.21s (14% upd)
it 6930/9765 step 14215205 SPS 644 kl 0.0056 rew 0.99 max_stage 6.54 mult 0.590 | collect 1.33s update 0.16s (11% upd)
it 6935/9765 step 14225455 SPS 644 kl 0.0030 rew 0.77 max_stage 6.56 mult 0.517 | collect 1.29s update 0.21s (14% upd)
it 6940/9765 step 14235705 SPS 644 kl 0.0033 rew 0.77 max_stage 6.56 mult 0.539 | collect 1.24s update 0.21s (14% upd)
it 6945/9765 step 14245958 SPS 644 kl 0.0037 rew 0.77 max_stage 6.56 mult 0.561 | collect 1.20s update 0.21s (15% upd)
it 6950/9765 step 14256207 SPS 645 kl 0.0046 rew 0.77 max_stage 6.56 mult 0.585 | collect 1.34s update 0.23s (15% upd)
it 6955/9765 step 14266458 SPS 645 kl 0.0043 rew 0.77 max_stage 6.56 mult 0.507 | collect 1.35s update 0.14s (9% upd)
it 6960/9765 step 14276707 SPS 645 kl 0.0045 rew 0.77 max_stage 6.56 mult 0.661 | collect 1.29s update 0.20s (14% upd)
it 6965/9765 step 14286961 SPS 645 kl 0.0045 rew 0.77 max_stage 6.56 mult 0.478 | collect 1.24s update 0.15s (11% upd)
it 6970/9765 step 14297208 SPS 646 kl 0.0053 rew 0.77 max_stage 6.56 mult 0.498 | collect 1.49s update 0.20s (12% upd)
it 6975/9765 step 14307463 SPS 646 kl 0.0047 rew 0.77 max_stage 6.56 mult 0.432 | collect 1.35s update 0.23s (15% upd)
it 6980/9765 step 14317713 SPS 646 kl 0.0033 rew 0.77 max_stage 6.56 mult 0.563 | collect 1.31s update 0.20s (13% upd)
it 6985/9765 step 14327962 SPS 646 kl 0.0040 rew 0.77 max_stage 6.56 mult 0.407 | collect 1.29s update 0.13s (9% upd)
it 6990/9765 step 14338211 SPS 647 kl 0.0053 rew 0.77 max_stage 6.56 mult 0.530 | collect 1.37s update 0.19s (12% upd)
it 6995/9765 step 14348460 SPS 647 kl 0.0049 rew 0.77 max_stage 6.56 mult 0.383 | collect 1.24s update 0.21s (14% upd)
it 7000/9765 step 14358709 SPS 647 kl 0.0032 rew 0.77 max_stage 6.56 mult 0.599 | collect 1.34s update 0.21s (13% upd)
it 7005/9765 step 14368960 SPS 647 kl 0.0034 rew 0.77 max_stage 6.56 mult 0.433 | collect 1.38s update 0.10s (7% upd)
it 7010/9765 step 14379213 SPS 647 kl 0.0053 rew 0.71 max_stage 6.53 mult 0.564 | collect 1.31s update 0.15s (10% upd)
it 7015/9765 step 14389468 SPS 648 kl 0.0051 rew 0.71 max_stage 6.53 mult 0.490 | collect 1.30s update 0.21s (14% upd)
it 7020/9765 step 14399713 SPS 648 kl 0.0050 rew 0.71 max_stage 6.53 mult 0.638 | collect 1.48s update 0.13s (8% upd)
it 7025/9765 step 14409960 SPS 648 kl 0.0031 rew 0.71 max_stage 6.53 mult 0.554 | collect 1.38s update 0.21s (13% upd)
it 7030/9765 step 14420210 SPS 648 kl 0.0053 rew 0.69 max_stage 6.51 mult 0.481 | collect 1.27s update 0.20s (14% upd)
it 7035/9765 step 14430456 SPS 649 kl 0.0045 rew 0.69 max_stage 6.51 mult 0.417 | collect 1.34s update 0.16s (10% upd)
it 7040/9765 step 14440710 SPS 649 kl 0.0031 rew 0.69 max_stage 6.51 mult 0.543 | collect 1.29s update 0.22s (14% upd)
it 7045/9765 step 14450964 SPS 649 kl 0.0041 rew 0.69 max_stage 6.51 mult 0.566 | collect 1.38s update 0.14s (9% upd)
it 7050/9765 step 14461221 SPS 649 kl 0.0057 rew 0.69 max_stage 6.51 mult 0.409 | collect 1.28s update 0.22s (15% upd)
it 7055/9765 step 14471476 SPS 650 kl 0.0038 rew 0.69 max_stage 6.51 mult 0.533 | collect 1.32s update 0.10s (7% upd)
it 7060/9765 step 14481722 SPS 650 kl 0.0032 rew 0.69 max_stage 6.51 mult 0.463 | collect 1.39s update 0.10s (7% upd)
it 7065/9765 step 14491974 SPS 650 kl 0.0053 rew 0.69 max_stage 6.51 mult 0.723 | collect 1.40s update 0.14s (9% upd)
it 7070/9765 step 14502224 SPS 650 kl 0.0048 rew 0.63 max_stage 6.49 mult 0.523 | collect 1.35s update 0.17s (11% upd)
it 7075/9765 step 14512474 SPS 651 kl 0.0036 rew 0.63 max_stage 6.49 mult 0.681 | collect 1.32s update 0.22s (14% upd)
it 7080/9765 step 14522725 SPS 651 kl 0.0045 rew 0.63 max_stage 6.49 mult 0.887 | collect 1.26s update 0.21s (14% upd)
it 7085/9765 step 14532975 SPS 651 kl 0.0037 rew 0.63 max_stage 6.49 mult 0.641 | collect 1.25s update 0.21s (14% upd)
it 7090/9765 step 14543219 SPS 651 kl 0.0053 rew 0.63 max_stage 6.49 mult 0.464 | collect 1.61s update 0.20s (11% upd)
it 7095/9765 step 14553464 SPS 652 kl 0.0056 rew 0.63 max_stage 6.49 mult 0.483 | collect 1.36s update 0.19s (12% upd)
it 7100/9765 step 14563718 SPS 652 kl 0.0056 rew 0.63 max_stage 6.49 mult 0.549 | collect 1.25s update 0.21s (15% upd)
it 7105/9765 step 14573975 SPS 652 kl 0.0057 rew 0.63 max_stage 6.49 mult 0.477 | collect 1.26s update 0.20s (14% upd)
it 7110/9765 step 14584225 SPS 652 kl 0.0041 rew 0.63 max_stage 6.49 mult 0.621 | collect 1.25s update 0.11s (8% upd)
it 7115/9765 step 14594471 SPS 653 kl 0.0052 rew 0.63 max_stage 6.49 mult 0.449 | collect 1.25s update 0.22s (15% upd)
it 7120/9765 step 14604724 SPS 653 kl 0.0044 rew 0.63 max_stage 6.49 mult 0.701 | collect 1.26s update 0.21s (14% upd)
it 7125/9765 step 14614975 SPS 653 kl 0.0048 rew 0.63 max_stage 6.49 mult 0.731 | collect 1.38s update 0.22s (13% upd)
it 7130/9765 step 14625221 SPS 653 kl 0.0041 rew 0.63 max_stage 6.49 mult 0.634 | collect 1.25s update 0.22s (15% upd)
it 7135/9765 step 14635470 SPS 654 kl 0.0065 rew 0.63 max_stage 6.49 mult 0.551 | collect 1.27s update 0.21s (14% upd)
it 7140/9765 step 14645717 SPS 654 kl 0.0050 rew 0.63 max_stage 6.49 mult 0.573 | collect 1.29s update 0.15s (10% upd)
it 7145/9765 step 14655971 SPS 654 kl 0.0048 rew 0.63 max_stage 6.49 mult 0.498 | collect 1.29s update 0.15s (11% upd)
it 7150/9765 step 14666214 SPS 654 kl 0.0041 rew 0.31 max_stage 6.51 mult 0.648 | collect 1.42s update 0.22s (13% upd)
it 7155/9765 step 14676464 SPS 654 kl 0.0060 rew 0.31 max_stage 6.51 mult 0.563 | collect 1.23s update 0.19s (13% upd)
it 7160/9765 step 14686713 SPS 655 kl 0.0029 rew 0.31 max_stage 6.51 mult 0.407 | collect 1.22s update 0.10s (8% upd)
it 7165/9765 step 14696968 SPS 655 kl 0.0051 rew 0.10 max_stage 6.56 mult 0.469 | collect 1.33s update 0.21s (13% upd)
it 7170/9765 step 14707220 SPS 655 kl 0.0041 rew 0.10 max_stage 6.56 mult 0.732 | collect 1.29s update 0.21s (14% upd)
it 7175/9765 step 14717470 SPS 655 kl 0.0045 rew 0.10 max_stage 6.56 mult 0.636 | collect 1.40s update 0.22s (13% upd)
it 7180/9765 step 14727729 SPS 656 kl 0.0036 rew 0.10 max_stage 6.56 mult 0.566 | collect 1.31s update 0.21s (14% upd)
it 7185/9765 step 14737977 SPS 656 kl 0.0047 rew 0.10 max_stage 6.56 mult 0.737 | collect 1.32s update 0.22s (14% upd)
it 7190/9765 step 14748230 SPS 656 kl 0.0040 rew 0.10 max_stage 6.56 mult 0.533 | collect 1.53s update 0.16s (10% upd)
it 7195/9765 step 14758486 SPS 656 kl 0.0051 rew 0.10 max_stage 6.56 mult 0.463 | collect 1.32s update 0.21s (14% upd)
it 7200/9765 step 14768744 SPS 657 kl 0.0039 rew 0.10 max_stage 6.56 mult 0.603 | collect 1.20s update 0.12s (9% upd)
it 7205/9765 step 14778991 SPS 657 kl 0.0054 rew 0.10 max_stage 6.56 mult 0.628 | collect 1.42s update 0.20s (13% upd)
it 7210/9765 step 14789244 SPS 657 kl 0.0056 rew -0.29 max_stage 6.57 mult 0.654 | collect 1.23s update 0.14s (11% upd)
it 7215/9765 step 14799495 SPS 657 kl 0.0041 rew -0.29 max_stage 6.57 mult 0.852 | collect 1.21s update 0.21s (15% upd)
it 7220/9765 step 14809744 SPS 658 kl 0.0027 rew -0.29 max_stage 6.57 mult 0.616 | collect 1.28s update 0.20s (14% upd)
it 7225/9765 step 14819995 SPS 658 kl 0.0051 rew -0.29 max_stage 6.57 mult 0.642 | collect 1.22s update 0.22s (15% upd)
it 7230/9765 step 14830244 SPS 658 kl 0.0053 rew -0.29 max_stage 6.57 mult 0.557 | collect 1.42s update 0.17s (11% upd)
it 7235/9765 step 14840497 SPS 658 kl 0.0040 rew -0.29 max_stage 6.57 mult 0.725 | collect 1.21s update 0.21s (15% upd)
it 7240/9765 step 14850749 SPS 659 kl 0.0046 rew -0.29 max_stage 6.57 mult 0.694 | collect 1.36s update 0.17s (11% upd)
it 7245/9765 step 14861006 SPS 659 kl 0.0048 rew -0.29 max_stage 6.57 mult 0.502 | collect 1.53s update 0.17s (10% upd)
it 7250/9765 step 14871257 SPS 659 kl 0.0046 rew -0.29 max_stage 6.57 mult 0.436 | collect 1.31s update 0.17s (12% upd)
it 7255/9765 step 14881512 SPS 659 kl 0.0050 rew -0.29 max_stage 6.57 mult 0.607 | collect 1.29s update 0.14s (10% upd)
it 7260/9765 step 14891762 SPS 660 kl 0.0041 rew -0.25 max_stage 6.58 mult 0.948 | collect 1.31s update 0.22s (14% upd)
it 7265/9765 step 14902014 SPS 660 kl 0.0038 rew -0.18 max_stage 6.63 mult 0.686 | collect 1.73s update 0.22s (11% upd)
it 7270/9765 step 14912266 SPS 660 kl 0.0052 rew -0.08 max_stage 6.61 mult 0.496 | collect 1.26s update 0.20s (14% upd)
it 7275/9765 step 14922522 SPS 660 kl 0.0052 rew -0.08 max_stage 6.61 mult 0.646 | collect 1.42s update 0.18s (11% upd)
it 7280/9765 step 14932770 SPS 660 kl 0.0060 rew -0.08 max_stage 6.61 mult 0.491 | collect 1.45s update 0.20s (12% upd)
it 7285/9765 step 14943021 SPS 661 kl 0.0038 rew -0.08 max_stage 6.61 mult 0.639 | collect 1.31s update 0.22s (15% upd)
it 7290/9765 step 14953268 SPS 661 kl 0.0047 rew -0.08 max_stage 6.61 mult 0.462 | collect 1.25s update 0.19s (13% upd)
it 7295/9765 step 14963519 SPS 661 kl 0.0049 rew -0.08 max_stage 6.61 mult 0.740 | collect 1.25s update 0.20s (14% upd)
it 7300/9765 step 14973766 SPS 661 kl 0.0048 rew -0.08 max_stage 6.61 mult 0.535 | collect 1.33s update 0.19s (12% upd)
it 7305/9765 step 14984014 SPS 662 kl 0.0048 rew -0.08 max_stage 6.61 mult 0.397 | collect 1.34s update 0.21s (14% upd)
it 7310/9765 step 14994270 SPS 662 kl 0.0054 rew -0.04 max_stage 6.62 mult 0.620 | collect 1.26s update 0.21s (14% upd)
it 7315/9765 step 15004519 SPS 662 kl 0.0043 rew -0.04 max_stage 6.62 mult 0.807 | collect 1.31s update 0.21s (14% upd)
it 7320/9765 step 15014767 SPS 662 kl 0.0052 rew -0.04 max_stage 6.62 mult 0.467 | collect 1.30s update 0.18s (12% upd)
it 7325/9765 step 15025022 SPS 663 kl 0.0045 rew -0.04 max_stage 6.62 mult 0.730 | collect 1.28s update 0.22s (15% upd)
it 7330/9765 step 15035276 SPS 663 kl 0.0055 rew -0.04 max_stage 6.62 mult 0.634 | collect 1.24s update 0.16s (11% upd)
it 7335/9765 step 15045525 SPS 663 kl 0.0055 rew -0.04 max_stage 6.62 mult 0.458 | collect 1.37s update 0.16s (10% upd)
it 7340/9765 step 15055778 SPS 663 kl 0.0053 rew -0.35 max_stage 6.65 mult 0.573 | collect 1.52s update 0.20s (12% upd)
it 7345/9765 step 15066026 SPS 663 kl 0.0057 rew -0.23 max_stage 6.61 mult 0.755 | collect 1.27s update 0.10s (7% upd)
it 7350/9765 step 15076278 SPS 664 kl 0.0057 rew -0.23 max_stage 6.61 mult 0.656 | collect 1.21s update 0.14s (11% upd)
it 7355/9765 step 15086524 SPS 664 kl 0.0055 rew -0.23 max_stage 6.61 mult 0.569 | collect 1.27s update 0.20s (13% upd)
it 7360/9765 step 15096779 SPS 664 kl 0.0054 rew -0.23 max_stage 6.61 mult 0.494 | collect 1.32s update 0.19s (12% upd)
it 7365/9765 step 15107029 SPS 664 kl 0.0065 rew -0.23 max_stage 6.61 mult 0.772 | collect 1.28s update 0.18s (12% upd)
it 7370/9765 step 15117285 SPS 665 kl 0.0057 rew -0.23 max_stage 6.61 mult 0.558 | collect 1.44s update 0.21s (13% upd)
it 7375/9765 step 15127547 SPS 665 kl 0.0040 rew -0.23 max_stage 6.61 mult 0.727 | collect 1.23s update 0.21s (14% upd)
it 7380/9765 step 15137804 SPS 665 kl 0.0043 rew -0.23 max_stage 6.61 mult 0.631 | collect 1.28s update 0.13s (9% upd)
it 7385/9765 step 15148055 SPS 665 kl 0.0033 rew -0.23 max_stage 6.61 mult 0.457 | collect 1.24s update 0.13s (9% upd)
it 7390/9765 step 15158308 SPS 666 kl 0.0043 rew -0.23 max_stage 6.61 mult 0.595 | collect 1.25s update 0.15s (11% upd)
it 7395/9765 step 15168563 SPS 666 kl 0.0041 rew -0.15 max_stage 6.63 mult 0.774 | collect 1.24s update 0.22s (15% upd)
it 7400/9765 step 15178816 SPS 666 kl 0.0055 rew -0.15 max_stage 6.63 mult 0.560 | collect 1.22s update 0.21s (14% upd)
it 7405/9765 step 15189067 SPS 666 kl 0.0041 rew -0.15 max_stage 6.63 mult 0.729 | collect 1.41s update 0.22s (13% upd)
it 7410/9765 step 15199323 SPS 667 kl 0.0047 rew -0.15 max_stage 6.63 mult 0.633 | collect 1.26s update 0.15s (11% upd)
it 7415/9765 step 15209565 SPS 667 kl 0.0061 rew -0.15 max_stage 6.63 mult 0.549 | collect 1.22s update 0.20s (14% upd)
it 7420/9765 step 15219812 SPS 667 kl 0.0035 rew -0.15 max_stage 6.63 mult 0.715 | collect 1.24s update 0.20s (14% upd)
it 7425/9765 step 15230062 SPS 667 kl 0.0057 rew -0.15 max_stage 6.63 mult 0.621 | collect 1.24s update 0.19s (13% upd)
it 7430/9765 step 15240313 SPS 667 kl 0.0044 rew -0.15 max_stage 6.63 mult 0.809 | collect 1.42s update 0.22s (13% upd)
it 7435/9765 step 15250578 SPS 668 kl 0.0046 rew -0.15 max_stage 6.63 mult 0.702 | collect 1.35s update 0.14s (9% upd)
it 7440/9765 step 15260830 SPS 668 kl 0.0049 rew -0.15 max_stage 6.63 mult 0.609 | collect 1.26s update 0.16s (11% upd)
it 7445/9765 step 15271081 SPS 668 kl 0.0045 rew -0.15 max_stage 6.63 mult 0.441 | collect 1.28s update 0.20s (13% upd)
it 7450/9765 step 15281334 SPS 668 kl 0.0054 rew -0.15 max_stage 6.63 mult 0.574 | collect 1.36s update 0.19s (12% upd)
it 7455/9765 step 15291582 SPS 669 kl 0.0037 rew -0.15 max_stage 6.63 mult 0.949 | collect 1.26s update 0.21s (14% upd)
it 7460/9765 step 15301829 SPS 669 kl 0.0062 rew -0.15 max_stage 6.63 mult 0.824 | collect 1.28s update 0.16s (11% upd)
it 7465/9765 step 15312080 SPS 669 kl 0.0054 rew -0.15 max_stage 6.63 mult 0.596 | collect 1.32s update 0.18s (12% upd)
it 7470/9765 step 15322329 SPS 669 kl 0.0040 rew -0.15 max_stage 6.63 mult 0.776 | collect 1.29s update 0.20s (14% upd)
it 7475/9765 step 15332576 SPS 670 kl 0.0035 rew -0.15 max_stage 6.63 mult 0.674 | collect 1.29s update 0.21s (14% upd)
it 7480/9765 step 15342829 SPS 670 kl 0.0040 rew -0.08 max_stage 6.63 mult 0.585 | collect 1.29s update 0.17s (12% upd)
it 7485/9765 step 15353079 SPS 670 kl 0.0044 rew -0.08 max_stage 6.63 mult 0.914 | collect 1.46s update 0.21s (13% upd)
it 7490/9765 step 15363340 SPS 670 kl 0.0049 rew -0.08 max_stage 6.63 mult 0.793 | collect 1.31s update 0.21s (14% upd)
it 7495/9765 step 15373590 SPS 670 kl 0.0050 rew -0.08 max_stage 6.63 mult 0.574 | collect 1.32s update 0.20s (13% upd)
it 7500/9765 step 15383842 SPS 671 kl 0.0042 rew -0.08 max_stage 6.63 mult 0.747 | collect 1.23s update 0.20s (14% upd)
it 7505/9765 step 15394087 SPS 671 kl 0.0052 rew -0.08 max_stage 6.63 mult 0.649 | collect 1.43s update 0.13s (8% upd)
it 7510/9765 step 15404341 SPS 671 kl 0.0033 rew 0.19 max_stage 6.62 mult 0.649 | collect 1.36s update 0.20s (13% upd)
it 7515/9765 step 15414587 SPS 671 kl 0.0055 rew 0.06 max_stage 6.62 mult 0.563 | collect 1.32s update 0.20s (13% upd)
it 7520/9765 step 15424832 SPS 672 kl 0.0058 rew 0.06 max_stage 6.62 mult 0.734 | collect 1.24s update 0.20s (14% upd)
it 7525/9765 step 15435084 SPS 672 kl 0.0032 rew 0.06 max_stage 6.62 mult 0.531 | collect 1.29s update 0.15s (10% upd)
it 7530/9765 step 15445337 SPS 672 kl 0.0057 rew 0.06 max_stage 6.62 mult 0.545 | collect 1.39s update 0.21s (13% upd)
it 7535/9765 step 15455584 SPS 672 kl 0.0036 rew 0.06 max_stage 6.62 mult 0.710 | collect 1.34s update 0.21s (14% upd)
it 7540/9765 step 15465837 SPS 672 kl 0.0043 rew 0.06 max_stage 6.62 mult 0.579 | collect 1.26s update 0.16s (11% upd)
it 7545/9765 step 15476093 SPS 673 kl 0.0036 rew 0.06 max_stage 6.62 mult 0.754 | collect 1.36s update 0.21s (13% upd)
it 7550/9765 step 15486342 SPS 673 kl 0.0050 rew 0.06 max_stage 6.62 mult 0.981 | collect 1.32s update 0.21s (14% upd)
it 7555/9765 step 15496587 SPS 673 kl 0.0047 rew 0.06 max_stage 6.62 mult 0.710 | collect 1.29s update 0.13s (9% upd)
it 7560/9765 step 15506834 SPS 673 kl 0.0040 rew 0.06 max_stage 6.62 mult 0.513 | collect 1.39s update 0.14s (9% upd)
it 7565/9765 step 15517085 SPS 674 kl 0.0059 rew 0.06 max_stage 6.62 mult 0.669 | collect 1.26s update 0.19s (13% upd)
it 7570/9765 step 15527334 SPS 674 kl 0.0041 rew 0.06 max_stage 6.62 mult 0.868 | collect 1.32s update 0.23s (15% upd)
it 7575/9765 step 15537590 SPS 674 kl 0.0031 rew 0.06 max_stage 6.62 mult 0.668 | collect 1.40s update 0.22s (14% upd)
it 7580/9765 step 15547848 SPS 674 kl 0.0044 rew 0.06 max_stage 6.62 mult 0.580 | collect 1.24s update 0.16s (11% upd)
it 7585/9765 step 15558102 SPS 674 kl 0.0044 rew 0.06 max_stage 6.62 mult 0.906 | collect 1.32s update 0.21s (14% upd)
it 7590/9765 step 15568354 SPS 675 kl 0.0034 rew 0.06 max_stage 6.62 mult 0.449 | collect 1.36s update 0.15s (10% upd)
it 7595/9765 step 15578601 SPS 675 kl 0.0051 rew -0.19 max_stage 6.65 mult 0.584 | collect 1.30s update 0.15s (10% upd)
it 7600/9765 step 15588846 SPS 675 kl 0.0048 rew -0.19 max_stage 6.65 mult 0.761 | collect 1.37s update 0.12s (8% upd)
it 7605/9765 step 15599095 SPS 675 kl 0.0048 rew -0.19 max_stage 6.65 mult 0.660 | collect 1.27s update 0.14s (10% upd)
it 7610/9765 step 15609347 SPS 676 kl 0.0051 rew -0.19 max_stage 6.65 mult 0.679 | collect 1.50s update 0.22s (13% upd)
it 7615/9765 step 15619594 SPS 676 kl 0.0038 rew 0.03 max_stage 6.63 mult 0.491 | collect 1.35s update 0.14s (9% upd)
it 7620/9765 step 15629842 SPS 676 kl 0.0051 rew 0.03 max_stage 6.63 mult 0.639 | collect 1.28s update 0.16s (11% upd)
it 7625/9765 step 15640094 SPS 676 kl 0.0061 rew 0.03 max_stage 6.63 mult 0.832 | collect 1.34s update 0.16s (10% upd)
it 7630/9765 step 15650351 SPS 677 kl 0.0050 rew 0.03 max_stage 6.63 mult 1.000 | collect 1.33s update 0.21s (14% upd)
it 7635/9765 step 15660596 SPS 677 kl 0.0055 rew 0.03 max_stage 6.63 mult 0.833 | collect 1.27s update 0.12s (9% upd)
it 7640/9765 step 15670852 SPS 677 kl 0.0031 rew 0.03 max_stage 6.63 mult 0.603 | collect 1.32s update 0.11s (8% upd)
it 7645/9765 step 15681102 SPS 677 kl 0.0052 rew 0.03 max_stage 6.63 mult 0.523 | collect 1.34s update 0.22s (14% upd)
it 7650/9765 step 15691356 SPS 677 kl 0.0050 rew 0.03 max_stage 6.63 mult 0.681 | collect 1.28s update 0.14s (10% upd)
it 7655/9765 step 15701603 SPS 678 kl 0.0038 rew 0.03 max_stage 6.63 mult 0.833 | collect 1.34s update 0.12s (8% upd)
it 7660/9765 step 15711848 SPS 678 kl 0.0050 rew 0.03 max_stage 6.63 mult 0.603 | collect 1.26s update 0.21s (14% upd)
it 7665/9765 step 15722097 SPS 678 kl 0.0045 rew 0.03 max_stage 6.63 mult 0.523 | collect 1.27s update 0.14s (10% upd)
it 7670/9765 step 15732344 SPS 678 kl 0.0051 rew 0.03 max_stage 6.63 mult 0.872 | collect 1.28s update 0.20s (14% upd)
it 7675/9765 step 15742596 SPS 679 kl 0.0048 rew 0.03 max_stage 6.63 mult 0.631 | collect 1.31s update 0.20s (13% upd)
it 7680/9765 step 15752848 SPS 679 kl 0.0047 rew 0.03 max_stage 6.63 mult 0.821 | collect 1.28s update 0.12s (9% upd)
it 7685/9765 step 15763099 SPS 679 kl 0.0048 rew 0.18 max_stage 6.65 mult 0.475 | collect 1.54s update 0.21s (12% upd)
it 7690/9765 step 15773346 SPS 679 kl 0.0053 rew 0.18 max_stage 6.65 mult 0.743 | collect 1.21s update 0.16s (11% upd)
it 7695/9765 step 15783599 SPS 679 kl 0.0052 rew 0.18 max_stage 6.65 mult 0.579 | collect 1.23s update 0.17s (12% upd)
it 7700/9765 step 15793853 SPS 680 kl 0.0046 rew 0.18 max_stage 6.65 mult 0.754 | collect 1.33s update 0.15s (10% upd)
it 7705/9765 step 15804104 SPS 680 kl 0.0043 rew 0.18 max_stage 6.65 mult 0.981 | collect 1.25s update 0.22s (15% upd)
it 7710/9765 step 15814359 SPS 680 kl 0.0063 rew 0.18 max_stage 6.65 mult 0.833 | collect 1.30s update 0.21s (14% upd)
it 7715/9765 step 15824607 SPS 680 kl 0.0041 rew 0.18 max_stage 6.65 mult 0.482 | collect 1.31s update 0.19s (13% upd)
it 7720/9765 step 15834854 SPS 681 kl 0.0045 rew 0.18 max_stage 6.65 mult 0.628 | collect 1.52s update 0.13s (8% upd)
it 7725/9765 step 15845099 SPS 681 kl 0.0041 rew 0.13 max_stage 6.64 mult 0.818 | collect 1.24s update 0.07s (5% upd)
it 7730/9765 step 15855347 SPS 681 kl 0.0027 rew 0.13 max_stage 6.64 mult 0.591 | collect 1.32s update 0.11s (8% upd)
it 7735/9765 step 15865594 SPS 681 kl 0.0053 rew 0.13 max_stage 6.64 mult 0.694 | collect 1.26s update 0.18s (13% upd)
it 7740/9765 step 15875843 SPS 681 kl 0.0043 rew 0.13 max_stage 6.64 mult 0.868 | collect 1.26s update 0.21s (14% upd)
it 7745/9765 step 15886102 SPS 682 kl 0.0052 rew 0.13 max_stage 6.64 mult 0.754 | collect 1.37s update 0.22s (14% upd)
it 7750/9765 step 15896348 SPS 682 kl 0.0049 rew 0.13 max_stage 6.64 mult 0.833 | collect 1.30s update 0.09s (6% upd)
it 7755/9765 step 15906595 SPS 682 kl 0.0061 rew 0.13 max_stage 6.64 mult 0.723 | collect 1.23s update 0.17s (12% upd)
it 7760/9765 step 15916843 SPS 682 kl 0.0064 rew 0.13 max_stage 6.64 mult 0.833 | collect 1.34s update 0.19s (12% upd)
it 7765/9765 step 15927095 SPS 683 kl 0.0064 rew 0.13 max_stage 6.64 mult 0.833 | collect 1.35s update 0.21s (13% upd)
it 7770/9765 step 15937342 SPS 683 kl 0.0066 rew 0.13 max_stage 6.64 mult 0.723 | collect 1.42s update 0.19s (12% upd)
it 7775/9765 step 15947585 SPS 683 kl 0.0047 rew 0.13 max_stage 6.64 mult 0.628 | collect 1.36s update 0.19s (12% upd)
it 7780/9765 step 15957839 SPS 683 kl 0.0064 rew -0.01 max_stage 6.62 mult 0.818 | collect 1.32s update 0.18s (12% upd)
it 7785/9765 step 15968091 SPS 683 kl 0.0054 rew -0.01 max_stage 6.62 mult 0.591 | collect 1.27s update 0.17s (12% upd)
it 7790/9765 step 15978344 SPS 684 kl 0.0053 rew -0.01 max_stage 6.62 mult 0.771 | collect 1.31s update 0.14s (10% upd)
it 7795/9765 step 15988598 SPS 684 kl 0.0036 rew -0.01 max_stage 6.62 mult 0.669 | collect 1.35s update 0.09s (6% upd)
it 7800/9765 step 15998850 SPS 684 kl 0.0032 rew -0.05 max_stage 6.61 mult 0.517 | collect 1.39s update 0.17s (11% upd)
it 7805/9765 step 16009103 SPS 684 kl 0.0039 rew -0.05 max_stage 6.61 mult 0.969 | collect 1.37s update 0.22s (14% upd)
it 7810/9765 step 16019355 SPS 684 kl 0.0032 rew -0.07 max_stage 6.59 mult 0.841 | collect 1.29s update 0.22s (15% upd)
it 7815/9765 step 16029606 SPS 685 kl 0.0061 rew -0.07 max_stage 6.59 mult 0.701 | collect 1.32s update 0.22s (14% upd)
it 7820/9765 step 16039850 SPS 685 kl 0.0028 rew -0.87 max_stage 6.58 mult 0.502 | collect 1.34s update 0.09s (6% upd)
it 7825/9765 step 16050093 SPS 685 kl 0.0052 rew -0.62 max_stage 6.54 mult 0.694 | collect 1.22s update 0.23s (16% upd)
it 7830/9765 step 16060347 SPS 685 kl 0.0057 rew -0.62 max_stage 6.54 mult 0.833 | collect 1.34s update 0.14s (10% upd)
it 7835/9765 step 16070597 SPS 686 kl 0.0042 rew -0.55 max_stage 6.54 mult 1.000 | collect 1.30s update 0.22s (14% upd)
it 7840/9765 step 16080845 SPS 686 kl 0.0043 rew -0.55 max_stage 6.54 mult 1.000 | collect 1.27s update 0.21s (14% upd)
it 7845/9765 step 16091092 SPS 686 kl 0.0064 rew -0.55 max_stage 6.54 mult 0.868 | collect 1.22s update 0.20s (14% upd)
it 7850/9765 step 16101345 SPS 686 kl 0.0057 rew -0.55 max_stage 6.54 mult 0.603 | collect 1.33s update 0.21s (14% upd)
it 7855/9765 step 16111598 SPS 686 kl 0.0048 rew -0.55 max_stage 6.54 mult 0.833 | collect 1.22s update 0.14s (10% upd)
it 7860/9765 step 16121853 SPS 687 kl 0.0049 rew -0.55 max_stage 6.54 mult 0.833 | collect 1.29s update 0.12s (8% upd)
it 7865/9765 step 16132109 SPS 687 kl 0.0033 rew -0.55 max_stage 6.54 mult 0.514 | collect 1.26s update 0.16s (11% upd)
it 7870/9765 step 16142361 SPS 687 kl 0.0039 rew -0.55 max_stage 6.54 mult 0.694 | collect 1.32s update 0.11s (8% upd)
it 7875/9765 step 16152612 SPS 687 kl 0.0034 rew -0.66 max_stage 6.52 mult 0.904 | collect 1.37s update 0.22s (14% upd)
it 7880/9765 step 16162859 SPS 688 kl 0.0046 rew -0.66 max_stage 6.52 mult 1.000 | collect 1.28s update 0.22s (15% upd)
it 7885/9765 step 16173114 SPS 688 kl 0.0049 rew -0.66 max_stage 6.52 mult 0.833 | collect 1.32s update 0.13s (9% upd)
it 7890/9765 step 16183367 SPS 688 kl 0.0055 rew -0.66 max_stage 6.52 mult 0.694 | collect 1.40s update 0.19s (12% upd)
it 7895/9765 step 16193616 SPS 688 kl 0.0042 rew -0.66 max_stage 6.52 mult 1.000 | collect 1.20s update 0.21s (15% upd)
it 7900/9765 step 16203865 SPS 688 kl 0.0051 rew -0.66 max_stage 6.52 mult 0.833 | collect 1.39s update 0.22s (14% upd)
it 7905/9765 step 16214117 SPS 689 kl 0.0042 rew -0.66 max_stage 6.52 mult 0.655 | collect 1.39s update 0.13s (8% upd)
it 7910/9765 step 16224369 SPS 689 kl 0.0051 rew -0.66 max_stage 6.52 mult 0.833 | collect 1.26s update 0.16s (11% upd)
it 7915/9765 step 16234622 SPS 689 kl 0.0049 rew -0.72 max_stage 6.50 mult 1.000 | collect 1.20s update 0.22s (15% upd)
it 7920/9765 step 16244879 SPS 689 kl 0.0058 rew -0.72 max_stage 6.50 mult 0.868 | collect 1.35s update 0.21s (14% upd)
it 7925/9765 step 16255132 SPS 690 kl 0.0052 rew -0.72 max_stage 6.50 mult 0.833 | collect 1.25s update 0.20s (14% upd)
it 7930/9765 step 16265382 SPS 690 kl 0.0053 rew -0.72 max_stage 6.50 mult 0.833 | collect 1.25s update 0.18s (13% upd)
it 7935/9765 step 16275637 SPS 690 kl 0.0056 rew -0.72 max_stage 6.50 mult 0.694 | collect 1.29s update 0.20s (13% upd)
it 7940/9765 step 16285891 SPS 690 kl 0.0037 rew -0.72 max_stage 6.49 mult 0.904 | collect 1.32s update 0.21s (14% upd)
it 7945/9765 step 16296147 SPS 690 kl 0.0052 rew -0.72 max_stage 6.49 mult 0.833 | collect 1.37s update 0.21s (13% upd)
it 7950/9765 step 16306394 SPS 691 kl 0.0033 rew -0.72 max_stage 6.49 mult 0.833 | collect 1.36s update 0.10s (7% upd)
it 7955/9765 step 16316645 SPS 691 kl 0.0045 rew -0.72 max_stage 6.49 mult 0.603 | collect 1.37s update 0.19s (12% upd)
it 7960/9765 step 16326895 SPS 691 kl 0.0043 rew -0.72 max_stage 6.49 mult 0.694 | collect 1.33s update 0.18s (12% upd)
it 7965/9765 step 16337145 SPS 691 kl 0.0038 rew -0.71 max_stage 6.48 mult 0.868 | collect 1.22s update 0.21s (14% upd)
it 7970/9765 step 16347399 SPS 691 kl 0.0061 rew -0.71 max_stage 6.48 mult 0.754 | collect 1.20s update 0.20s (15% upd)
it 7975/9765 step 16357647 SPS 692 kl 0.0053 rew -0.71 max_stage 6.48 mult 0.694 | collect 1.32s update 0.20s (13% upd)
it 7980/9765 step 16367892 SPS 692 kl 0.0046 rew -0.71 max_stage 6.48 mult 0.833 | collect 1.38s update 0.12s (8% upd)
it 7985/9765 step 16378147 SPS 692 kl 0.0038 rew -0.71 max_stage 6.48 mult 1.000 | collect 1.22s update 0.22s (15% upd)
it 7990/9765 step 16388397 SPS 692 kl 0.0030 rew -0.71 max_stage 6.48 mult 0.694 | collect 1.23s update 0.13s (10% upd)
it 7995/9765 step 16398644 SPS 693 kl 0.0046 rew -0.71 max_stage 6.48 mult 0.694 | collect 1.40s update 0.16s (10% upd)
it 8000/9765 step 16408902 SPS 693 kl 0.0034 rew -0.71 max_stage 6.48 mult 0.833 | collect 1.20s update 0.10s (8% upd)
it 8005/9765 step 16419158 SPS 693 kl 0.0041 rew -0.71 max_stage 6.48 mult 1.000 | collect 1.29s update 0.22s (15% upd)
it 8010/9765 step 16429409 SPS 693 kl 0.0038 rew -0.71 max_stage 6.48 mult 0.694 | collect 1.32s update 0.14s (10% upd)
it 8015/9765 step 16439657 SPS 693 kl 0.0057 rew -0.71 max_stage 6.48 mult 0.833 | collect 1.23s update 0.18s (13% upd)
it 8020/9765 step 16449907 SPS 694 kl 0.0040 rew -0.71 max_stage 6.48 mult 1.000 | collect 1.34s update 0.20s (13% upd)
it 8025/9765 step 16460157 SPS 694 kl 0.0041 rew -0.90 max_stage 6.48 mult 0.833 | collect 1.22s update 0.12s (9% upd)
it 8030/9765 step 16470409 SPS 694 kl 0.0040 rew -0.90 max_stage 6.48 mult 1.000 | collect 1.44s update 0.21s (13% upd)
it 8035/9765 step 16480661 SPS 694 kl 0.0051 rew -0.90 max_stage 6.48 mult 0.833 | collect 1.28s update 0.16s (11% upd)
it 8040/9765 step 16490913 SPS 695 kl 0.0048 rew -0.90 max_stage 6.48 mult 1.000 | collect 1.33s update 0.22s (14% upd)
it 8045/9765 step 16501165 SPS 695 kl 0.0060 rew -0.90 max_stage 6.48 mult 0.833 | collect 1.23s update 0.19s (14% upd)
it 8050/9765 step 16511414 SPS 695 kl 0.0035 rew -0.59 max_stage 6.46 mult 0.694 | collect 1.21s update 0.14s (11% upd)
it 8055/9765 step 16521663 SPS 695 kl 0.0037 rew -0.59 max_stage 6.46 mult 1.000 | collect 1.30s update 0.22s (15% upd)
it 8060/9765 step 16531918 SPS 695 kl 0.0040 rew -0.59 max_stage 6.46 mult 1.000 | collect 1.28s update 0.21s (14% upd)
it 8065/9765 step 16542170 SPS 696 kl 0.0056 rew -0.59 max_stage 6.46 mult 0.833 | collect 1.31s update 0.19s (13% upd)
it 8070/9765 step 16552425 SPS 696 kl 0.0047 rew -0.59 max_stage 6.46 mult 0.694 | collect 1.22s update 0.20s (14% upd)
it 8075/9765 step 16562677 SPS 696 kl 0.0048 rew -0.59 max_stage 6.46 mult 0.833 | collect 1.25s update 0.15s (10% upd)
it 8080/9765 step 16572929 SPS 696 kl 0.0027 rew -0.59 max_stage 6.46 mult 0.694 | collect 1.32s update 0.09s (7% upd)
it 8085/9765 step 16583186 SPS 696 kl 0.0052 rew -0.59 max_stage 6.46 mult 0.833 | collect 1.25s update 0.19s (13% upd)
it 8090/9765 step 16593439 SPS 697 kl 0.0052 rew -0.59 max_stage 6.46 mult 1.000 | collect 1.35s update 0.21s (13% upd)
it 8095/9765 step 16603692 SPS 697 kl 0.0040 rew -0.59 max_stage 6.46 mult 1.000 | collect 1.32s update 0.25s (16% upd)
it 8100/9765 step 16613951 SPS 697 kl 0.0047 rew -0.59 max_stage 6.46 mult 1.000 | collect 1.32s update 0.22s (14% upd)
it 8105/9765 step 16624199 SPS 697 kl 0.0053 rew -0.59 max_stage 6.46 mult 0.694 | collect 1.32s update 0.23s (15% upd)
it 8110/9765 step 16634452 SPS 698 kl 0.0042 rew -0.59 max_stage 6.46 mult 1.000 | collect 1.34s update 0.20s (13% upd)
it 8115/9765 step 16644707 SPS 698 kl 0.0050 rew -0.59 max_stage 6.46 mult 0.833 | collect 1.29s update 0.19s (13% upd)
it 8120/9765 step 16654962 SPS 698 kl 0.0044 rew -0.59 max_stage 6.46 mult 1.000 | collect 1.23s update 0.20s (14% upd)
it 8125/9765 step 16665215 SPS 698 kl 0.0034 rew -0.59 max_stage 6.46 mult 0.595 | collect 1.31s update 0.18s (12% upd)
it 8130/9765 step 16675462 SPS 698 kl 0.0048 rew -0.59 max_stage 6.46 mult 0.744 | collect 1.38s update 0.22s (14% upd)
it 8135/9765 step 16685711 SPS 699 kl 0.0043 rew -0.59 max_stage 6.46 mult 0.747 | collect 1.41s update 0.22s (14% upd)
it 8140/9765 step 16695960 SPS 699 kl 0.0051 rew -0.57 max_stage 6.46 mult 0.694 | collect 1.19s update 0.19s (13% upd)
it 8145/9765 step 16706207 SPS 699 kl 0.0040 rew -0.57 max_stage 6.46 mult 1.000 | collect 1.37s update 0.22s (14% upd)
it 8150/9765 step 16716454 SPS 699 kl 0.0048 rew -1.27 max_stage 6.47 mult 0.833 | collect 1.31s update 0.17s (12% upd)
it 8155/9765 step 16726706 SPS 699 kl 0.0047 rew -1.27 max_stage 6.47 mult 1.000 | collect 1.42s update 0.20s (12% upd)
it 8160/9765 step 16736958 SPS 700 kl 0.0036 rew -1.27 max_stage 6.47 mult 0.911 | collect 1.28s update 0.22s (15% upd)
it 8165/9765 step 16747208 SPS 700 kl 0.0037 rew -1.27 max_stage 6.47 mult 0.791 | collect 1.25s update 0.15s (11% upd)
it 8170/9765 step 16757454 SPS 700 kl 0.0029 rew -0.92 max_stage 6.45 mult 0.694 | collect 1.23s update 0.08s (6% upd)
it 8175/9765 step 16767703 SPS 700 kl 0.0041 rew -0.92 max_stage 6.45 mult 1.000 | collect 1.36s update 0.21s (13% upd)
it 8180/9765 step 16777946 SPS 700 kl 0.0040 rew -0.92 max_stage 6.45 mult 0.833 | collect 1.24s update 0.16s (12% upd)
it 8185/9765 step 16788205 SPS 701 kl 0.0038 rew -0.99 max_stage 6.43 mult 1.000 | collect 1.27s update 0.23s (15% upd)
it 8190/9765 step 16798449 SPS 701 kl 0.0057 rew -0.99 max_stage 6.43 mult 0.833 | collect 1.30s update 0.21s (14% upd)
it 8195/9765 step 16808696 SPS 701 kl 0.0047 rew -0.99 max_stage 6.43 mult 0.694 | collect 1.30s update 0.19s (13% upd)
it 8200/9765 step 16818948 SPS 701 kl 0.0045 rew -0.99 max_stage 6.43 mult 0.624 | collect 1.25s update 0.16s (11% upd)
it 8205/9765 step 16829202 SPS 702 kl 0.0046 rew -0.99 max_stage 6.43 mult 1.000 | collect 1.25s update 0.22s (15% upd)
it 8210/9765 step 16839457 SPS 702 kl 0.0045 rew -0.99 max_stage 6.43 mult 1.000 | collect 1.43s update 0.22s (13% upd)
it 8215/9765 step 16849714 SPS 702 kl 0.0057 rew -0.99 max_stage 6.43 mult 0.833 | collect 1.43s update 0.19s (12% upd)
it 8220/9765 step 16859963 SPS 702 kl 0.0054 rew -1.15 max_stage 6.46 mult 0.833 | collect 1.20s update 0.20s (14% upd)
it 8225/9765 step 16870221 SPS 702 kl 0.0051 rew -1.15 max_stage 6.46 mult 0.833 | collect 1.17s update 0.16s (12% upd)
it 8230/9765 step 16880471 SPS 703 kl 0.0039 rew -1.15 max_stage 6.46 mult 1.000 | collect 1.34s update 0.23s (14% upd)
it 8235/9765 step 16890720 SPS 703 kl 0.0040 rew -1.15 max_stage 6.46 mult 0.833 | collect 1.20s update 0.16s (12% upd)
it 8240/9765 step 16900968 SPS 703 kl 0.0035 rew -1.15 max_stage 6.46 mult 1.000 | collect 1.21s update 0.22s (15% upd)
it 8245/9765 step 16911222 SPS 703 kl 0.0053 rew -1.15 max_stage 6.46 mult 0.833 | collect 1.30s update 0.22s (14% upd)
it 8250/9765 step 16921476 SPS 703 kl 0.0025 rew -1.15 max_stage 6.46 mult 0.644 | collect 1.24s update 0.10s (8% upd)
it 8255/9765 step 16931727 SPS 704 kl 0.0048 rew -1.15 max_stage 6.46 mult 0.694 | collect 1.36s update 0.20s (13% upd)
it 8260/9765 step 16941977 SPS 704 kl 0.0039 rew -1.15 max_stage 6.46 mult 0.648 | collect 1.29s update 0.15s (10% upd)
it 8265/9765 step 16952232 SPS 704 kl 0.0037 rew -1.15 max_stage 6.46 mult 0.676 | collect 1.22s update 0.15s (11% upd)
it 8270/9765 step 16962482 SPS 704 kl 0.0043 rew -1.15 max_stage 6.46 mult 1.000 | collect 1.24s update 0.20s (14% upd)
it 8275/9765 step 16972728 SPS 704 kl 0.0039 rew -1.15 max_stage 6.46 mult 1.000 | collect 1.29s update 0.22s (14% upd)
it 8280/9765 step 16982981 SPS 705 kl 0.0045 rew -1.15 max_stage 6.46 mult 1.000 | collect 1.30s update 0.23s (15% upd)
it 8285/9765 step 16993231 SPS 705 kl 0.0031 rew -1.15 max_stage 6.46 mult 0.694 | collect 1.35s update 0.18s (12% upd)
it 8290/9765 step 17003474 SPS 705 kl 0.0051 rew -0.78 max_stage 6.42 mult 0.833 | collect 1.57s update 0.17s (10% upd)
it 8295/9765 step 17013723 SPS 705 kl 0.0052 rew -0.78 max_stage 6.42 mult 0.833 | collect 1.23s update 0.20s (14% upd)
it 8300/9765 step 17023970 SPS 705 kl 0.0049 rew -0.78 max_stage 6.42 mult 1.000 | collect 1.18s update 0.21s (15% upd)
it 8305/9765 step 17034228 SPS 706 kl 0.0036 rew -0.78 max_stage 6.42 mult 0.833 | collect 1.25s update 0.14s (10% upd)
it 8310/9765 step 17044479 SPS 706 kl 0.0028 rew -0.78 max_stage 6.42 mult 1.000 | collect 1.26s update 0.22s (15% upd)
it 8315/9765 step 17054732 SPS 706 kl 0.0047 rew -0.78 max_stage 6.42 mult 1.000 | collect 1.20s update 0.21s (15% upd)
it 8320/9765 step 17064986 SPS 706 kl 0.0048 rew -0.78 max_stage 6.42 mult 1.000 | collect 1.41s update 0.25s (15% upd)
it 8325/9765 step 17075237 SPS 707 kl 0.0049 rew -0.78 max_stage 6.42 mult 1.000 | collect 1.38s update 0.22s (14% upd)
it 8330/9765 step 17085494 SPS 707 kl 0.0025 rew -0.95 max_stage 6.45 mult 1.000 | collect 1.49s update 0.21s (12% upd)
it 8335/9765 step 17095746 SPS 707 kl 0.0047 rew -0.95 max_stage 6.45 mult 1.000 | collect 1.31s update 0.22s (14% upd)
it 8340/9765 step 17105988 SPS 707 kl 0.0036 rew -0.95 max_stage 6.45 mult 1.000 | collect 1.28s update 0.23s (15% upd)
it 8345/9765 step 17116237 SPS 707 kl 0.0043 rew -0.95 max_stage 6.45 mult 0.833 | collect 1.30s update 0.17s (12% upd)
it 8350/9765 step 17126498 SPS 708 kl 0.0029 rew -0.95 max_stage 6.45 mult 1.000 | collect 1.32s update 0.21s (14% upd)
it 8355/9765 step 17136747 SPS 708 kl 0.0039 rew -0.55 max_stage 6.43 mult 1.000 | collect 1.27s update 0.20s (14% upd)
it 8360/9765 step 17147002 SPS 708 kl 0.0044 rew -0.55 max_stage 6.43 mult 1.000 | collect 1.23s update 0.20s (14% upd)
it 8365/9765 step 17157253 SPS 708 kl 0.0047 rew -0.55 max_stage 6.43 mult 0.697 | collect 1.42s update 0.20s (12% upd)
it 8370/9765 step 17167502 SPS 708 kl 0.0043 rew -0.53 max_stage 6.45 mult 1.000 | collect 1.27s update 0.23s (15% upd)
it 8375/9765 step 17177750 SPS 709 kl 0.0049 rew -0.53 max_stage 6.45 mult 1.000 | collect 1.29s update 0.20s (14% upd)
it 8380/9765 step 17188003 SPS 709 kl 0.0056 rew -0.53 max_stage 6.45 mult 0.833 | collect 1.37s update 0.21s (13% upd)
it 8385/9765 step 17198252 SPS 709 kl 0.0040 rew -0.53 max_stage 6.45 mult 1.000 | collect 1.23s update 0.23s (16% upd)
it 8390/9765 step 17208504 SPS 709 kl 0.0043 rew -0.53 max_stage 6.45 mult 1.000 | collect 1.21s update 0.22s (15% upd)
it 8395/9765 step 17218757 SPS 709 kl 0.0039 rew -0.53 max_stage 6.45 mult 1.000 | collect 1.36s update 0.20s (13% upd)
it 8400/9765 step 17229008 SPS 710 kl 0.0037 rew -0.53 max_stage 6.45 mult 1.000 | collect 1.32s update 0.21s (14% upd)
it 8405/9765 step 17239257 SPS 710 kl 0.0029 rew -0.53 max_stage 6.45 mult 1.000 | collect 1.23s update 0.23s (16% upd)
it 8410/9765 step 17249509 SPS 710 kl 0.0034 rew -0.53 max_stage 6.45 mult 1.000 | collect 1.19s update 0.23s (16% upd)
it 8415/9765 step 17259761 SPS 710 kl 0.0036 rew -0.53 max_stage 6.45 mult 1.000 | collect 1.22s update 0.22s (15% upd)
it 8420/9765 step 17270015 SPS 710 kl 0.0036 rew -0.65 max_stage 6.42 mult 1.000 | collect 1.23s update 0.22s (15% upd)
it 8425/9765 step 17280271 SPS 711 kl 0.0042 rew -0.65 max_stage 6.42 mult 0.833 | collect 1.18s update 0.19s (14% upd)
it 8430/9765 step 17290524 SPS 711 kl 0.0040 rew -0.65 max_stage 6.42 mult 0.731 | collect 1.27s update 0.21s (14% upd)
it 8435/9765 step 17300777 SPS 711 kl 0.0038 rew -0.65 max_stage 6.42 mult 1.000 | collect 1.37s update 0.22s (14% upd)
it 8440/9765 step 17311029 SPS 711 kl 0.0048 rew -0.65 max_stage 6.42 mult 1.000 | collect 1.24s update 0.20s (14% upd)
it 8445/9765 step 17321277 SPS 711 kl 0.0033 rew -0.65 max_stage 6.42 mult 1.000 | collect 1.39s update 0.24s (15% upd)
it 8450/9765 step 17331525 SPS 712 kl 0.0040 rew -0.87 max_stage 6.43 mult 1.000 | collect 1.54s update 0.26s (15% upd)
it 8455/9765 step 17341776 SPS 712 kl 0.0030 rew -0.87 max_stage 6.43 mult 1.000 | collect 1.35s update 0.21s (13% upd)
it 8460/9765 step 17352022 SPS 712 kl 0.0033 rew -0.87 max_stage 6.43 mult 1.000 | collect 1.29s update 0.21s (14% upd)
it 8465/9765 step 17362280 SPS 712 kl 0.0035 rew -0.87 max_stage 6.43 mult 1.000 | collect 1.29s update 0.21s (14% upd)
it 8470/9765 step 17372527 SPS 712 kl 0.0029 rew -0.87 max_stage 6.43 mult 1.000 | collect 1.37s update 0.22s (14% upd)
it 8475/9765 step 17382784 SPS 713 kl 0.0039 rew -0.87 max_stage 6.43 mult 1.000 | collect 1.38s update 0.21s (13% upd)
it 8480/9765 step 17393033 SPS 713 kl 0.0044 rew -0.59 max_stage 6.42 mult 1.000 | collect 1.31s update 0.22s (14% upd)
it 8485/9765 step 17403289 SPS 713 kl 0.0042 rew -0.59 max_stage 6.42 mult 1.000 | collect 1.31s update 0.22s (15% upd)
it 8490/9765 step 17413543 SPS 713 kl 0.0044 rew -0.59 max_stage 6.42 mult 0.833 | collect 1.31s update 0.22s (14% upd)
it 8495/9765 step 17423795 SPS 713 kl 0.0039 rew -0.59 max_stage 6.42 mult 1.000 | collect 1.33s update 0.20s (13% upd)
it 8500/9765 step 17434048 SPS 714 kl 0.0043 rew -0.59 max_stage 6.42 mult 0.833 | collect 1.41s update 0.19s (12% upd)
it 8505/9765 step 17444292 SPS 714 kl 0.0046 rew -0.59 max_stage 6.42 mult 1.000 | collect 1.38s update 0.20s (13% upd)
it 8510/9765 step 17454544 SPS 714 kl 0.0041 rew -0.59 max_stage 6.42 mult 0.833 | collect 1.24s update 0.21s (15% upd)
it 8515/9765 step 17464795 SPS 714 kl 0.0040 rew -0.59 max_stage 6.42 mult 1.000 | collect 1.35s update 0.20s (13% upd)
it 8520/9765 step 17475046 SPS 714 kl 0.0033 rew -0.59 max_stage 6.42 mult 1.000 | collect 1.42s update 0.22s (13% upd)
it 8525/9765 step 17485292 SPS 715 kl 0.0028 rew -0.59 max_stage 6.42 mult 1.000 | collect 1.39s update 0.20s (13% upd)
it 8530/9765 step 17495549 SPS 715 kl 0.0038 rew -0.59 max_stage 6.42 mult 1.000 | collect 1.26s update 0.21s (15% upd)
it 8535/9765 step 17505806 SPS 715 kl 0.0041 rew -0.59 max_stage 6.42 mult 1.000 | collect 1.34s update 0.21s (13% upd)
it 8540/9765 step 17516057 SPS 715 kl 0.0031 rew -0.59 max_stage 6.42 mult 0.833 | collect 1.24s update 0.15s (11% upd)
it 8545/9765 step 17526313 SPS 715 kl 0.0032 rew -0.59 max_stage 6.42 mult 0.800 | collect 1.44s update 0.14s (9% upd)
it 8550/9765 step 17536561 SPS 716 kl 0.0036 rew -0.59 max_stage 6.42 mult 1.000 | collect 1.26s update 0.21s (14% upd)
it 8555/9765 step 17546809 SPS 716 kl 0.0045 rew -0.59 max_stage 6.42 mult 1.000 | collect 1.38s update 0.21s (13% upd)
it 8560/9765 step 17557059 SPS 716 kl 0.0027 rew -0.59 max_stage 6.42 mult 1.000 | collect 1.30s update 0.22s (15% upd)
it 8565/9765 step 17567310 SPS 716 kl 0.0046 rew -0.28 max_stage 6.41 mult 1.000 | collect 1.34s update 0.21s (14% upd)
it 8570/9765 step 17577563 SPS 716 kl 0.0034 rew -0.28 max_stage 6.41 mult 1.000 | collect 1.29s update 0.20s (14% upd)
it 8575/9765 step 17587814 SPS 717 kl 0.0043 rew -0.62 max_stage 6.42 mult 0.833 | collect 1.31s update 0.19s (13% upd)
it 8580/9765 step 17598066 SPS 717 kl 0.0034 rew -0.42 max_stage 6.39 mult 1.000 | collect 1.36s update 0.20s (13% upd)
it 8585/9765 step 17608323 SPS 717 kl 0.0038 rew -0.42 max_stage 6.39 mult 1.000 | collect 1.30s update 0.22s (15% upd)
it 8590/9765 step 17618572 SPS 717 kl 0.0033 rew -0.42 max_stage 6.39 mult 1.000 | collect 1.34s update 0.21s (13% upd)
it 8595/9765 step 17628827 SPS 717 kl 0.0043 rew -0.42 max_stage 6.39 mult 1.000 | collect 1.24s update 0.20s (14% upd)
it 8600/9765 step 17639073 SPS 718 kl 0.0037 rew -0.42 max_stage 6.39 mult 1.000 | collect 1.34s update 0.21s (13% upd)
it 8605/9765 step 17649318 SPS 718 kl 0.0035 rew -0.42 max_stage 6.39 mult 1.000 | collect 1.31s update 0.21s (14% upd)
it 8610/9765 step 17659570 SPS 718 kl 0.0031 rew -0.54 max_stage 6.39 mult 0.845 | collect 1.29s update 0.14s (10% upd)
it 8615/9765 step 17669819 SPS 718 kl 0.0045 rew -0.54 max_stage 6.39 mult 1.000 | collect 1.24s update 0.20s (14% upd)
it 8620/9765 step 17680070 SPS 718 kl 0.0032 rew -0.54 max_stage 6.39 mult 1.000 | collect 1.32s update 0.20s (13% upd)
it 8625/9765 step 17690316 SPS 719 kl 0.0032 rew -0.54 max_stage 6.39 mult 1.000 | collect 1.25s update 0.21s (14% upd)
it 8630/9765 step 17700562 SPS 719 kl 0.0038 rew -0.57 max_stage 6.37 mult 1.000 | collect 1.43s update 0.22s (13% upd)
it 8635/9765 step 17710812 SPS 719 kl 0.0039 rew -0.57 max_stage 6.37 mult 1.000 | collect 1.39s update 0.20s (13% upd)
it 8640/9765 step 17721062 SPS 719 kl 0.0036 rew -0.57 max_stage 6.37 mult 1.000 | collect 1.28s update 0.21s (14% upd)
it 8645/9765 step 17731311 SPS 719 kl 0.0038 rew -0.57 max_stage 6.37 mult 1.000 | collect 1.27s update 0.20s (14% upd)
it 8650/9765 step 17741562 SPS 720 kl 0.0026 rew -0.57 max_stage 6.37 mult 1.000 | collect 1.24s update 0.21s (14% upd)
it 8655/9765 step 17751815 SPS 720 kl 0.0040 rew -0.57 max_stage 6.37 mult 1.000 | collect 1.25s update 0.21s (14% upd)
it 8660/9765 step 17762068 SPS 720 kl 0.0028 rew -0.57 max_stage 6.37 mult 1.000 | collect 1.21s update 0.23s (16% upd)
it 8665/9765 step 17772318 SPS 720 kl 0.0037 rew -0.57 max_stage 6.37 mult 1.000 | collect 1.48s update 0.23s (13% upd)
it 8670/9765 step 17782572 SPS 720 kl 0.0042 rew -0.57 max_stage 6.37 mult 1.000 | collect 1.36s update 0.21s (13% upd)
it 8675/9765 step 17792828 SPS 721 kl 0.0029 rew -0.57 max_stage 6.37 mult 1.000 | collect 1.34s update 0.21s (13% upd)
it 8680/9765 step 17803086 SPS 721 kl 0.0034 rew -0.57 max_stage 6.37 mult 1.000 | collect 1.18s update 0.22s (15% upd)
it 8685/9765 step 17813339 SPS 721 kl 0.0043 rew -0.57 max_stage 6.37 mult 0.903 | collect 1.28s update 0.21s (14% upd)
it 8690/9765 step 17823598 SPS 721 kl 0.0028 rew -0.57 max_stage 6.37 mult 1.000 | collect 1.35s update 0.20s (13% upd)
it 8695/9765 step 17833850 SPS 721 kl 0.0032 rew -0.57 max_stage 6.37 mult 1.000 | collect 1.18s update 0.23s (16% upd)
it 8700/9765 step 17844107 SPS 722 kl 0.0033 rew -0.57 max_stage 6.37 mult 0.916 | collect 1.17s update 0.16s (12% upd)
it 8705/9765 step 17854360 SPS 722 kl 0.0037 rew -0.57 max_stage 6.37 mult 1.000 | collect 1.22s update 0.21s (14% upd)
it 8710/9765 step 17864610 SPS 722 kl 0.0035 rew -0.57 max_stage 6.37 mult 1.000 | collect 1.36s update 0.22s (14% upd)
it 8715/9765 step 17874868 SPS 722 kl 0.0029 rew -0.57 max_stage 6.37 mult 1.000 | collect 1.28s update 0.22s (15% upd)
it 8720/9765 step 17885121 SPS 722 kl 0.0027 rew -0.57 max_stage 6.37 mult 1.000 | collect 1.46s update 0.21s (12% upd)
it 8725/9765 step 17895378 SPS 722 kl 0.0034 rew -0.57 max_stage 6.37 mult 1.000 | collect 1.18s update 0.20s (15% upd)
it 8730/9765 step 17905631 SPS 723 kl 0.0028 rew -0.57 max_stage 6.37 mult 1.000 | collect 1.17s update 0.20s (15% upd)
it 8735/9765 step 17915877 SPS 723 kl 0.0030 rew -0.57 max_stage 6.37 mult 1.000 | collect 1.16s update 0.20s (15% upd)
it 8740/9765 step 17926125 SPS 723 kl 0.0037 rew -0.57 max_stage 6.37 mult 1.000 | collect 1.33s update 0.22s (14% upd)
it 8745/9765 step 17936372 SPS 723 kl 0.0030 rew -0.34 max_stage 6.33 mult 1.000 | collect 1.20s update 0.20s (14% upd)
it 8750/9765 step 17946620 SPS 723 kl 0.0043 rew -0.34 max_stage 6.33 mult 0.961 | collect 1.34s update 0.18s (12% upd)
it 8755/9765 step 17956868 SPS 724 kl 0.0040 rew -0.34 max_stage 6.33 mult 1.000 | collect 1.25s update 0.22s (15% upd)
it 8760/9765 step 17967122 SPS 724 kl 0.0032 rew -0.34 max_stage 6.33 mult 1.000 | collect 1.28s update 0.20s (14% upd)
it 8765/9765 step 17977368 SPS 724 kl 0.0033 rew -0.31 max_stage 6.35 mult 1.000 | collect 1.34s update 0.21s (13% upd)
it 8770/9765 step 17987623 SPS 724 kl 0.0031 rew -0.31 max_stage 6.35 mult 1.000 | collect 1.35s update 0.23s (14% upd)
it 8775/9765 step 17997873 SPS 724 kl 0.0024 rew -0.31 max_stage 6.35 mult 1.000 | collect 1.33s update 0.22s (14% upd)
it 8780/9765 step 18008130 SPS 725 kl 0.0031 rew -0.31 max_stage 6.35 mult 1.000 | collect 1.31s update 0.21s (14% upd)
it 8785/9765 step 18018388 SPS 725 kl 0.0031 rew -0.31 max_stage 6.35 mult 1.000 | collect 1.23s update 0.21s (14% upd)
it 8790/9765 step 18028637 SPS 725 kl 0.0031 rew -0.31 max_stage 6.35 mult 1.000 | collect 1.30s update 0.22s (14% upd)
it 8795/9765 step 18038889 SPS 725 kl 0.0029 rew -0.31 max_stage 6.35 mult 1.000 | collect 1.29s update 0.22s (14% upd)
it 8800/9765 step 18049135 SPS 725 kl 0.0026 rew -0.31 max_stage 6.35 mult 1.000 | collect 1.18s update 0.21s (15% upd)
it 8805/9765 step 18059386 SPS 726 kl 0.0042 rew -0.31 max_stage 6.35 mult 1.016 | collect 1.30s update 0.22s (14% upd)
it 8810/9765 step 18069641 SPS 726 kl 0.0023 rew -0.31 max_stage 6.35 mult 1.000 | collect 1.21s update 0.20s (14% upd)
it 8815/9765 step 18079896 SPS 726 kl 0.0030 rew -0.31 max_stage 6.35 mult 1.000 | collect 1.27s update 0.22s (14% upd)
it 8820/9765 step 18090152 SPS 726 kl 0.0036 rew -0.31 max_stage 6.35 mult 1.000 | collect 1.18s update 0.20s (15% upd)
it 8825/9765 step 18100401 SPS 726 kl 0.0023 rew -0.31 max_stage 6.35 mult 1.000 | collect 1.32s update 0.22s (14% upd)
it 8830/9765 step 18110651 SPS 727 kl 0.0031 rew -0.33 max_stage 6.34 mult 1.000 | collect 1.27s update 0.21s (14% upd)
it 8835/9765 step 18120906 SPS 727 kl 0.0020 rew -0.51 max_stage 6.37 mult 1.049 | collect 1.24s update 0.11s (8% upd)
it 8840/9765 step 18131153 SPS 727 kl 0.0033 rew -0.51 max_stage 6.37 mult 1.000 | collect 1.29s update 0.21s (14% upd)
it 8845/9765 step 18141406 SPS 727 kl 0.0029 rew -0.51 max_stage 6.37 mult 1.000 | collect 1.18s update 0.21s (15% upd)
it 8850/9765 step 18151661 SPS 727 kl 0.0046 rew -0.51 max_stage 6.37 mult 1.000 | collect 1.34s update 0.21s (14% upd)
it 8855/9765 step 18161915 SPS 728 kl 0.0030 rew -0.47 max_stage 6.38 mult 1.000 | collect 1.24s update 0.20s (14% upd)
it 8860/9765 step 18172169 SPS 728 kl 0.0026 rew -0.47 max_stage 6.38 mult 1.000 | collect 1.26s update 0.21s (15% upd)
it 8865/9765 step 18182424 SPS 728 kl 0.0035 rew -0.47 max_stage 6.38 mult 1.000 | collect 1.27s update 0.21s (14% upd)
it 8870/9765 step 18192672 SPS 728 kl 0.0041 rew -0.47 max_stage 6.38 mult 1.000 | collect 1.25s update 0.20s (14% upd)
it 8875/9765 step 18202920 SPS 728 kl 0.0028 rew -0.47 max_stage 6.38 mult 1.000 | collect 1.18s update 0.20s (15% upd)
it 8880/9765 step 18213175 SPS 729 kl 0.0028 rew -0.47 max_stage 6.38 mult 1.000 | collect 1.28s update 0.20s (14% upd)
it 8885/9765 step 18223421 SPS 729 kl 0.0022 rew -0.47 max_stage 6.38 mult 1.000 | collect 1.36s update 0.22s (14% upd)
it 8890/9765 step 18233679 SPS 729 kl 0.0031 rew -0.47 max_stage 6.38 mult 1.000 | collect 1.40s update 0.22s (14% upd)
it 8895/9765 step 18243928 SPS 729 kl 0.0022 rew -0.47 max_stage 6.38 mult 1.000 | collect 1.22s update 0.21s (15% upd)
it 8900/9765 step 18254175 SPS 729 kl 0.0027 rew -0.47 max_stage 6.38 mult 1.000 | collect 1.22s update 0.21s (14% upd)
it 8905/9765 step 18264426 SPS 730 kl 0.0031 rew -0.47 max_stage 6.38 mult 1.000 | collect 1.29s update 0.20s (14% upd)
it 8910/9765 step 18274672 SPS 730 kl 0.0036 rew -0.71 max_stage 6.42 mult 1.000 | collect 1.25s update 0.22s (15% upd)
it 8915/9765 step 18284918 SPS 730 kl 0.0024 rew -0.71 max_stage 6.42 mult 1.000 | collect 1.27s update 0.20s (14% upd)
it 8920/9765 step 18295162 SPS 730 kl 0.0026 rew -0.71 max_stage 6.42 mult 1.000 | collect 1.26s update 0.20s (14% upd)
it 8925/9765 step 18305427 SPS 730 kl 0.0029 rew -0.71 max_stage 6.42 mult 1.000 | collect 1.24s update 0.23s (15% upd)
it 8930/9765 step 18315672 SPS 730 kl 0.0023 rew -0.71 max_stage 6.42 mult 1.000 | collect 1.25s update 0.23s (15% upd)
it 8935/9765 step 18325932 SPS 731 kl 0.0024 rew -0.71 max_stage 6.42 mult 1.000 | collect 1.23s update 0.20s (14% upd)
it 8940/9765 step 18336181 SPS 731 kl 0.0024 rew -0.71 max_stage 6.42 mult 1.000 | collect 1.34s update 0.22s (14% upd)
it 8945/9765 step 18346428 SPS 731 kl 0.0030 rew -0.71 max_stage 6.42 mult 1.189 | collect 1.25s update 0.17s (12% upd)
it 8950/9765 step 18356683 SPS 731 kl 0.0027 rew -0.71 max_stage 6.42 mult 1.000 | collect 1.31s update 0.22s (15% upd)
it 8955/9765 step 18366930 SPS 731 kl 0.0038 rew -0.71 max_stage 6.42 mult 1.000 | collect 1.27s update 0.20s (14% upd)
it 8960/9765 step 18377181 SPS 732 kl 0.0019 rew -0.71 max_stage 6.42 mult 1.000 | collect 1.29s update 0.25s (16% upd)
it 8965/9765 step 18387430 SPS 732 kl 0.0022 rew -0.71 max_stage 6.42 mult 1.000 | collect 1.27s update 0.22s (15% upd)
it 8970/9765 step 18397683 SPS 732 kl 0.0024 rew -0.52 max_stage 6.38 mult 1.000 | collect 1.36s update 0.20s (13% upd)
it 8975/9765 step 18407930 SPS 732 kl 0.0026 rew -0.52 max_stage 6.38 mult 1.000 | collect 1.35s update 0.22s (14% upd)
it 8980/9765 step 18418177 SPS 732 kl 0.0023 rew -0.52 max_stage 6.38 mult 1.000 | collect 1.32s update 0.22s (14% upd)
it 8985/9765 step 18428429 SPS 733 kl 0.0026 rew -0.52 max_stage 6.38 mult 1.000 | collect 1.40s update 0.22s (14% upd)
it 8990/9765 step 18438672 SPS 733 kl 0.0022 rew -0.49 max_stage 6.39 mult 1.000 | collect 1.24s update 0.21s (14% upd)
it 8995/9765 step 18448932 SPS 733 kl 0.0025 rew -0.49 max_stage 6.39 mult 1.000 | collect 1.27s update 0.22s (15% upd)
it 9000/9765 step 18459177 SPS 733 kl 0.0027 rew -0.49 max_stage 6.40 mult 1.000 | collect 1.36s update 0.22s (14% upd)
it 9005/9765 step 18469429 SPS 733 kl 0.0031 rew -0.49 max_stage 6.40 mult 1.000 | collect 1.36s update 0.22s (14% upd)
it 9010/9765 step 18479677 SPS 733 kl 0.0024 rew -0.49 max_stage 6.40 mult 1.000 | collect 1.30s update 0.22s (14% upd)
it 9015/9765 step 18489936 SPS 734 kl 0.0021 rew -0.52 max_stage 6.45 mult 1.000 | collect 1.39s update 0.21s (13% upd)
it 9020/9765 step 18500186 SPS 734 kl 0.0016 rew -0.52 max_stage 6.45 mult 1.000 | collect 1.30s update 0.20s (14% upd)
it 9025/9765 step 18510439 SPS 734 kl 0.0021 rew -0.52 max_stage 6.45 mult 1.000 | collect 1.20s update 0.20s (14% upd)
it 9030/9765 step 18520691 SPS 734 kl 0.0021 rew -0.52 max_stage 6.45 mult 1.000 | collect 1.32s update 0.23s (15% upd)
it 9035/9765 step 18530940 SPS 734 kl 0.0024 rew -0.52 max_stage 6.45 mult 1.000 | collect 1.41s update 0.22s (14% upd)
it 9040/9765 step 18541197 SPS 735 kl 0.0019 rew -0.52 max_stage 6.45 mult 1.000 | collect 1.24s update 0.22s (15% upd)
it 9045/9765 step 18551447 SPS 735 kl 0.0029 rew -0.52 max_stage 6.45 mult 1.000 | collect 1.22s update 0.21s (14% upd)
it 9050/9765 step 18561699 SPS 735 kl 0.0019 rew -0.52 max_stage 6.45 mult 1.000 | collect 1.37s update 0.23s (14% upd)
it 9055/9765 step 18571948 SPS 735 kl 0.0020 rew -0.52 max_stage 6.45 mult 1.000 | collect 1.28s update 0.22s (15% upd)
it 9060/9765 step 18582196 SPS 735 kl 0.0030 rew -0.52 max_stage 6.45 mult 1.000 | collect 1.26s update 0.21s (14% upd)
it 9065/9765 step 18592443 SPS 735 kl 0.0017 rew -0.52 max_stage 6.45 mult 1.000 | collect 1.31s update 0.22s (15% upd)
it 9070/9765 step 18602695 SPS 736 kl 0.0016 rew -0.52 max_stage 6.45 mult 1.000 | collect 1.32s update 0.21s (13% upd)
it 9075/9765 step 18612940 SPS 736 kl 0.0023 rew -0.52 max_stage 6.45 mult 1.000 | collect 1.37s update 0.21s (13% upd)
it 9080/9765 step 18623192 SPS 736 kl 0.0023 rew -0.52 max_stage 6.45 mult 1.000 | collect 1.22s update 0.20s (14% upd)
it 9085/9765 step 18633443 SPS 736 kl 0.0019 rew -0.52 max_stage 6.45 mult 1.000 | collect 1.28s update 0.20s (14% upd)
it 9090/9765 step 18643687 SPS 736 kl 0.0014 rew -0.52 max_stage 6.45 mult 1.000 | collect 1.25s update 0.22s (15% upd)
it 9095/9765 step 18653938 SPS 737 kl 0.0022 rew -0.52 max_stage 6.45 mult 1.000 | collect 1.22s update 0.21s (15% upd)
it 9100/9765 step 18664196 SPS 737 kl 0.0020 rew -0.48 max_stage 6.41 mult 1.000 | collect 1.50s update 0.22s (13% upd)
it 9105/9765 step 18674448 SPS 737 kl 0.0016 rew -0.48 max_stage 6.41 mult 1.000 | collect 1.36s update 0.22s (14% upd)
it 9110/9765 step 18684703 SPS 737 kl 0.0017 rew -0.48 max_stage 6.41 mult 1.000 | collect 1.27s update 0.21s (14% upd)
it 9115/9765 step 18694961 SPS 737 kl 0.0017 rew -0.48 max_stage 6.41 mult 1.000 | collect 1.39s update 0.20s (13% upd)
it 9120/9765 step 18705208 SPS 738 kl 0.0011 rew -0.33 max_stage 6.38 mult 1.000 | collect 1.34s update 0.22s (14% upd)
it 9125/9765 step 18715455 SPS 738 kl 0.0015 rew -0.33 max_stage 6.38 mult 1.000 | collect 1.38s update 0.21s (13% upd)
it 9130/9765 step 18725712 SPS 738 kl 0.0020 rew -0.33 max_stage 6.38 mult 1.000 | collect 1.25s update 0.22s (15% upd)
it 9135/9765 step 18735966 SPS 738 kl 0.0015 rew -0.33 max_stage 6.38 mult 1.000 | collect 1.23s update 0.20s (14% upd)
it 9140/9765 step 18746219 SPS 738 kl 0.0016 rew -0.33 max_stage 6.38 mult 1.000 | collect 1.27s update 0.20s (14% upd)
it 9145/9765 step 18756472 SPS 738 kl 0.0015 rew -0.33 max_stage 6.38 mult 1.000 | collect 1.27s update 0.22s (15% upd)
it 9150/9765 step 18766728 SPS 739 kl 0.0013 rew -0.33 max_stage 6.38 mult 1.000 | collect 1.34s update 0.20s (13% upd)
it 9155/9765 step 18776976 SPS 739 kl 0.0011 rew -0.33 max_stage 6.38 mult 1.000 | collect 1.23s update 0.20s (14% upd)
it 9160/9765 step 18787235 SPS 739 kl 0.0015 rew -0.33 max_stage 6.38 mult 1.000 | collect 1.19s update 0.22s (16% upd)
it 9165/9765 step 18797494 SPS 739 kl 0.0015 rew -0.33 max_stage 6.38 mult 1.000 | collect 1.41s update 0.21s (13% upd)
it 9170/9765 step 18807747 SPS 739 kl 0.0014 rew -0.40 max_stage 6.36 mult 1.000 | collect 1.23s update 0.22s (15% upd)
it 9175/9765 step 18817999 SPS 740 kl 0.0013 rew -0.40 max_stage 6.36 mult 1.000 | collect 1.36s update 0.21s (13% upd)
it 9180/9765 step 18828255 SPS 740 kl 0.0016 rew -0.40 max_stage 6.36 mult 1.000 | collect 1.20s update 0.22s (16% upd)
it 9185/9765 step 18838506 SPS 740 kl 0.0018 rew -0.40 max_stage 6.36 mult 1.000 | collect 1.35s update 0.21s (13% upd)
it 9190/9765 step 18848755 SPS 740 kl 0.0015 rew -0.40 max_stage 6.36 mult 1.000 | collect 1.28s update 0.21s (14% upd)
it 9195/9765 step 18859005 SPS 740 kl 0.0015 rew -0.40 max_stage 6.36 mult 1.000 | collect 1.18s update 0.20s (15% upd)
it 9200/9765 step 18869260 SPS 740 kl 0.0017 rew -0.40 max_stage 6.36 mult 1.000 | collect 1.26s update 0.21s (14% upd)
it 9205/9765 step 18879505 SPS 741 kl 0.0011 rew -0.40 max_stage 6.36 mult 1.000 | collect 1.27s update 0.21s (14% upd)
it 9210/9765 step 18889762 SPS 741 kl 0.0009 rew -0.40 max_stage 6.36 mult 1.000 | collect 1.23s update 0.24s (16% upd)
it 9215/9765 step 18900019 SPS 741 kl 0.0010 rew -0.40 max_stage 6.36 mult 1.000 | collect 1.26s update 0.25s (16% upd)
it 9220/9765 step 18910265 SPS 741 kl 0.0013 rew -0.40 max_stage 6.36 mult 1.000 | collect 1.25s update 0.21s (15% upd)
it 9225/9765 step 18920520 SPS 741 kl 0.0010 rew -0.40 max_stage 6.36 mult 1.000 | collect 1.50s update 0.21s (12% upd)
it 9230/9765 step 18930768 SPS 742 kl 0.0015 rew -0.55 max_stage 6.37 mult 1.000 | collect 1.35s update 0.20s (13% upd)
it 9235/9765 step 18941014 SPS 742 kl 0.0018 rew -0.86 max_stage 6.38 mult 1.000 | collect 1.30s update 0.21s (14% upd)
it 9240/9765 step 18951262 SPS 742 kl 0.0012 rew -0.86 max_stage 6.38 mult 1.000 | collect 1.26s update 0.22s (15% upd)
it 9245/9765 step 18961508 SPS 742 kl 0.0013 rew -0.86 max_stage 6.38 mult 1.000 | collect 1.22s update 0.20s (14% upd)
it 9250/9765 step 18971751 SPS 742 kl 0.0012 rew -1.10 max_stage 6.41 mult 1.000 | collect 1.27s update 0.22s (15% upd)
it 9255/9765 step 18982007 SPS 743 kl 0.0016 rew -1.10 max_stage 6.41 mult 1.000 | collect 1.33s update 0.20s (13% upd)
it 9260/9765 step 18992253 SPS 743 kl 0.0013 rew -1.10 max_stage 6.41 mult 1.000 | collect 1.21s update 0.22s (15% upd)
it 9265/9765 step 19002498 SPS 743 kl 0.0014 rew -1.10 max_stage 6.41 mult 1.000 | collect 1.26s update 0.22s (15% upd)
it 9270/9765 step 19012748 SPS 743 kl 0.0009 rew -1.10 max_stage 6.41 mult 1.000 | collect 1.41s update 0.21s (13% upd)
it 9275/9765 step 19023010 SPS 743 kl 0.0008 rew -1.10 max_stage 6.41 mult 1.000 | collect 1.27s update 0.20s (14% upd)
it 9280/9765 step 19033261 SPS 743 kl 0.0011 rew -1.10 max_stage 6.41 mult 1.000 | collect 1.26s update 0.20s (14% upd)
it 9285/9765 step 19043514 SPS 744 kl 0.0008 rew -1.10 max_stage 6.41 mult 1.000 | collect 1.32s update 0.21s (14% upd)
it 9290/9765 step 19053762 SPS 744 kl 0.0010 rew -0.69 max_stage 6.38 mult 1.000 | collect 1.20s update 0.21s (15% upd)
it 9295/9765 step 19064010 SPS 744 kl 0.0010 rew -0.69 max_stage 6.38 mult 1.000 | collect 1.24s update 0.23s (15% upd)
it 9300/9765 step 19074263 SPS 744 kl 0.0011 rew -0.69 max_stage 6.38 mult 1.000 | collect 1.34s update 0.20s (13% upd)
it 9305/9765 step 19084514 SPS 744 kl 0.0013 rew -0.69 max_stage 6.38 mult 1.000 | collect 1.33s update 0.22s (14% upd)
it 9310/9765 step 19094767 SPS 745 kl 0.0010 rew -0.52 max_stage 6.38 mult 1.000 | collect 1.27s update 0.20s (14% upd)
it 9315/9765 step 19105020 SPS 745 kl 0.0011 rew -0.52 max_stage 6.38 mult 1.000 | collect 1.25s update 0.22s (15% upd)
it 9320/9765 step 19115269 SPS 745 kl 0.0010 rew -0.52 max_stage 6.38 mult 1.000 | collect 1.34s update 0.22s (14% upd)
it 9325/9765 step 19125522 SPS 745 kl 0.0010 rew -0.53 max_stage 6.38 mult 1.000 | collect 1.14s update 0.22s (16% upd)
it 9330/9765 step 19135780 SPS 745 kl 0.0010 rew -0.53 max_stage 6.38 mult 1.000 | collect 1.26s update 0.22s (15% upd)
it 9335/9765 step 19146021 SPS 745 kl 0.0013 rew -0.53 max_stage 6.38 mult 1.000 | collect 1.34s update 0.20s (13% upd)
it 9340/9765 step 19156276 SPS 746 kl 0.0012 rew -0.53 max_stage 6.38 mult 1.000 | collect 1.33s update 0.20s (13% upd)
it 9345/9765 step 19166529 SPS 746 kl 0.0009 rew -0.53 max_stage 6.38 mult 1.000 | collect 1.18s update 0.23s (16% upd)
it 9350/9765 step 19176778 SPS 746 kl 0.0008 rew -0.53 max_stage 6.38 mult 1.000 | collect 1.39s update 0.20s (13% upd)
it 9355/9765 step 19187030 SPS 746 kl 0.0008 rew -0.53 max_stage 6.38 mult 1.000 | collect 1.23s update 0.23s (16% upd)
it 9360/9765 step 19197283 SPS 746 kl 0.0008 rew -0.53 max_stage 6.38 mult 1.000 | collect 1.30s update 0.21s (14% upd)
it 9365/9765 step 19207537 SPS 746 kl 0.0007 rew -0.53 max_stage 6.38 mult 1.000 | collect 1.43s update 0.21s (13% upd)
it 9370/9765 step 19217789 SPS 747 kl 0.0010 rew -0.53 max_stage 6.38 mult 1.000 | collect 1.24s update 0.22s (15% upd)
it 9375/9765 step 19228040 SPS 747 kl 0.0009 rew -0.53 max_stage 6.38 mult 1.000 | collect 1.34s update 0.24s (15% upd)
it 9380/9765 step 19238291 SPS 747 kl 0.0010 rew -0.53 max_stage 6.38 mult 1.000 | collect 1.29s update 0.21s (14% upd)
it 9385/9765 step 19248542 SPS 747 kl 0.0010 rew -0.53 max_stage 6.38 mult 1.000 | collect 1.23s update 0.21s (15% upd)
it 9390/9765 step 19258794 SPS 747 kl 0.0011 rew -0.53 max_stage 6.38 mult 1.000 | collect 1.32s update 0.22s (14% upd)
it 9395/9765 step 19269039 SPS 748 kl 0.0006 rew -0.53 max_stage 6.38 mult 1.000 | collect 1.29s update 0.20s (14% upd)
it 9400/9765 step 19279294 SPS 748 kl 0.0007 rew -0.53 max_stage 6.38 mult 1.000 | collect 1.26s update 0.22s (15% upd)
it 9405/9765 step 19289540 SPS 748 kl 0.0009 rew -0.35 max_stage 6.38 mult 1.000 | collect 1.42s update 0.20s (13% upd)
it 9410/9765 step 19299790 SPS 748 kl 0.0008 rew -0.42 max_stage 6.37 mult 1.000 | collect 1.28s update 0.20s (14% upd)
it 9415/9765 step 19310041 SPS 748 kl 0.0009 rew -0.47 max_stage 6.36 mult 1.000 | collect 1.29s update 0.20s (14% upd)
it 9420/9765 step 19320288 SPS 748 kl 0.0007 rew -0.47 max_stage 6.36 mult 1.000 | collect 1.26s update 0.22s (15% upd)
it 9425/9765 step 19330536 SPS 749 kl 0.0008 rew -0.47 max_stage 6.36 mult 1.000 | collect 1.35s update 0.20s (13% upd)
it 9430/9765 step 19340784 SPS 749 kl 0.0010 rew -0.47 max_stage 6.36 mult 1.000 | collect 1.21s update 0.22s (16% upd)
it 9435/9765 step 19351035 SPS 749 kl 0.0007 rew -0.47 max_stage 6.36 mult 1.000 | collect 1.25s update 0.20s (14% upd)
it 9440/9765 step 19361283 SPS 749 kl 0.0007 rew -0.47 max_stage 6.36 mult 1.000 | collect 1.31s update 0.22s (14% upd)
it 9445/9765 step 19371532 SPS 749 kl 0.0004 rew -0.47 max_stage 6.36 mult 1.000 | collect 1.34s update 0.20s (13% upd)
it 9450/9765 step 19381776 SPS 749 kl 0.0006 rew -0.47 max_stage 6.36 mult 1.000 | collect 1.27s update 0.22s (15% upd)
it 9455/9765 step 19392026 SPS 750 kl 0.0008 rew -0.47 max_stage 6.36 mult 1.000 | collect 1.41s update 0.20s (13% upd)
it 9460/9765 step 19402277 SPS 750 kl 0.0006 rew -0.47 max_stage 6.36 mult 1.000 | collect 1.26s update 0.21s (14% upd)
it 9465/9765 step 19412530 SPS 750 kl 0.0007 rew -0.47 max_stage 6.36 mult 1.000 | collect 1.29s update 0.21s (14% upd)
it 9470/9765 step 19422789 SPS 750 kl 0.0005 rew -0.47 max_stage 6.36 mult 1.000 | collect 1.32s update 0.20s (13% upd)
it 9475/9765 step 19433040 SPS 750 kl 0.0007 rew -0.47 max_stage 6.36 mult 1.000 | collect 1.30s update 0.21s (14% upd)
it 9480/9765 step 19443296 SPS 751 kl 0.0008 rew -0.47 max_stage 6.36 mult 1.000 | collect 1.23s update 0.21s (15% upd)
it 9485/9765 step 19453543 SPS 751 kl 0.0006 rew -0.42 max_stage 6.37 mult 1.000 | collect 1.21s update 0.20s (14% upd)
it 9490/9765 step 19463796 SPS 751 kl 0.0005 rew -0.42 max_stage 6.37 mult 1.000 | collect 1.45s update 0.20s (12% upd)
it 9495/9765 step 19474050 SPS 751 kl 0.0006 rew -0.42 max_stage 6.37 mult 1.000 | collect 1.23s update 0.22s (15% upd)
it 9500/9765 step 19484300 SPS 751 kl 0.0004 rew -0.42 max_stage 6.37 mult 1.000 | collect 1.32s update 0.20s (13% upd)
it 9505/9765 step 19494546 SPS 751 kl 0.0005 rew -0.42 max_stage 6.37 mult 1.000 | collect 1.30s update 0.22s (14% upd)
it 9510/9765 step 19504795 SPS 752 kl 0.0005 rew -0.42 max_stage 6.37 mult 1.000 | collect 1.21s update 0.21s (15% upd)
it 9515/9765 step 19515042 SPS 752 kl 0.0006 rew -0.42 max_stage 6.37 mult 1.000 | collect 1.46s update 0.20s (12% upd)
it 9520/9765 step 19525290 SPS 752 kl 0.0005 rew -0.42 max_stage 6.37 mult 1.000 | collect 1.22s update 0.22s (15% upd)
it 9525/9765 step 19535538 SPS 752 kl 0.0004 rew -0.42 max_stage 6.37 mult 1.000 | collect 1.26s update 0.20s (14% upd)
it 9530/9765 step 19545795 SPS 752 kl 0.0003 rew -0.42 max_stage 6.37 mult 1.000 | collect 1.25s update 0.20s (14% upd)
it 9535/9765 step 19556053 SPS 753 kl 0.0004 rew -0.42 max_stage 6.37 mult 1.000 | collect 1.27s update 0.20s (14% upd)
it 9540/9765 step 19566304 SPS 753 kl 0.0004 rew -0.42 max_stage 6.37 mult 1.000 | collect 1.36s update 0.21s (14% upd)
it 9545/9765 step 19576553 SPS 753 kl 0.0004 rew -0.42 max_stage 6.37 mult 1.000 | collect 1.29s update 0.21s (14% upd)
it 9550/9765 step 19586801 SPS 753 kl 0.0003 rew -0.37 max_stage 6.38 mult 1.000 | collect 1.30s update 0.21s (14% upd)
it 9555/9765 step 19597052 SPS 753 kl 0.0003 rew -0.37 max_stage 6.38 mult 1.000 | collect 1.38s update 0.22s (14% upd)
it 9560/9765 step 19607305 SPS 753 kl 0.0003 rew -0.37 max_stage 6.38 mult 1.000 | collect 1.26s update 0.22s (15% upd)
it 9565/9765 step 19617557 SPS 754 kl 0.0004 rew -0.37 max_stage 6.38 mult 1.000 | collect 1.27s update 0.22s (15% upd)
it 9570/9765 step 19627813 SPS 754 kl 0.0003 rew -0.37 max_stage 6.38 mult 1.000 | collect 1.47s update 0.22s (13% upd)
it 9575/9765 step 19638067 SPS 754 kl 0.0005 rew -0.37 max_stage 6.38 mult 1.000 | collect 1.35s update 0.21s (13% upd)
it 9580/9765 step 19648328 SPS 754 kl 0.0003 rew -0.30 max_stage 6.38 mult 1.000 | collect 1.24s update 0.21s (15% upd)
it 9585/9765 step 19658578 SPS 754 kl 0.0003 rew -0.30 max_stage 6.38 mult 1.000 | collect 1.27s update 0.22s (15% upd)
it 9590/9765 step 19668832 SPS 754 kl 0.0003 rew -0.30 max_stage 6.38 mult 1.000 | collect 1.29s update 0.20s (14% upd)
it 9595/9765 step 19679088 SPS 755 kl 0.0003 rew -0.30 max_stage 6.38 mult 1.000 | collect 1.30s update 0.22s (15% upd)
it 9600/9765 step 19689334 SPS 755 kl 0.0003 rew -0.30 max_stage 6.38 mult 1.000 | collect 1.34s update 0.21s (13% upd)
it 9605/9765 step 19699592 SPS 755 kl 0.0003 rew 0.10 max_stage 6.38 mult 1.000 | collect 1.26s update 0.20s (14% upd)
it 9610/9765 step 19709846 SPS 755 kl 0.0003 rew 0.10 max_stage 6.38 mult 1.000 | collect 1.34s update 0.21s (13% upd)
it 9615/9765 step 19720100 SPS 755 kl 0.0002 rew 0.10 max_stage 6.38 mult 1.000 | collect 1.44s update 0.22s (13% upd)
it 9620/9765 step 19730350 SPS 756 kl 0.0002 rew 0.10 max_stage 6.38 mult 1.000 | collect 1.22s update 0.21s (14% upd)
it 9625/9765 step 19740605 SPS 756 kl 0.0002 rew 0.12 max_stage 6.38 mult 1.000 | collect 1.16s update 0.20s (15% upd)
it 9630/9765 step 19750854 SPS 756 kl 0.0002 rew 0.12 max_stage 6.38 mult 1.000 | collect 1.25s update 0.20s (14% upd)
it 9635/9765 step 19761102 SPS 756 kl 0.0002 rew 0.12 max_stage 6.38 mult 1.000 | collect 1.52s update 0.21s (12% upd)
it 9640/9765 step 19771360 SPS 756 kl 0.0001 rew 0.35 max_stage 6.35 mult 1.000 | collect 1.31s update 0.24s (15% upd)
it 9645/9765 step 19781612 SPS 756 kl 0.0002 rew 0.35 max_stage 6.35 mult 1.000 | collect 1.34s update 0.24s (15% upd)
it 9650/9765 step 19791859 SPS 757 kl 0.0001 rew 0.35 max_stage 6.35 mult 1.000 | collect 1.20s update 0.21s (15% upd)
it 9655/9765 step 19802109 SPS 757 kl 0.0002 rew 0.35 max_stage 6.35 mult 1.000 | collect 1.34s update 0.21s (14% upd)
it 9660/9765 step 19812359 SPS 757 kl 0.0001 rew 0.35 max_stage 6.35 mult 1.000 | collect 1.44s update 0.22s (13% upd)
it 9665/9765 step 19822617 SPS 757 kl 0.0001 rew 0.35 max_stage 6.35 mult 1.000 | collect 1.41s update 0.22s (13% upd)
it 9670/9765 step 19832865 SPS 757 kl 0.0001 rew 0.35 max_stage 6.35 mult 1.000 | collect 1.27s update 0.23s (15% upd)
it 9675/9765 step 19843122 SPS 757 kl 0.0001 rew 0.35 max_stage 6.35 mult 1.000 | collect 1.17s update 0.21s (16% upd)
it 9680/9765 step 19853374 SPS 758 kl 0.0001 rew 0.35 max_stage 6.35 mult 1.000 | collect 1.19s update 0.20s (15% upd)
it 9685/9765 step 19863625 SPS 758 kl 0.0001 rew 0.35 max_stage 6.35 mult 1.000 | collect 1.42s update 0.21s (13% upd)
it 9690/9765 step 19873881 SPS 758 kl 0.0001 rew 0.35 max_stage 6.35 mult 1.000 | collect 1.25s update 0.22s (15% upd)
it 9695/9765 step 19884125 SPS 758 kl 0.0001 rew 0.35 max_stage 6.35 mult 1.000 | collect 1.27s update 0.24s (16% upd)
it 9700/9765 step 19894370 SPS 758 kl 0.0001 rew 0.35 max_stage 6.35 mult 1.000 | collect 1.39s update 0.22s (14% upd)
it 9705/9765 step 19904619 SPS 758 kl 0.0001 rew 0.35 max_stage 6.35 mult 1.000 | collect 1.18s update 0.20s (15% upd)
it 9710/9765 step 19914871 SPS 759 kl 0.0000 rew 0.35 max_stage 6.35 mult 1.000 | collect 1.23s update 0.22s (15% upd)
it 9715/9765 step 19925125 SPS 759 kl 0.0000 rew 0.35 max_stage 6.35 mult 1.000 | collect 1.36s update 0.22s (14% upd)
it 9720/9765 step 19935385 SPS 759 kl 0.0000 rew 0.35 max_stage 6.35 mult 1.000 | collect 1.33s update 0.22s (14% upd)
it 9725/9765 step 19945640 SPS 759 kl 0.0000 rew 0.31 max_stage 6.36 mult 1.000 | collect 1.24s update 0.20s (14% upd)
it 9730/9765 step 19955887 SPS 759 kl 0.0000 rew 0.31 max_stage 6.36 mult 1.000 | collect 1.45s update 0.20s (12% upd)
it 9735/9765 step 19966137 SPS 759 kl 0.0000 rew 0.31 max_stage 6.36 mult 1.000 | collect 1.22s update 0.20s (14% upd)
it 9740/9765 step 19976383 SPS 760 kl 0.0000 rew 0.31 max_stage 6.36 mult 1.000 | collect 1.32s update 0.20s (13% upd)
it 9745/9765 step 19986632 SPS 760 kl 0.0000 rew 0.31 max_stage 6.36 mult 1.000 | collect 1.31s update 0.22s (14% upd)
it 9750/9765 step 19996883 SPS 760 kl 0.0000 rew 0.31 max_stage 6.36 mult 1.000 | collect 1.36s update 0.20s (13% upd)
it 9755/9765 step 20007133 SPS 760 kl 0.0000 rew 0.31 max_stage 6.36 mult 1.000 | collect 1.24s update 0.22s (15% upd)
it 9760/9765 step 20017384 SPS 760 kl 0.0000 rew 0.31 max_stage 6.36 mult 1.000 | collect 1.24s update 0.21s (14% upd)
it 9765/9765 step 20027637 SPS 760 kl 0.0000 rew 0.31 max_stage 6.36 mult 1.000 | collect 1.20s update 0.23s (16% upd)
wandb: updating run metadata
wandb: 
wandb: Run history:
wandb:               charts/SPS ▂▂▂▂▂▂▂▂▂▂▂▂▁▁▁▁▁▁▁▁▁▁▂▂▂▃▄▄▄▄▆▆▆▇▇▇▇▇██
wandb: progress/best_stage_ever ▁▅▇▇████████████████████████████████████
wandb:      rollout/ep_len_mean ▁▃▃▄▅███▇▇▇▇▇▇▇▇▇▇▇▇█▇▇▇▇███████████▇▇█▇
wandb:      rollout/ep_rew_mean ▄▆██▅▅▅▅▄▄▃▃▃▃▃▃▃▃▃▃▃▃▃▃▃▃▃▃▂▂▂▂▂▁▁▁▁▁▁▁
wandb:         stage_reach/ge_1 ▁███████████████████████████████████████
wandb:        stage_reach/ge_10 ▁▁▁▁▁▁▂▄▄▅▆▇▇▇▇█▇▇████████▇▇▇█▇▇▇▇▇▇▇▇▇▇
wandb:         stage_reach/ge_2 ▁███████████████████████████████████████
wandb:         stage_reach/ge_3 ▁▅▆▆████████████████████████████████████
wandb:         stage_reach/ge_4 ▁▇███████████████████████████▇▇▇███▇▇▇▇▇
wandb:         stage_reach/ge_5 ▁▄▆██▇▇▇███████████████████▇█▇▇▇▇▇▇▇▇▇▇▇
wandb:                      +24 ...
wandb: 
wandb: Run summary:
wandb:               charts/SPS 760
wandb: progress/best_stage_ever 10
wandb:      rollout/ep_len_mean 62464.65
wandb:      rollout/ep_rew_mean 0.31165
wandb:         stage_reach/ge_1 1
wandb:        stage_reach/ge_10 0.245
wandb:         stage_reach/ge_2 0.98
wandb:         stage_reach/ge_3 0.93
wandb:         stage_reach/ge_4 0.86
wandb:         stage_reach/ge_5 0.735
wandb:                      +24 ...
wandb: 
wandb: 🚀 View run 09:03PM-Jun-14-2026_cleanrl_524533 at: https://wandb.ai/ningcong-chen/ppo-new-200M/runs/3re1kq49
wandb: ⭐️ View project at: https://wandb.ai/ningcong-chen/ppo-new-200M
wandb: Synced 8 W&B file(s), 0 media file(s), 0 artifact file(s) and 0 other file(s)
wandb: Find logs at: ./wandb/run-20260614_210345-3re1kq49/logs
