[env] ASYNC collection (M=16 free-running, budget=2048/rollout)
[env] ready launch=1.9s make=9.1s
Agent(
  (cnn): NatureCNN(
    (cnn): Sequential(
      (0): Conv2d(4, 32, kernel_size=(8, 8), stride=(4, 4))
      (1): ReLU()
      (2): Conv2d(32, 64, kernel_size=(4, 4), stride=(2, 2))
      (3): ReLU()
      (4): Conv2d(64, 64, kernel_size=(3, 3), stride=(1, 1))
      (5): ReLU()
      (6): Flatten(start_dim=1, end_dim=-1)
    )
    (fc): Sequential(
      (0): Linear(in_features=9216, out_features=256, bias=True)
      (1): ReLU()
    )
  )
  (pi): Sequential(
    (0): Linear(in_features=396, out_features=64, bias=True)
    (1): Tanh()
    (2): Linear(in_features=64, out_features=64, bias=True)
    (3): Tanh()
  )
  (vf): Sequential(
    (0): Linear(in_features=396, out_features=64, bias=True)
    (1): Tanh()
    (2): Linear(in_features=64, out_features=64, bias=True)
    (3): Tanh()
  )
  (actor): Linear(in_features=64, out_features=19, bias=True)
  (critic): Linear(in_features=64, out_features=1, bias=True)
)
params=2,497,972 nvec=[9, 10] vec_dim=140
/home/zzhang18/nchen3/sfiii/.venv/lib/python3.10/site-packages/pydantic/_internal/_generate_schema.py:2274: UnsupportedFieldAttributeWarning: The 'repr' attribute with value False was provided to the `Field()` function, which has no effect in the context it was used. 'repr' is field-specific metadata, and can only be attached to a model field using `Annotated` metadata or by assignment. This may have happened because an `Annotated` type alias using the `type` statement was used, or if the `Field()` function was attached to a single member of a union type.
  warnings.warn(
/home/zzhang18/nchen3/sfiii/.venv/lib/python3.10/site-packages/pydantic/_internal/_generate_schema.py:2274: UnsupportedFieldAttributeWarning: The 'frozen' attribute with value True was provided to the `Field()` function, which has no effect in the context it was used. 'frozen' is field-specific metadata, and can only be attached to a model field using `Annotated` metadata or by assignment. This may have happened because an `Annotated` type alias using the `type` statement was used, or if the `Field()` function was attached to a single member of a union type.
  warnings.warn(
wandb: Currently logged in as: nchen3 (ningcong-chen) to https://api.wandb.ai. Use `wandb login --relogin` to force relogin
wandb: Tracking run with wandb version 0.22.2
wandb: Run data is saved locally in /home/zzhang18/nchen3/sfiii/wandb/run-20260614_143802-jfvok6b7
wandb: Run `wandb offline` to turn off syncing.
wandb: Syncing run 02:38PM-Jun-14-2026_cleanrl_228876
wandb: ⭐️ View project at https://wandb.ai/ningcong-chen/ppo-new-200M
wandb: 🚀 View run at https://wandb.ai/ningcong-chen/ppo-new-200M/runs/jfvok6b7
it 1/9765 step 2052 SPS 1044 kl 0.0025 rew 0.00 max_stage 0.00 mult 1.000 | collect 1.27s update 0.40s (24% upd)
it 5/9765 step 10257 SPS 1370 kl 0.0027 rew 0.00 max_stage 0.00 mult 1.000 | collect 1.15s update 0.23s (17% upd)
it 10/9765 step 20506 SPS 1398 kl 0.0012 rew 0.00 max_stage 0.00 mult 1.000 | collect 1.22s update 0.25s (17% upd)
it 15/9765 step 30755 SPS 1396 kl 0.0029 rew 0.00 max_stage 0.00 mult 1.000 | collect 1.31s update 0.24s (15% upd)
it 20/9765 step 41011 SPS 1383 kl 0.0018 rew 0.00 max_stage 0.00 mult 1.000 | collect 1.24s update 0.24s (16% upd)
it 25/9765 step 51260 SPS 1381 kl 0.0025 rew 0.00 max_stage 0.00 mult 1.000 | collect 1.26s update 0.24s (16% upd)
it 30/9765 step 61513 SPS 1377 kl 0.0033 rew 0.00 max_stage 0.00 mult 1.000 | collect 1.27s update 0.24s (16% upd)
it 35/9765 step 71762 SPS 1372 kl 0.0034 rew 0.00 max_stage 0.00 mult 1.000 | collect 1.31s update 0.24s (16% upd)
it 40/9765 step 82015 SPS 1368 kl 0.0029 rew 0.00 max_stage 0.00 mult 1.000 | collect 1.29s update 0.24s (16% upd)
it 45/9765 step 92262 SPS 1357 kl 0.0027 rew 0.00 max_stage 0.00 mult 1.000 | collect 1.31s update 0.24s (15% upd)
it 50/9765 step 102513 SPS 1359 kl 0.0021 rew 0.00 max_stage 0.00 mult 1.000 | collect 1.19s update 0.24s (17% upd)
it 55/9765 step 112767 SPS 1364 kl 0.0044 rew 0.00 max_stage 0.00 mult 1.000 | collect 1.25s update 0.24s (16% upd)
it 60/9765 step 123022 SPS 1364 kl 0.0049 rew 0.00 max_stage 0.00 mult 1.000 | collect 1.38s update 0.24s (15% upd)
it 65/9765 step 133267 SPS 1363 kl 0.0073 rew 0.00 max_stage 0.00 mult 1.000 | collect 1.25s update 0.24s (16% upd)
it 70/9765 step 143517 SPS 1363 kl 0.0085 rew 0.00 max_stage 0.00 mult 0.833 | collect 1.27s update 0.22s (15% upd)
it 75/9765 step 153772 SPS 1362 kl 0.0056 rew 1.37 max_stage 2.00 mult 0.482 | collect 1.28s update 0.25s (16% upd)
it 80/9765 step 164020 SPS 1359 kl 0.0055 rew 1.37 max_stage 2.00 mult 0.482 | collect 1.36s update 0.23s (15% upd)
it 85/9765 step 174269 SPS 1359 kl 0.0054 rew 1.37 max_stage 2.00 mult 0.402 | collect 1.23s update 0.24s (16% upd)
it 90/9765 step 184519 SPS 1359 kl 0.0074 rew 1.37 max_stage 2.00 mult 0.502 | collect 1.34s update 0.24s (15% upd)
it 95/9765 step 194769 SPS 1358 kl 0.0069 rew 2.50 max_stage 2.00 mult 0.419 | collect 1.31s update 0.23s (15% upd)
it 100/9765 step 205014 SPS 1358 kl 0.0064 rew 4.57 max_stage 2.00 mult 0.436 | collect 1.23s update 0.25s (17% upd)
it 105/9765 step 215262 SPS 1360 kl 0.0062 rew 4.57 max_stage 2.00 mult 0.436 | collect 1.27s update 0.24s (16% upd)
it 110/9765 step 225514 SPS 1360 kl 0.0056 rew 4.57 max_stage 2.00 mult 0.454 | collect 1.23s update 0.23s (16% upd)
it 115/9765 step 235765 SPS 1359 kl 0.0063 rew 4.57 max_stage 2.00 mult 0.379 | collect 1.43s update 0.22s (13% upd)
it 120/9765 step 246012 SPS 1359 kl 0.0069 rew 5.06 max_stage 2.25 mult 0.473 | collect 1.23s update 0.24s (16% upd)
it 125/9765 step 256265 SPS 1358 kl 0.0068 rew 5.06 max_stage 2.25 mult 0.473 | collect 1.34s update 0.24s (15% upd)
it 130/9765 step 266521 SPS 1359 kl 0.0062 rew 5.06 max_stage 2.25 mult 0.473 | collect 1.22s update 0.24s (16% upd)
it 135/9765 step 276775 SPS 1360 kl 0.0046 rew 5.06 max_stage 2.25 mult 0.493 | collect 1.25s update 0.23s (16% upd)
it 140/9765 step 287034 SPS 1360 kl 0.0053 rew 5.06 max_stage 2.25 mult 0.411 | collect 1.25s update 0.25s (16% upd)
it 145/9765 step 297292 SPS 1361 kl 0.0056 rew 5.06 max_stage 2.25 mult 0.411 | collect 1.30s update 0.24s (16% upd)
it 150/9765 step 307544 SPS 1359 kl 0.0077 rew 7.52 max_stage 2.60 mult 0.513 | collect 1.27s update 0.20s (14% upd)
it 155/9765 step 317793 SPS 1360 kl 0.0060 rew 7.52 max_stage 2.60 mult 0.428 | collect 1.25s update 0.25s (16% upd)
it 160/9765 step 328044 SPS 1360 kl 0.0053 rew 7.52 max_stage 2.60 mult 0.357 | collect 1.22s update 0.23s (16% upd)
it 165/9765 step 338298 SPS 1359 kl 0.0051 rew 7.52 max_stage 2.60 mult 0.371 | collect 1.35s update 0.23s (15% upd)
it 170/9765 step 348545 SPS 1360 kl 0.0070 rew 7.50 max_stage 2.83 mult 0.464 | collect 1.21s update 0.20s (14% upd)
it 175/9765 step 358796 SPS 1359 kl 0.0055 rew 7.50 max_stage 2.83 mult 0.387 | collect 1.28s update 0.21s (14% upd)
it 180/9765 step 369050 SPS 1360 kl 0.0064 rew 9.82 max_stage 3.44 mult 0.387 | collect 1.24s update 0.20s (14% upd)
it 185/9765 step 379295 SPS 1361 kl 0.0068 rew 9.65 max_stage 3.50 mult 0.387 | collect 1.20s update 0.21s (15% upd)
it 190/9765 step 389547 SPS 1363 kl 0.0067 rew 9.65 max_stage 3.50 mult 0.403 | collect 1.26s update 0.21s (14% upd)
it 195/9765 step 399802 SPS 1363 kl 0.0058 rew 10.76 max_stage 3.67 mult 0.403 | collect 1.21s update 0.21s (15% upd)
it 200/9765 step 410055 SPS 1364 kl 0.0063 rew 10.76 max_stage 3.67 mult 0.336 | collect 1.25s update 0.20s (14% upd)
it 205/9765 step 420307 SPS 1365 kl 0.0065 rew 10.76 max_stage 3.67 mult 0.420 | collect 1.28s update 0.21s (14% upd)
it 210/9765 step 430558 SPS 1366 kl 0.0053 rew 10.76 max_stage 3.67 mult 0.350 | collect 1.26s update 0.20s (14% upd)
it 215/9765 step 440811 SPS 1366 kl 0.0062 rew 10.40 max_stage 3.64 mult 0.350 | collect 1.27s update 0.22s (15% upd)
it 220/9765 step 451066 SPS 1365 kl 0.0074 rew 10.59 max_stage 3.73 mult 0.364 | collect 1.36s update 0.18s (11% upd)
it 225/9765 step 461319 SPS 1366 kl 0.0051 rew 10.59 max_stage 3.73 mult 0.304 | collect 1.26s update 0.21s (15% upd)
it 230/9765 step 471569 SPS 1366 kl 0.0054 rew 10.59 max_stage 3.73 mult 0.380 | collect 1.28s update 0.22s (15% upd)
it 235/9765 step 481816 SPS 1367 kl 0.0049 rew 10.71 max_stage 3.88 mult 0.474 | collect 1.27s update 0.21s (14% upd)
it 240/9765 step 492067 SPS 1367 kl 0.0041 rew 10.71 max_stage 3.88 mult 0.494 | collect 1.25s update 0.21s (14% upd)
it 245/9765 step 502315 SPS 1368 kl 0.0059 rew 10.71 max_stage 3.88 mult 0.343 | collect 1.31s update 0.20s (13% upd)
it 250/9765 step 512562 SPS 1368 kl 0.0056 rew 11.21 max_stage 4.00 mult 0.343 | collect 1.33s update 0.21s (14% upd)
it 255/9765 step 522810 SPS 1368 kl 0.0069 rew 11.21 max_stage 4.00 mult 0.343 | collect 1.25s update 0.20s (14% upd)
it 260/9765 step 533060 SPS 1368 kl 0.0053 rew 11.65 max_stage 4.05 mult 0.286 | collect 1.36s update 0.21s (14% upd)
it 265/9765 step 543311 SPS 1369 kl 0.0047 rew 11.65 max_stage 4.05 mult 0.429 | collect 1.26s update 0.21s (14% upd)
it 270/9765 step 553564 SPS 1369 kl 0.0060 rew 11.65 max_stage 4.05 mult 0.298 | collect 1.32s update 0.19s (13% upd)
it 275/9765 step 563816 SPS 1370 kl 0.0049 rew 11.66 max_stage 4.10 mult 0.447 | collect 1.28s update 0.21s (14% upd)
it 280/9765 step 574068 SPS 1371 kl 0.0056 rew 11.66 max_stage 4.10 mult 0.310 | collect 1.27s update 0.21s (14% upd)
it 285/9765 step 584314 SPS 1369 kl 0.0063 rew 11.66 max_stage 4.10 mult 0.310 | collect 1.27s update 0.22s (15% upd)
it 290/9765 step 594559 SPS 1370 kl 0.0053 rew 11.66 max_stage 4.10 mult 0.323 | collect 1.22s update 0.22s (15% upd)
it 295/9765 step 604810 SPS 1370 kl 0.0067 rew 11.66 max_stage 4.10 mult 0.323 | collect 1.27s update 0.21s (14% upd)
it 300/9765 step 615065 SPS 1370 kl 0.0065 rew 11.66 max_stage 4.10 mult 0.323 | collect 1.26s update 0.21s (14% upd)
it 305/9765 step 625319 SPS 1370 kl 0.0059 rew 11.66 max_stage 4.10 mult 0.269 | collect 1.26s update 0.20s (13% upd)
it 310/9765 step 635566 SPS 1370 kl 0.0052 rew 11.66 max_stage 4.10 mult 0.269 | collect 1.27s update 0.20s (13% upd)
it 315/9765 step 645813 SPS 1371 kl 0.0069 rew 11.66 max_stage 4.10 mult 0.337 | collect 1.29s update 0.21s (14% upd)
it 320/9765 step 656063 SPS 1372 kl 0.0080 rew 11.66 max_stage 4.10 mult 0.281 | collect 1.19s update 0.20s (14% upd)
it 325/9765 step 666309 SPS 1372 kl 0.0049 rew 11.66 max_stage 4.10 mult 0.421 | collect 1.22s update 0.22s (15% upd)
it 330/9765 step 676559 SPS 1372 kl 0.0066 rew 11.66 max_stage 4.10 mult 0.244 | collect 1.40s update 0.20s (13% upd)
it 335/9765 step 686810 SPS 1372 kl 0.0076 rew 11.60 max_stage 3.96 mult 0.304 | collect 1.25s update 0.18s (13% upd)
it 340/9765 step 697060 SPS 1373 kl 0.0066 rew 11.50 max_stage 3.96 mult 0.254 | collect 1.18s update 0.20s (14% upd)
it 345/9765 step 707312 SPS 1374 kl 0.0068 rew 11.50 max_stage 3.96 mult 0.317 | collect 1.19s update 0.21s (15% upd)
it 350/9765 step 717560 SPS 1373 kl 0.0069 rew 11.46 max_stage 3.93 mult 0.317 | collect 1.27s update 0.21s (14% upd)
it 355/9765 step 727809 SPS 1374 kl 0.0060 rew 11.46 max_stage 3.93 mult 0.264 | collect 1.27s update 0.21s (14% upd)
it 360/9765 step 738059 SPS 1374 kl 0.0068 rew 11.46 max_stage 3.93 mult 0.275 | collect 1.20s update 0.20s (14% upd)
it 365/9765 step 748307 SPS 1375 kl 0.0076 rew 11.46 max_stage 3.93 mult 0.239 | collect 1.23s update 0.20s (14% upd)
it 370/9765 step 758555 SPS 1376 kl 0.0062 rew 11.46 max_stage 3.93 mult 0.249 | collect 1.20s update 0.20s (14% upd)
it 375/9765 step 768810 SPS 1375 kl 0.0060 rew 11.46 max_stage 3.93 mult 0.249 | collect 1.31s update 0.21s (14% upd)
it 380/9765 step 779066 SPS 1375 kl 0.0071 rew 11.46 max_stage 3.93 mult 0.259 | collect 1.31s update 0.21s (14% upd)
it 385/9765 step 789318 SPS 1374 kl 0.0055 rew 11.42 max_stage 3.97 mult 0.259 | collect 1.28s update 0.21s (14% upd)
it 390/9765 step 799569 SPS 1374 kl 0.0078 rew 11.65 max_stage 4.00 mult 0.324 | collect 1.27s update 0.20s (14% upd)
it 395/9765 step 809826 SPS 1375 kl 0.0066 rew 11.65 max_stage 4.00 mult 0.270 | collect 1.26s update 0.20s (14% upd)
it 400/9765 step 820081 SPS 1375 kl 0.0052 rew 11.65 max_stage 4.00 mult 0.270 | collect 1.29s update 0.21s (14% upd)
it 405/9765 step 830331 SPS 1375 kl 0.0049 rew 11.65 max_stage 4.00 mult 0.338 | collect 1.33s update 0.21s (13% upd)
it 410/9765 step 840586 SPS 1375 kl 0.0073 rew 11.86 max_stage 4.03 mult 0.234 | collect 1.32s update 0.18s (12% upd)
it 415/9765 step 850835 SPS 1375 kl 0.0080 rew 11.86 max_stage 4.03 mult 0.293 | collect 1.29s update 0.24s (16% upd)
it 420/9765 step 861090 SPS 1374 kl 0.0059 rew 11.86 max_stage 4.03 mult 0.244 | collect 1.30s update 0.23s (15% upd)
it 425/9765 step 871335 SPS 1373 kl 0.0055 rew 11.53 max_stage 3.97 mult 0.204 | collect 1.38s update 0.22s (14% upd)
it 430/9765 step 881592 SPS 1373 kl 0.0055 rew 11.81 max_stage 4.00 mult 0.212 | collect 1.29s update 0.24s (15% upd)
it 435/9765 step 891842 SPS 1372 kl 0.0057 rew 11.81 max_stage 4.00 mult 0.212 | collect 1.22s update 0.23s (16% upd)
it 440/9765 step 902095 SPS 1372 kl 0.0050 rew 11.81 max_stage 4.00 mult 0.265 | collect 1.29s update 0.17s (11% upd)
it 445/9765 step 912344 SPS 1372 kl 0.0058 rew 11.66 max_stage 4.00 mult 0.265 | collect 1.24s update 0.24s (16% upd)
it 450/9765 step 922595 SPS 1371 kl 0.0064 rew 11.66 max_stage 4.00 mult 0.221 | collect 1.31s update 0.24s (15% upd)
it 455/9765 step 932841 SPS 1371 kl 0.0084 rew 11.66 max_stage 4.00 mult 0.331 | collect 1.31s update 0.23s (15% upd)
it 460/9765 step 943095 SPS 1371 kl 0.0058 rew 11.66 max_stage 4.00 mult 0.230 | collect 1.34s update 0.24s (15% upd)
it 465/9765 step 953347 SPS 1371 kl 0.0072 rew 11.80 max_stage 4.03 mult 0.288 | collect 1.27s update 0.24s (16% upd)
it 470/9765 step 963595 SPS 1371 kl 0.0066 rew 12.13 max_stage 4.11 mult 0.200 | collect 1.31s update 0.24s (15% upd)
it 475/9765 step 973850 SPS 1370 kl 0.0060 rew 12.13 max_stage 4.11 mult 0.250 | collect 1.28s update 0.23s (15% upd)
it 480/9765 step 984103 SPS 1370 kl 0.0051 rew 12.62 max_stage 4.13 mult 0.260 | collect 1.24s update 0.24s (16% upd)
it 485/9765 step 994349 SPS 1370 kl 0.0059 rew 12.62 max_stage 4.13 mult 0.260 | collect 1.23s update 0.24s (16% upd)
it 490/9765 step 1004598 SPS 1369 kl 0.0066 rew 12.62 max_stage 4.13 mult 0.217 | collect 1.43s update 0.23s (14% upd)
it 495/9765 step 1014847 SPS 1368 kl 0.0054 rew 12.62 max_stage 4.13 mult 0.217 | collect 1.30s update 0.24s (15% upd)
it 500/9765 step 1025102 SPS 1368 kl 0.0052 rew 12.62 max_stage 4.13 mult 0.217 | collect 1.30s update 0.24s (16% upd)
it 505/9765 step 1035351 SPS 1368 kl 0.0052 rew 12.47 max_stage 4.12 mult 0.188 | collect 1.34s update 0.24s (15% upd)
it 510/9765 step 1045602 SPS 1367 kl 0.0068 rew 12.47 max_stage 4.12 mult 0.235 | collect 1.36s update 0.23s (15% upd)
it 515/9765 step 1055856 SPS 1367 kl 0.0062 rew 12.47 max_stage 4.12 mult 0.235 | collect 1.37s update 0.24s (15% upd)
it 520/9765 step 1066109 SPS 1367 kl 0.0060 rew 12.22 max_stage 4.07 mult 0.235 | collect 1.27s update 0.23s (15% upd)
it 525/9765 step 1076361 SPS 1367 kl 0.0070 rew 12.22 max_stage 4.07 mult 0.245 | collect 1.26s update 0.19s (13% upd)
it 530/9765 step 1086607 SPS 1366 kl 0.0051 rew 12.34 max_stage 4.10 mult 0.204 | collect 1.40s update 0.24s (15% upd)
it 535/9765 step 1096856 SPS 1366 kl 0.0050 rew 12.34 max_stage 4.10 mult 0.306 | collect 1.29s update 0.22s (14% upd)
it 540/9765 step 1107109 SPS 1366 kl 0.0067 rew 12.34 max_stage 4.10 mult 0.213 | collect 1.28s update 0.21s (14% upd)
it 545/9765 step 1117358 SPS 1366 kl 0.0068 rew 12.34 max_stage 4.10 mult 0.213 | collect 1.26s update 0.21s (14% upd)
it 550/9765 step 1127610 SPS 1367 kl 0.0062 rew 12.34 max_stage 4.10 mult 0.221 | collect 1.31s update 0.21s (14% upd)
it 555/9765 step 1137865 SPS 1367 kl 0.0048 rew 12.34 max_stage 4.10 mult 0.332 | collect 1.33s update 0.21s (14% upd)
it 560/9765 step 1148122 SPS 1367 kl 0.0042 rew 12.44 max_stage 4.14 mult 0.192 | collect 1.30s update 0.14s (9% upd)
it 565/9765 step 1158378 SPS 1367 kl 0.0056 rew 12.44 max_stage 4.14 mult 0.200 | collect 1.37s update 0.21s (13% upd)
it 570/9765 step 1168634 SPS 1367 kl 0.0068 rew 12.44 max_stage 4.14 mult 0.250 | collect 1.27s update 0.21s (14% upd)
it 575/9765 step 1178885 SPS 1368 kl 0.0057 rew 12.42 max_stage 4.13 mult 0.209 | collect 1.25s update 0.21s (14% upd)
it 580/9765 step 1189137 SPS 1368 kl 0.0050 rew 12.44 max_stage 4.15 mult 0.261 | collect 1.24s update 0.21s (15% upd)
it 585/9765 step 1199385 SPS 1368 kl 0.0067 rew 12.44 max_stage 4.15 mult 0.272 | collect 1.38s update 0.21s (13% upd)
it 590/9765 step 1209642 SPS 1369 kl 0.0058 rew 12.44 max_stage 4.15 mult 0.226 | collect 1.17s update 0.21s (15% upd)
it 595/9765 step 1219900 SPS 1370 kl 0.0067 rew 12.44 max_stage 4.15 mult 0.236 | collect 1.20s update 0.21s (15% upd)
it 600/9765 step 1230156 SPS 1370 kl 0.0053 rew 12.44 max_stage 4.15 mult 0.196 | collect 1.28s update 0.22s (15% upd)
it 605/9765 step 1240411 SPS 1370 kl 0.0051 rew 12.44 max_stage 4.15 mult 0.196 | collect 1.31s update 0.20s (13% upd)
it 610/9765 step 1250656 SPS 1370 kl 0.0062 rew 12.45 max_stage 4.23 mult 0.246 | collect 1.23s update 0.19s (13% upd)
it 615/9765 step 1260909 SPS 1369 kl 0.0067 rew 12.45 max_stage 4.23 mult 0.256 | collect 1.33s update 0.10s (7% upd)
it 620/9765 step 1271164 SPS 1369 kl 0.0062 rew 12.65 max_stage 4.22 mult 0.256 | collect 1.23s update 0.21s (15% upd)
it 625/9765 step 1281411 SPS 1370 kl 0.0067 rew 12.65 max_stage 4.22 mult 0.213 | collect 1.20s update 0.18s (13% upd)
it 630/9765 step 1291662 SPS 1370 kl 0.0057 rew 12.65 max_stage 4.22 mult 0.185 | collect 1.21s update 0.20s (14% upd)
it 635/9765 step 1301911 SPS 1370 kl 0.0063 rew 12.65 max_stage 4.22 mult 0.231 | collect 1.31s update 0.20s (13% upd)
it 640/9765 step 1312165 SPS 1370 kl 0.0063 rew 12.65 max_stage 4.22 mult 0.241 | collect 1.28s update 0.21s (14% upd)
it 645/9765 step 1322414 SPS 1371 kl 0.0050 rew 12.56 max_stage 4.26 mult 0.251 | collect 1.24s update 0.20s (14% upd)
it 650/9765 step 1332672 SPS 1370 kl 0.0063 rew 12.72 max_stage 4.27 mult 0.251 | collect 1.27s update 0.22s (15% upd)
it 655/9765 step 1342930 SPS 1370 kl 0.0059 rew 12.94 max_stage 4.33 mult 0.209 | collect 1.30s update 0.22s (15% upd)
it 660/9765 step 1353182 SPS 1371 kl 0.0067 rew 12.94 max_stage 4.33 mult 0.209 | collect 1.24s update 0.21s (15% upd)
it 665/9765 step 1363436 SPS 1371 kl 0.0048 rew 12.94 max_stage 4.33 mult 0.261 | collect 1.24s update 0.22s (15% upd)
it 670/9765 step 1373690 SPS 1371 kl 0.0043 rew 12.94 max_stage 4.33 mult 0.272 | collect 1.23s update 0.21s (15% upd)
it 675/9765 step 1383942 SPS 1372 kl 0.0065 rew 12.94 max_stage 4.33 mult 0.189 | collect 1.26s update 0.21s (14% upd)
it 680/9765 step 1394191 SPS 1372 kl 0.0063 rew 12.94 max_stage 4.33 mult 0.197 | collect 1.19s update 0.17s (12% upd)
it 685/9765 step 1404442 SPS 1373 kl 0.0074 rew 12.94 max_stage 4.33 mult 0.246 | collect 1.23s update 0.20s (14% upd)
it 690/9765 step 1414695 SPS 1372 kl 0.0081 rew 12.94 max_stage 4.33 mult 0.205 | collect 1.20s update 0.21s (15% upd)
it 695/9765 step 1424944 SPS 1372 kl 0.0054 rew 12.94 max_stage 4.33 mult 0.214 | collect 1.34s update 0.22s (14% upd)
it 700/9765 step 1435191 SPS 1372 kl 0.0056 rew 13.07 max_stage 4.38 mult 0.214 | collect 1.16s update 0.22s (16% upd)
it 705/9765 step 1445439 SPS 1373 kl 0.0061 rew 13.07 max_stage 4.38 mult 0.223 | collect 1.15s update 0.22s (16% upd)
it 710/9765 step 1455688 SPS 1373 kl 0.0060 rew 13.07 max_stage 4.38 mult 0.223 | collect 1.23s update 0.21s (15% upd)
it 715/9765 step 1465940 SPS 1374 kl 0.0061 rew 13.07 max_stage 4.38 mult 0.232 | collect 1.17s update 0.21s (15% upd)
it 720/9765 step 1476186 SPS 1374 kl 0.0045 rew 13.07 max_stage 4.38 mult 0.290 | collect 1.14s update 0.21s (15% upd)
it 725/9765 step 1486442 SPS 1375 kl 0.0063 rew 13.11 max_stage 4.39 mult 0.201 | collect 1.37s update 0.18s (12% upd)
it 730/9765 step 1496693 SPS 1374 kl 0.0067 rew 13.16 max_stage 4.44 mult 0.201 | collect 1.45s update 0.22s (13% upd)
it 735/9765 step 1506951 SPS 1374 kl 0.0064 rew 13.16 max_stage 4.44 mult 0.210 | collect 1.16s update 0.18s (13% upd)
it 740/9765 step 1517196 SPS 1375 kl 0.0056 rew 13.28 max_stage 4.45 mult 0.210 | collect 1.36s update 0.21s (14% upd)
it 745/9765 step 1527446 SPS 1375 kl 0.0049 rew 13.28 max_stage 4.45 mult 0.175 | collect 1.25s update 0.19s (13% upd)
it 750/9765 step 1537695 SPS 1375 kl 0.0046 rew 13.36 max_stage 4.49 mult 0.273 | collect 1.18s update 0.21s (15% upd)
it 755/9765 step 1547945 SPS 1375 kl 0.0047 rew 13.36 max_stage 4.49 mult 0.285 | collect 1.36s update 0.20s (13% upd)
it 760/9765 step 1558198 SPS 1375 kl 0.0071 rew 13.36 max_stage 4.49 mult 0.247 | collect 1.40s update 0.21s (13% upd)
it 765/9765 step 1568449 SPS 1375 kl 0.0053 rew 13.38 max_stage 4.53 mult 0.206 | collect 1.26s update 0.21s (14% upd)
it 770/9765 step 1578707 SPS 1375 kl 0.0061 rew 13.23 max_stage 4.53 mult 0.206 | collect 1.25s update 0.20s (14% upd)
it 775/9765 step 1588953 SPS 1376 kl 0.0061 rew 13.23 max_stage 4.53 mult 0.206 | collect 1.18s update 0.21s (15% upd)
it 780/9765 step 1599208 SPS 1376 kl 0.0067 rew 13.23 max_stage 4.53 mult 0.214 | collect 1.29s update 0.22s (15% upd)
it 785/9765 step 1609467 SPS 1376 kl 0.0059 rew 13.26 max_stage 4.52 mult 0.223 | collect 1.26s update 0.20s (14% upd)
it 790/9765 step 1619716 SPS 1376 kl 0.0059 rew 13.26 max_stage 4.52 mult 0.233 | collect 1.28s update 0.17s (12% upd)
it 795/9765 step 1629965 SPS 1376 kl 0.0063 rew 13.31 max_stage 4.59 mult 0.233 | collect 1.31s update 0.21s (14% upd)
it 800/9765 step 1640216 SPS 1376 kl 0.0070 rew 13.31 max_stage 4.59 mult 0.194 | collect 1.20s update 0.16s (12% upd)
it 805/9765 step 1650468 SPS 1377 kl 0.0048 rew 13.31 max_stage 4.59 mult 0.291 | collect 1.22s update 0.21s (15% upd)
it 810/9765 step 1660721 SPS 1377 kl 0.0053 rew 13.31 max_stage 4.59 mult 0.202 | collect 1.19s update 0.21s (15% upd)
it 815/9765 step 1670974 SPS 1377 kl 0.0056 rew 13.31 max_stage 4.59 mult 0.210 | collect 1.16s update 0.13s (10% upd)
it 820/9765 step 1681233 SPS 1377 kl 0.0050 rew 13.31 max_stage 4.59 mult 0.175 | collect 1.26s update 0.20s (14% upd)
it 825/9765 step 1691485 SPS 1377 kl 0.0065 rew 13.31 max_stage 4.59 mult 0.219 | collect 1.44s update 0.20s (12% upd)
it 830/9765 step 1701736 SPS 1377 kl 0.0070 rew 13.29 max_stage 4.60 mult 0.228 | collect 1.27s update 0.21s (14% upd)
it 835/9765 step 1711984 SPS 1377 kl 0.0049 rew 13.29 max_stage 4.60 mult 0.285 | collect 1.21s update 0.20s (14% upd)
it 840/9765 step 1722231 SPS 1378 kl 0.0060 rew 13.29 max_stage 4.60 mult 0.198 | collect 1.21s update 0.21s (15% upd)
it 845/9765 step 1732480 SPS 1378 kl 0.0058 rew 13.29 max_stage 4.60 mult 0.172 | collect 1.35s update 0.19s (12% upd)
it 850/9765 step 1742733 SPS 1378 kl 0.0064 rew 13.29 max_stage 4.60 mult 0.215 | collect 1.24s update 0.24s (16% upd)
it 855/9765 step 1752976 SPS 1378 kl 0.0056 rew 13.29 max_stage 4.60 mult 0.187 | collect 1.31s update 0.19s (13% upd)
it 860/9765 step 1763230 SPS 1378 kl 0.0048 rew 13.29 max_stage 4.60 mult 0.280 | collect 1.31s update 0.23s (15% upd)
it 865/9765 step 1773483 SPS 1378 kl 0.0052 rew 13.29 max_stage 4.60 mult 0.162 | collect 1.28s update 0.23s (15% upd)
it 870/9765 step 1783734 SPS 1378 kl 0.0070 rew 13.29 max_stage 4.60 mult 0.202 | collect 1.23s update 0.22s (15% upd)
it 875/9765 step 1793988 SPS 1378 kl 0.0064 rew 13.34 max_stage 4.58 mult 0.253 | collect 1.23s update 0.24s (16% upd)
it 880/9765 step 1804236 SPS 1377 kl 0.0075 rew 13.19 max_stage 4.58 mult 0.211 | collect 1.53s update 0.23s (13% upd)
it 885/9765 step 1814487 SPS 1377 kl 0.0047 rew 13.22 max_stage 4.57 mult 0.264 | collect 1.42s update 0.24s (14% upd)
it 890/9765 step 1824742 SPS 1377 kl 0.0071 rew 13.16 max_stage 4.56 mult 0.220 | collect 1.24s update 0.24s (16% upd)
it 895/9765 step 1834991 SPS 1377 kl 0.0075 rew 13.16 max_stage 4.56 mult 0.191 | collect 1.32s update 0.23s (15% upd)
it 900/9765 step 1845245 SPS 1376 kl 0.0059 rew 13.17 max_stage 4.58 mult 0.191 | collect 1.21s update 0.24s (16% upd)
it 905/9765 step 1855495 SPS 1376 kl 0.0058 rew 13.17 max_stage 4.58 mult 0.159 | collect 1.23s update 0.23s (16% upd)
it 910/9765 step 1865753 SPS 1376 kl 0.0063 rew 13.17 max_stage 4.58 mult 0.166 | collect 1.23s update 0.22s (15% upd)
it 915/9765 step 1876005 SPS 1376 kl 0.0053 rew 13.17 max_stage 4.58 mult 0.138 | collect 1.25s update 0.23s (16% upd)
it 920/9765 step 1886261 SPS 1376 kl 0.0057 rew 13.17 max_stage 4.58 mult 0.207 | collect 1.26s update 0.23s (16% upd)
it 925/9765 step 1896512 SPS 1376 kl 0.0067 rew 13.17 max_stage 4.58 mult 0.216 | collect 1.15s update 0.24s (17% upd)
it 930/9765 step 1906767 SPS 1376 kl 0.0079 rew 13.17 max_stage 4.58 mult 0.216 | collect 1.28s update 0.24s (16% upd)
it 935/9765 step 1917019 SPS 1376 kl 0.0074 rew 13.17 max_stage 4.58 mult 0.225 | collect 1.27s update 0.19s (13% upd)
it 940/9765 step 1927272 SPS 1376 kl 0.0057 rew 13.17 max_stage 4.58 mult 0.187 | collect 1.26s update 0.23s (16% upd)
it 945/9765 step 1937518 SPS 1376 kl 0.0077 rew 13.17 max_stage 4.58 mult 0.234 | collect 1.22s update 0.23s (16% upd)
it 950/9765 step 1947771 SPS 1376 kl 0.0064 rew 13.17 max_stage 4.58 mult 0.203 | collect 1.39s update 0.08s (5% upd)
it 955/9765 step 1958018 SPS 1376 kl 0.0058 rew 13.17 max_stage 4.58 mult 0.212 | collect 1.32s update 0.24s (15% upd)
it 960/9765 step 1968269 SPS 1376 kl 0.0058 rew 13.49 max_stage 4.63 mult 0.176 | collect 1.31s update 0.24s (15% upd)
it 965/9765 step 1978522 SPS 1376 kl 0.0060 rew 13.49 max_stage 4.63 mult 0.184 | collect 1.25s update 0.24s (16% upd)
it 970/9765 step 1988776 SPS 1375 kl 0.0066 rew 13.49 max_stage 4.63 mult 0.153 | collect 1.44s update 0.21s (13% upd)
it 975/9765 step 1999028 SPS 1375 kl 0.0075 rew 13.35 max_stage 4.59 mult 0.230 | collect 1.21s update 0.23s (16% upd)
it 980/9765 step 2009275 SPS 1375 kl 0.0066 rew 13.44 max_stage 4.63 mult 0.199 | collect 1.32s update 0.24s (15% upd)
it 985/9765 step 2019531 SPS 1375 kl 0.0056 rew 13.65 max_stage 4.66 mult 0.208 | collect 1.29s update 0.21s (14% upd)
it 990/9765 step 2029785 SPS 1375 kl 0.0060 rew 13.66 max_stage 4.66 mult 0.173 | collect 1.23s update 0.21s (14% upd)
it 995/9765 step 2040034 SPS 1375 kl 0.0053 rew 13.61 max_stage 4.68 mult 0.180 | collect 1.33s update 0.23s (15% upd)
it 1000/9765 step 2050287 SPS 1375 kl 0.0068 rew 13.66 max_stage 4.68 mult 0.225 | collect 1.29s update 0.24s (16% upd)
it 1005/9765 step 2060538 SPS 1375 kl 0.0051 rew 13.66 max_stage 4.68 mult 0.188 | collect 1.21s update 0.23s (16% upd)
it 1010/9765 step 2070784 SPS 1375 kl 0.0061 rew 13.57 max_stage 4.66 mult 0.156 | collect 1.23s update 0.24s (16% upd)
it 1015/9765 step 2081038 SPS 1375 kl 0.0052 rew 13.68 max_stage 4.69 mult 0.156 | collect 1.19s update 0.24s (17% upd)
it 1020/9765 step 2091290 SPS 1374 kl 0.0060 rew 13.78 max_stage 4.71 mult 0.156 | collect 1.25s update 0.23s (16% upd)
it 1025/9765 step 2101539 SPS 1374 kl 0.0055 rew 13.96 max_stage 4.71 mult 0.163 | collect 1.35s update 0.23s (15% upd)
it 1030/9765 step 2111791 SPS 1374 kl 0.0043 rew 13.91 max_stage 4.73 mult 0.244 | collect 1.23s update 0.23s (16% upd)
it 1035/9765 step 2122036 SPS 1375 kl 0.0069 rew 13.91 max_stage 4.73 mult 0.204 | collect 1.24s update 0.24s (16% upd)
it 1040/9765 step 2132285 SPS 1375 kl 0.0069 rew 13.91 max_stage 4.73 mult 0.170 | collect 1.19s update 0.24s (17% upd)
it 1045/9765 step 2142534 SPS 1375 kl 0.0081 rew 13.91 max_stage 4.73 mult 0.212 | collect 1.21s update 0.17s (12% upd)
it 1050/9765 step 2152785 SPS 1374 kl 0.0056 rew 13.91 max_stage 4.73 mult 0.147 | collect 1.45s update 0.21s (13% upd)
it 1055/9765 step 2163034 SPS 1375 kl 0.0047 rew 13.91 max_stage 4.73 mult 0.230 | collect 1.19s update 0.25s (17% upd)
it 1060/9765 step 2173291 SPS 1375 kl 0.0060 rew 13.91 max_stage 4.73 mult 0.192 | collect 1.22s update 0.23s (16% upd)
it 1065/9765 step 2183542 SPS 1375 kl 0.0083 rew 13.78 max_stage 4.69 mult 0.200 | collect 1.19s update 0.24s (17% upd)
it 1070/9765 step 2193793 SPS 1375 kl 0.0057 rew 13.78 max_stage 4.69 mult 0.166 | collect 1.21s update 0.23s (16% upd)
it 1075/9765 step 2204048 SPS 1375 kl 0.0056 rew 13.78 max_stage 4.69 mult 0.166 | collect 1.23s update 0.24s (16% upd)
it 1080/9765 step 2214297 SPS 1375 kl 0.0064 rew 13.78 max_stage 4.69 mult 0.208 | collect 1.28s update 0.24s (16% upd)
it 1085/9765 step 2224546 SPS 1375 kl 0.0058 rew 13.78 max_stage 4.69 mult 0.173 | collect 1.22s update 0.24s (17% upd)
it 1090/9765 step 2234797 SPS 1375 kl 0.0059 rew 13.78 max_stage 4.69 mult 0.181 | collect 1.30s update 0.24s (15% upd)
it 1095/9765 step 2245047 SPS 1375 kl 0.0074 rew 13.82 max_stage 4.70 mult 0.188 | collect 1.25s update 0.24s (16% upd)
it 1100/9765 step 2255296 SPS 1374 kl 0.0071 rew 13.86 max_stage 4.69 mult 0.188 | collect 1.23s update 0.24s (16% upd)
it 1105/9765 step 2265552 SPS 1374 kl 0.0071 rew 13.86 max_stage 4.69 mult 0.196 | collect 1.26s update 0.24s (16% upd)
it 1110/9765 step 2275799 SPS 1374 kl 0.0059 rew 13.86 max_stage 4.69 mult 0.163 | collect 1.21s update 0.24s (17% upd)
it 1115/9765 step 2286057 SPS 1374 kl 0.0071 rew 13.86 max_stage 4.69 mult 0.204 | collect 1.36s update 0.24s (15% upd)
it 1120/9765 step 2296310 SPS 1374 kl 0.0059 rew 14.02 max_stage 4.72 mult 0.142 | collect 1.19s update 0.25s (18% upd)
it 1125/9765 step 2306566 SPS 1374 kl 0.0059 rew 14.02 max_stage 4.72 mult 0.177 | collect 1.28s update 0.24s (16% upd)
it 1130/9765 step 2316821 SPS 1374 kl 0.0045 rew 14.02 max_stage 4.72 mult 0.148 | collect 1.21s update 0.15s (11% upd)
it 1135/9765 step 2327070 SPS 1374 kl 0.0056 rew 14.02 max_stage 4.72 mult 0.148 | collect 1.30s update 0.24s (16% upd)
it 1140/9765 step 2337319 SPS 1374 kl 0.0046 rew 14.01 max_stage 4.71 mult 0.231 | collect 1.35s update 0.24s (15% upd)
it 1145/9765 step 2347569 SPS 1374 kl 0.0075 rew 14.02 max_stage 4.72 mult 0.167 | collect 1.33s update 0.21s (14% upd)
it 1150/9765 step 2357815 SPS 1374 kl 0.0062 rew 14.02 max_stage 4.72 mult 0.139 | collect 1.33s update 0.24s (15% upd)
it 1155/9765 step 2368058 SPS 1374 kl 0.0060 rew 13.80 max_stage 4.67 mult 0.174 | collect 1.34s update 0.18s (12% upd)
it 1160/9765 step 2378307 SPS 1374 kl 0.0068 rew 13.80 max_stage 4.67 mult 0.181 | collect 1.34s update 0.19s (13% upd)
it 1165/9765 step 2388568 SPS 1373 kl 0.0058 rew 13.80 max_stage 4.67 mult 0.126 | collect 1.26s update 0.23s (16% upd)
it 1170/9765 step 2398817 SPS 1374 kl 0.0060 rew 13.80 max_stage 4.67 mult 0.157 | collect 1.27s update 0.24s (16% upd)
it 1175/9765 step 2409069 SPS 1373 kl 0.0059 rew 13.80 max_stage 4.67 mult 0.136 | collect 1.38s update 0.23s (14% upd)
it 1180/9765 step 2419318 SPS 1373 kl 0.0051 rew 13.70 max_stage 4.67 mult 0.136 | collect 1.20s update 0.24s (16% upd)
it 1185/9765 step 2429573 SPS 1373 kl 0.0066 rew 13.70 max_stage 4.67 mult 0.142 | collect 1.30s update 0.22s (15% upd)
it 1190/9765 step 2439821 SPS 1374 kl 0.0071 rew 13.70 max_stage 4.67 mult 0.178 | collect 1.16s update 0.24s (17% upd)
it 1195/9765 step 2450072 SPS 1374 kl 0.0046 rew 13.70 max_stage 4.67 mult 0.185 | collect 1.45s update 0.10s (7% upd)
it 1200/9765 step 2460326 SPS 1374 kl 0.0048 rew 13.71 max_stage 4.67 mult 0.193 | collect 1.20s update 0.23s (16% upd)
it 1205/9765 step 2470575 SPS 1374 kl 0.0053 rew 13.65 max_stage 4.64 mult 0.161 | collect 1.21s update 0.14s (10% upd)
it 1210/9765 step 2480828 SPS 1374 kl 0.0077 rew 13.65 max_stage 4.64 mult 0.201 | collect 1.37s update 0.23s (15% upd)
it 1215/9765 step 2491077 SPS 1374 kl 0.0051 rew 13.65 max_stage 4.64 mult 0.139 | collect 1.26s update 0.24s (16% upd)
it 1220/9765 step 2501329 SPS 1373 kl 0.0051 rew 13.65 max_stage 4.64 mult 0.139 | collect 1.38s update 0.23s (15% upd)
it 1225/9765 step 2511575 SPS 1373 kl 0.0064 rew 13.76 max_stage 4.68 mult 0.174 | collect 1.22s update 0.24s (16% upd)
it 1230/9765 step 2521824 SPS 1373 kl 0.0077 rew 13.80 max_stage 4.70 mult 0.151 | collect 1.32s update 0.24s (15% upd)
it 1235/9765 step 2532073 SPS 1373 kl 0.0071 rew 13.92 max_stage 4.73 mult 0.227 | collect 1.21s update 0.24s (17% upd)
it 1240/9765 step 2542324 SPS 1373 kl 0.0062 rew 13.92 max_stage 4.73 mult 0.158 | collect 1.20s update 0.23s (16% upd)
it 1245/9765 step 2552583 SPS 1373 kl 0.0067 rew 13.92 max_stage 4.73 mult 0.164 | collect 1.28s update 0.24s (16% upd)
it 1250/9765 step 2562832 SPS 1373 kl 0.0066 rew 14.01 max_stage 4.74 mult 0.171 | collect 1.24s update 0.24s (16% upd)
it 1255/9765 step 2573075 SPS 1373 kl 0.0062 rew 13.96 max_stage 4.72 mult 0.149 | collect 1.24s update 0.22s (15% upd)
it 1260/9765 step 2583323 SPS 1373 kl 0.0062 rew 13.96 max_stage 4.72 mult 0.155 | collect 1.28s update 0.24s (15% upd)
it 1265/9765 step 2593569 SPS 1373 kl 0.0058 rew 13.96 max_stage 4.72 mult 0.161 | collect 1.24s update 0.24s (16% upd)
it 1270/9765 step 2603821 SPS 1373 kl 0.0051 rew 13.96 max_stage 4.72 mult 0.161 | collect 1.18s update 0.24s (17% upd)
it 1275/9765 step 2614077 SPS 1374 kl 0.0058 rew 13.96 max_stage 4.72 mult 0.140 | collect 1.17s update 0.21s (15% upd)
it 1280/9765 step 2624329 SPS 1374 kl 0.0067 rew 14.03 max_stage 4.74 mult 0.175 | collect 1.17s update 0.24s (17% upd)
it 1285/9765 step 2634584 SPS 1374 kl 0.0055 rew 14.03 max_stage 4.74 mult 0.146 | collect 1.36s update 0.24s (15% upd)
it 1290/9765 step 2644849 SPS 1374 kl 0.0072 rew 14.03 max_stage 4.74 mult 0.146 | collect 1.26s update 0.24s (16% upd)
it 1295/9765 step 2655102 SPS 1374 kl 0.0050 rew 14.00 max_stage 4.74 mult 0.152 | collect 1.24s update 0.14s (10% upd)
it 1300/9765 step 2665353 SPS 1374 kl 0.0062 rew 14.00 max_stage 4.74 mult 0.158 | collect 1.30s update 0.24s (15% upd)
it 1305/9765 step 2675606 SPS 1374 kl 0.0055 rew 14.00 max_stage 4.74 mult 0.158 | collect 1.37s update 0.23s (15% upd)
it 1310/9765 step 2685863 SPS 1373 kl 0.0059 rew 14.07 max_stage 4.75 mult 0.158 | collect 1.24s update 0.24s (16% upd)
it 1315/9765 step 2696115 SPS 1373 kl 0.0063 rew 14.07 max_stage 4.75 mult 0.165 | collect 1.32s update 0.24s (15% upd)
it 1320/9765 step 2706366 SPS 1373 kl 0.0043 rew 14.07 max_stage 4.75 mult 0.206 | collect 1.33s update 0.24s (15% upd)
it 1325/9765 step 2716618 SPS 1373 kl 0.0070 rew 14.14 max_stage 4.79 mult 0.143 | collect 1.37s update 0.23s (14% upd)
it 1330/9765 step 2726868 SPS 1373 kl 0.0056 rew 14.14 max_stage 4.79 mult 0.149 | collect 1.19s update 0.24s (17% upd)
it 1335/9765 step 2737115 SPS 1373 kl 0.0054 rew 14.18 max_stage 4.78 mult 0.149 | collect 1.32s update 0.24s (15% upd)
it 1340/9765 step 2747367 SPS 1373 kl 0.0055 rew 14.18 max_stage 4.78 mult 0.155 | collect 1.35s update 0.24s (15% upd)
it 1345/9765 step 2757618 SPS 1373 kl 0.0046 rew 14.21 max_stage 4.79 mult 0.233 | collect 1.23s update 0.24s (16% upd)
it 1350/9765 step 2767874 SPS 1373 kl 0.0052 rew 14.21 max_stage 4.79 mult 0.162 | collect 1.28s update 0.23s (15% upd)
it 1355/9765 step 2778126 SPS 1373 kl 0.0064 rew 14.21 max_stage 4.79 mult 0.168 | collect 1.19s update 0.24s (17% upd)
it 1360/9765 step 2788377 SPS 1373 kl 0.0055 rew 14.21 max_stage 4.79 mult 0.175 | collect 1.24s update 0.25s (17% upd)
it 1365/9765 step 2798624 SPS 1373 kl 0.0073 rew 14.21 max_stage 4.79 mult 0.219 | collect 1.33s update 0.23s (15% upd)
it 1370/9765 step 2808869 SPS 1373 kl 0.0052 rew 14.21 max_stage 4.79 mult 0.190 | collect 1.29s update 0.12s (8% upd)
it 1375/9765 step 2819129 SPS 1373 kl 0.0057 rew 14.24 max_stage 4.79 mult 0.165 | collect 1.28s update 0.23s (15% upd)
it 1380/9765 step 2829384 SPS 1373 kl 0.0072 rew 14.24 max_stage 4.79 mult 0.143 | collect 1.27s update 0.22s (15% upd)
it 1385/9765 step 2839638 SPS 1373 kl 0.0056 rew 14.24 max_stage 4.79 mult 0.179 | collect 1.24s update 0.14s (10% upd)
it 1390/9765 step 2849894 SPS 1373 kl 0.0061 rew 14.24 max_stage 4.79 mult 0.179 | collect 1.27s update 0.24s (16% upd)
it 1395/9765 step 2860141 SPS 1373 kl 0.0058 rew 14.24 max_stage 4.79 mult 0.149 | collect 1.35s update 0.23s (15% upd)
it 1400/9765 step 2870390 SPS 1373 kl 0.0048 rew 14.15 max_stage 4.76 mult 0.233 | collect 1.31s update 0.24s (15% upd)
it 1405/9765 step 2880646 SPS 1373 kl 0.0065 rew 14.15 max_stage 4.76 mult 0.162 | collect 1.28s update 0.24s (16% upd)
it 1410/9765 step 2890902 SPS 1373 kl 0.0069 rew 14.19 max_stage 4.78 mult 0.169 | collect 1.17s update 0.22s (16% upd)
it 1415/9765 step 2901158 SPS 1373 kl 0.0046 rew 14.19 max_stage 4.78 mult 0.220 | collect 1.23s update 0.24s (16% upd)
it 1420/9765 step 2911406 SPS 1373 kl 0.0076 rew 14.24 max_stage 4.78 mult 0.191 | collect 1.39s update 0.23s (14% upd)
it 1425/9765 step 2921664 SPS 1373 kl 0.0065 rew 14.50 max_stage 4.81 mult 0.199 | collect 1.19s update 0.24s (17% upd)
it 1430/9765 step 2931913 SPS 1373 kl 0.0061 rew 14.50 max_stage 4.81 mult 0.166 | collect 1.31s update 0.22s (14% upd)
it 1435/9765 step 2942165 SPS 1373 kl 0.0046 rew 14.50 max_stage 4.81 mult 0.248 | collect 1.18s update 0.24s (17% upd)
it 1440/9765 step 2952412 SPS 1373 kl 0.0059 rew 14.50 max_stage 4.81 mult 0.173 | collect 1.24s update 0.21s (15% upd)
it 1445/9765 step 2962662 SPS 1373 kl 0.0055 rew 14.50 max_stage 4.81 mult 0.150 | collect 1.25s update 0.19s (13% upd)
it 1450/9765 step 2972917 SPS 1374 kl 0.0068 rew 14.50 max_stage 4.81 mult 0.187 | collect 1.20s update 0.22s (15% upd)
it 1455/9765 step 2983172 SPS 1374 kl 0.0074 rew 14.50 max_stage 4.81 mult 0.162 | collect 1.25s update 0.19s (13% upd)
it 1460/9765 step 2993425 SPS 1374 kl 0.0070 rew 14.56 max_stage 4.82 mult 0.203 | collect 1.20s update 0.14s (11% upd)
it 1465/9765 step 3003678 SPS 1374 kl 0.0064 rew 14.56 max_stage 4.82 mult 0.176 | collect 1.19s update 0.20s (14% upd)
it 1470/9765 step 3013922 SPS 1374 kl 0.0052 rew 14.56 max_stage 4.82 mult 0.153 | collect 1.31s update 0.10s (7% upd)
it 1475/9765 step 3024176 SPS 1374 kl 0.0059 rew 14.56 max_stage 4.82 mult 0.133 | collect 1.21s update 0.17s (12% upd)
it 1480/9765 step 3034431 SPS 1374 kl 0.0055 rew 14.56 max_stage 4.82 mult 0.138 | collect 1.41s update 0.20s (12% upd)
it 1485/9765 step 3044686 SPS 1374 kl 0.0045 rew 14.58 max_stage 4.82 mult 0.216 | collect 1.20s update 0.20s (14% upd)
it 1490/9765 step 3054941 SPS 1374 kl 0.0065 rew 14.58 max_stage 4.82 mult 0.188 | collect 1.27s update 0.16s (11% upd)
it 1495/9765 step 3065196 SPS 1375 kl 0.0067 rew 14.65 max_stage 4.84 mult 0.163 | collect 1.27s update 0.19s (13% upd)
it 1500/9765 step 3075449 SPS 1375 kl 0.0064 rew 14.66 max_stage 4.85 mult 0.163 | collect 1.31s update 0.20s (14% upd)
it 1505/9765 step 3085700 SPS 1375 kl 0.0071 rew 14.66 max_stage 4.85 mult 0.136 | collect 1.22s update 0.18s (13% upd)
it 1510/9765 step 3095957 SPS 1375 kl 0.0050 rew 14.60 max_stage 4.84 mult 0.170 | collect 1.29s update 0.21s (14% upd)
it 1515/9765 step 3106206 SPS 1375 kl 0.0058 rew 14.60 max_stage 4.84 mult 0.177 | collect 1.28s update 0.21s (14% upd)
it 1520/9765 step 3116460 SPS 1375 kl 0.0053 rew 14.60 max_stage 4.84 mult 0.147 | collect 1.39s update 0.20s (13% upd)
it 1525/9765 step 3126711 SPS 1375 kl 0.0071 rew 14.60 max_stage 4.83 mult 0.184 | collect 1.26s update 0.19s (13% upd)
it 1530/9765 step 3136961 SPS 1375 kl 0.0066 rew 14.56 max_stage 4.81 mult 0.160 | collect 1.32s update 0.21s (14% upd)
it 1535/9765 step 3147222 SPS 1375 kl 0.0064 rew 14.56 max_stage 4.81 mult 0.167 | collect 1.19s update 0.17s (13% upd)
it 1540/9765 step 3157479 SPS 1375 kl 0.0039 rew 14.56 max_stage 4.81 mult 0.208 | collect 1.31s update 0.21s (14% upd)
it 1545/9765 step 3167731 SPS 1375 kl 0.0068 rew 14.56 max_stage 4.81 mult 0.181 | collect 1.29s update 0.20s (13% upd)
it 1550/9765 step 3177979 SPS 1375 kl 0.0059 rew 14.65 max_stage 4.84 mult 0.181 | collect 1.26s update 0.20s (14% upd)
it 1555/9765 step 3188224 SPS 1375 kl 0.0044 rew 14.62 max_stage 4.85 mult 0.226 | collect 1.30s update 0.20s (13% upd)
it 1560/9765 step 3198477 SPS 1375 kl 0.0065 rew 14.58 max_stage 4.86 mult 0.157 | collect 1.27s update 0.20s (14% upd)
it 1565/9765 step 3208728 SPS 1375 kl 0.0051 rew 14.58 max_stage 4.86 mult 0.163 | collect 1.24s update 0.22s (15% upd)
it 1570/9765 step 3218975 SPS 1376 kl 0.0044 rew 14.58 max_stage 4.86 mult 0.170 | collect 1.32s update 0.12s (9% upd)
it 1575/9765 step 3229225 SPS 1376 kl 0.0050 rew 14.55 max_stage 4.85 mult 0.142 | collect 1.19s update 0.21s (15% upd)
it 1580/9765 step 3239480 SPS 1376 kl 0.0052 rew 14.57 max_stage 4.84 mult 0.148 | collect 1.28s update 0.21s (14% upd)
it 1585/9765 step 3249729 SPS 1376 kl 0.0057 rew 14.57 max_stage 4.84 mult 0.128 | collect 1.27s update 0.20s (14% upd)
it 1590/9765 step 3259979 SPS 1376 kl 0.0041 rew 14.57 max_stage 4.84 mult 0.200 | collect 1.27s update 0.21s (14% upd)
it 1595/9765 step 3270227 SPS 1376 kl 0.0045 rew 14.57 max_stage 4.84 mult 0.209 | collect 1.20s update 0.21s (15% upd)
it 1600/9765 step 3280478 SPS 1376 kl 0.0073 rew 14.57 max_stage 4.84 mult 0.181 | collect 1.20s update 0.18s (13% upd)
it 1605/9765 step 3290726 SPS 1376 kl 0.0086 rew 14.57 max_stage 4.84 mult 0.189 | collect 1.22s update 0.18s (13% upd)
it 1610/9765 step 3300977 SPS 1376 kl 0.0040 rew 14.61 max_stage 4.84 mult 0.197 | collect 1.28s update 0.20s (14% upd)
it 1615/9765 step 3311232 SPS 1377 kl 0.0067 rew 14.61 max_stage 4.84 mult 0.171 | collect 1.26s update 0.19s (13% upd)
it 1620/9765 step 3321483 SPS 1376 kl 0.0068 rew 14.55 max_stage 4.82 mult 0.171 | collect 1.36s update 0.20s (13% upd)
it 1625/9765 step 3331737 SPS 1377 kl 0.0060 rew 14.55 max_stage 4.82 mult 0.178 | collect 1.20s update 0.21s (15% upd)
it 1630/9765 step 3341980 SPS 1377 kl 0.0064 rew 14.55 max_stage 4.82 mult 0.185 | collect 1.21s update 0.21s (15% upd)
it 1635/9765 step 3352238 SPS 1377 kl 0.0065 rew 14.55 max_stage 4.82 mult 0.185 | collect 1.30s update 0.20s (13% upd)
it 1640/9765 step 3362494 SPS 1377 kl 0.0043 rew 14.43 max_stage 4.79 mult 0.193 | collect 1.18s update 0.20s (15% upd)
it 1645/9765 step 3372750 SPS 1377 kl 0.0050 rew 14.43 max_stage 4.79 mult 0.161 | collect 1.20s update 0.21s (15% upd)
it 1650/9765 step 3382997 SPS 1377 kl 0.0053 rew 14.43 max_stage 4.79 mult 0.161 | collect 1.28s update 0.20s (13% upd)
it 1655/9765 step 3393251 SPS 1377 kl 0.0049 rew 14.52 max_stage 4.81 mult 0.209 | collect 1.31s update 0.22s (15% upd)
it 1660/9765 step 3403505 SPS 1377 kl 0.0074 rew 14.52 max_stage 4.81 mult 0.182 | collect 1.21s update 0.19s (13% upd)
it 1665/9765 step 3413759 SPS 1377 kl 0.0055 rew 14.50 max_stage 4.83 mult 0.151 | collect 1.27s update 0.21s (14% upd)
it 1670/9765 step 3424013 SPS 1377 kl 0.0069 rew 14.50 max_stage 4.83 mult 0.237 | collect 1.45s update 0.23s (14% upd)
it 1675/9765 step 3434262 SPS 1377 kl 0.0055 rew 14.50 max_stage 4.83 mult 0.205 | collect 1.24s update 0.18s (13% upd)
it 1680/9765 step 3444516 SPS 1377 kl 0.0053 rew 14.50 max_stage 4.83 mult 0.143 | collect 1.36s update 0.17s (11% upd)
it 1685/9765 step 3454760 SPS 1377 kl 0.0049 rew 14.53 max_stage 4.84 mult 0.214 | collect 1.36s update 0.21s (13% upd)
it 1690/9765 step 3465008 SPS 1377 kl 0.0038 rew 14.53 max_stage 4.84 mult 0.186 | collect 1.20s update 0.22s (15% upd)
it 1695/9765 step 3475261 SPS 1377 kl 0.0066 rew 14.53 max_stage 4.84 mult 0.161 | collect 1.31s update 0.21s (14% upd)
it 1700/9765 step 3485503 SPS 1377 kl 0.0060 rew 14.53 max_stage 4.84 mult 0.134 | collect 1.22s update 0.22s (15% upd)
it 1705/9765 step 3495759 SPS 1377 kl 0.0047 rew 14.53 max_stage 4.84 mult 0.252 | collect 1.21s update 0.21s (15% upd)
it 1710/9765 step 3506008 SPS 1377 kl 0.0060 rew 14.53 max_stage 4.84 mult 0.146 | collect 1.20s update 0.21s (15% upd)
it 1715/9765 step 3516265 SPS 1377 kl 0.0066 rew 14.53 max_stage 4.84 mult 0.182 | collect 1.24s update 0.22s (15% upd)
it 1720/9765 step 3526519 SPS 1377 kl 0.0061 rew 14.56 max_stage 4.84 mult 0.158 | collect 1.21s update 0.22s (15% upd)
it 1725/9765 step 3536774 SPS 1377 kl 0.0052 rew 14.51 max_stage 4.82 mult 0.165 | collect 1.26s update 0.22s (15% upd)
it 1730/9765 step 3547034 SPS 1377 kl 0.0059 rew 14.62 max_stage 4.85 mult 0.172 | collect 1.36s update 0.22s (14% upd)
it 1735/9765 step 3557275 SPS 1377 kl 0.0051 rew 14.62 max_stage 4.85 mult 0.143 | collect 1.25s update 0.21s (14% upd)
it 1740/9765 step 3567527 SPS 1377 kl 0.0051 rew 14.62 max_stage 4.85 mult 0.143 | collect 1.20s update 0.20s (14% upd)
it 1745/9765 step 3577769 SPS 1377 kl 0.0070 rew 14.63 max_stage 4.85 mult 0.149 | collect 1.30s update 0.19s (12% upd)
it 1750/9765 step 3588014 SPS 1377 kl 0.0062 rew 14.63 max_stage 4.85 mult 0.155 | collect 1.39s update 0.20s (12% upd)
it 1755/9765 step 3598262 SPS 1377 kl 0.0061 rew 14.63 max_stage 4.85 mult 0.135 | collect 1.25s update 0.20s (14% upd)
it 1760/9765 step 3608512 SPS 1377 kl 0.0070 rew 14.63 max_stage 4.85 mult 0.210 | collect 1.24s update 0.20s (14% upd)
it 1765/9765 step 3618758 SPS 1377 kl 0.0063 rew 14.63 max_stage 4.85 mult 0.183 | collect 1.37s update 0.18s (12% upd)
it 1770/9765 step 3629005 SPS 1377 kl 0.0039 rew 14.66 max_stage 4.86 mult 0.127 | collect 1.35s update 0.14s (10% upd)
it 1775/9765 step 3639251 SPS 1377 kl 0.0062 rew 14.66 max_stage 4.86 mult 0.132 | collect 1.24s update 0.20s (14% upd)
it 1780/9765 step 3649506 SPS 1377 kl 0.0057 rew 14.66 max_stage 4.86 mult 0.138 | collect 1.28s update 0.14s (10% upd)
it 1785/9765 step 3659756 SPS 1377 kl 0.0046 rew 14.66 max_stage 4.86 mult 0.143 | collect 1.35s update 0.20s (13% upd)
it 1790/9765 step 3670007 SPS 1377 kl 0.0042 rew 14.66 max_stage 4.86 mult 0.187 | collect 1.27s update 0.22s (15% upd)
it 1795/9765 step 3680257 SPS 1377 kl 0.0048 rew 14.66 max_stage 4.86 mult 0.243 | collect 1.26s update 0.22s (15% upd)
it 1800/9765 step 3690502 SPS 1377 kl 0.0061 rew 14.73 max_stage 4.86 mult 0.211 | collect 1.32s update 0.21s (14% upd)
it 1805/9765 step 3700756 SPS 1377 kl 0.0068 rew 14.80 max_stage 4.88 mult 0.183 | collect 1.31s update 0.25s (16% upd)
it 1810/9765 step 3711013 SPS 1377 kl 0.0058 rew 14.80 max_stage 4.88 mult 0.191 | collect 1.23s update 0.21s (15% upd)
it 1815/9765 step 3721263 SPS 1377 kl 0.0051 rew 14.80 max_stage 4.88 mult 0.133 | collect 1.34s update 0.21s (13% upd)
it 1820/9765 step 3731508 SPS 1377 kl 0.0068 rew 14.77 max_stage 4.86 mult 0.138 | collect 1.26s update 0.20s (14% upd)
it 1825/9765 step 3741756 SPS 1377 kl 0.0045 rew 14.77 max_stage 4.86 mult 0.216 | collect 1.22s update 0.20s (14% upd)
it 1830/9765 step 3752008 SPS 1377 kl 0.0062 rew 14.77 max_stage 4.86 mult 0.187 | collect 1.30s update 0.15s (10% upd)
it 1835/9765 step 3762253 SPS 1377 kl 0.0067 rew 14.74 max_stage 4.85 mult 0.195 | collect 1.26s update 0.21s (14% upd)
it 1840/9765 step 3772502 SPS 1377 kl 0.0053 rew 14.74 max_stage 4.85 mult 0.163 | collect 1.32s update 0.20s (13% upd)
it 1845/9765 step 3782748 SPS 1377 kl 0.0050 rew 14.74 max_stage 4.85 mult 0.244 | collect 1.15s update 0.20s (15% upd)
it 1850/9765 step 3793001 SPS 1377 kl 0.0064 rew 14.68 max_stage 4.85 mult 0.141 | collect 1.22s update 0.20s (14% upd)
it 1855/9765 step 3803252 SPS 1377 kl 0.0046 rew 14.62 max_stage 4.84 mult 0.220 | collect 1.18s update 0.21s (15% upd)
it 1860/9765 step 3813499 SPS 1377 kl 0.0060 rew 14.53 max_stage 4.81 mult 0.184 | collect 1.35s update 0.21s (13% upd)
it 1865/9765 step 3823755 SPS 1378 kl 0.0072 rew 14.53 max_stage 4.81 mult 0.159 | collect 1.22s update 0.19s (14% upd)
it 1870/9765 step 3834005 SPS 1378 kl 0.0056 rew 14.53 max_stage 4.81 mult 0.159 | collect 1.16s update 0.20s (14% upd)
it 1875/9765 step 3844253 SPS 1378 kl 0.0054 rew 14.53 max_stage 4.81 mult 0.133 | collect 1.23s update 0.20s (14% upd)
it 1880/9765 step 3854499 SPS 1378 kl 0.0040 rew 14.53 max_stage 4.81 mult 0.208 | collect 1.19s update 0.20s (14% upd)
it 1885/9765 step 3864750 SPS 1378 kl 0.0067 rew 14.53 max_stage 4.81 mult 0.144 | collect 1.22s update 0.20s (14% upd)
it 1890/9765 step 3874998 SPS 1378 kl 0.0049 rew 14.57 max_stage 4.83 mult 0.225 | collect 1.22s update 0.21s (15% upd)
it 1895/9765 step 3885251 SPS 1378 kl 0.0072 rew 14.58 max_stage 4.83 mult 0.196 | collect 1.20s update 0.16s (12% upd)
it 1900/9765 step 3895498 SPS 1378 kl 0.0073 rew 14.58 max_stage 4.83 mult 0.204 | collect 1.34s update 0.22s (14% upd)
it 1905/9765 step 3905750 SPS 1378 kl 0.0072 rew 14.63 max_stage 4.84 mult 0.177 | collect 1.37s update 0.20s (13% upd)
it 1910/9765 step 3916006 SPS 1378 kl 0.0053 rew 14.63 max_stage 4.84 mult 0.147 | collect 1.23s update 0.20s (14% upd)
it 1915/9765 step 3926256 SPS 1378 kl 0.0059 rew 14.63 max_stage 4.84 mult 0.184 | collect 1.29s update 0.20s (13% upd)
it 1920/9765 step 3936502 SPS 1378 kl 0.0036 rew 14.63 max_stage 4.84 mult 0.192 | collect 1.28s update 0.21s (14% upd)
it 1925/9765 step 3946747 SPS 1378 kl 0.0059 rew 14.63 max_stage 4.84 mult 0.167 | collect 1.21s update 0.19s (14% upd)
it 1930/9765 step 3957003 SPS 1378 kl 0.0068 rew 14.63 max_stage 4.84 mult 0.167 | collect 1.38s update 0.21s (13% upd)
it 1935/9765 step 3967256 SPS 1378 kl 0.0056 rew 14.64 max_stage 4.84 mult 0.167 | collect 1.29s update 0.20s (13% upd)
it 1940/9765 step 3977510 SPS 1378 kl 0.0043 rew 14.64 max_stage 4.84 mult 0.208 | collect 1.34s update 0.20s (13% upd)
it 1945/9765 step 3987760 SPS 1379 kl 0.0062 rew 14.68 max_stage 4.84 mult 0.173 | collect 1.29s update 0.21s (14% upd)
it 1950/9765 step 3998016 SPS 1378 kl 0.0067 rew 14.68 max_stage 4.84 mult 0.173 | collect 1.32s update 0.21s (14% upd)
it 1955/9765 step 4008268 SPS 1378 kl 0.0058 rew 14.68 max_stage 4.84 mult 0.181 | collect 1.29s update 0.15s (10% upd)
it 1960/9765 step 4018520 SPS 1379 kl 0.0048 rew 14.68 max_stage 4.84 mult 0.157 | collect 1.40s update 0.09s (6% upd)
it 1965/9765 step 4028777 SPS 1378 kl 0.0064 rew 14.79 max_stage 4.89 mult 0.163 | collect 1.26s update 0.21s (14% upd)
it 1970/9765 step 4039020 SPS 1379 kl 0.0058 rew 14.79 max_stage 4.89 mult 0.170 | collect 1.31s update 0.20s (13% upd)
it 1975/9765 step 4049271 SPS 1379 kl 0.0054 rew 14.80 max_stage 4.88 mult 0.142 | collect 1.20s update 0.21s (15% upd)
it 1980/9765 step 4059530 SPS 1379 kl 0.0047 rew 14.78 max_stage 4.88 mult 0.222 | collect 1.29s update 0.20s (14% upd)
it 1985/9765 step 4069779 SPS 1379 kl 0.0054 rew 14.78 max_stage 4.88 mult 0.154 | collect 1.27s update 0.20s (13% upd)
it 1990/9765 step 4080037 SPS 1379 kl 0.0050 rew 14.78 max_stage 4.88 mult 0.160 | collect 1.23s update 0.09s (7% upd)
it 1995/9765 step 4090285 SPS 1379 kl 0.0071 rew 14.80 max_stage 4.88 mult 0.200 | collect 1.30s update 0.20s (13% upd)
it 2000/9765 step 4100530 SPS 1379 kl 0.0069 rew 14.74 max_stage 4.87 mult 0.174 | collect 1.24s update 0.18s (12% upd)
it 2005/9765 step 4110784 SPS 1379 kl 0.0062 rew 14.79 max_stage 4.86 mult 0.151 | collect 1.27s update 0.20s (13% upd)
it 2010/9765 step 4121033 SPS 1379 kl 0.0052 rew 14.79 max_stage 4.86 mult 0.151 | collect 1.24s update 0.21s (15% upd)
it 2015/9765 step 4131284 SPS 1379 kl 0.0047 rew 14.79 max_stage 4.86 mult 0.227 | collect 1.26s update 0.21s (14% upd)
it 2020/9765 step 4141528 SPS 1379 kl 0.0057 rew 14.79 max_stage 4.86 mult 0.157 | collect 1.30s update 0.20s (13% upd)
it 2025/9765 step 4151777 SPS 1379 kl 0.0046 rew 14.79 max_stage 4.86 mult 0.197 | collect 1.17s update 0.20s (15% upd)
it 2030/9765 step 4162022 SPS 1379 kl 0.0057 rew 14.79 max_stage 4.86 mult 0.171 | collect 1.55s update 0.15s (9% upd)
it 2035/9765 step 4172274 SPS 1379 kl 0.0051 rew 14.80 max_stage 4.86 mult 0.142 | collect 1.21s update 0.20s (14% upd)
it 2040/9765 step 4182529 SPS 1379 kl 0.0061 rew 14.80 max_stage 4.86 mult 0.148 | collect 1.27s update 0.18s (12% upd)
it 2045/9765 step 4192775 SPS 1379 kl 0.0065 rew 14.84 max_stage 4.88 mult 0.185 | collect 1.29s update 0.21s (14% upd)
it 2050/9765 step 4203022 SPS 1379 kl 0.0052 rew 14.76 max_stage 4.86 mult 0.161 | collect 1.26s update 0.15s (10% upd)
it 2055/9765 step 4213274 SPS 1379 kl 0.0064 rew 14.69 max_stage 4.84 mult 0.167 | collect 1.28s update 0.20s (14% upd)
it 2060/9765 step 4223525 SPS 1379 kl 0.0072 rew 14.69 max_stage 4.84 mult 0.174 | collect 1.51s update 0.21s (12% upd)
it 2065/9765 step 4233772 SPS 1379 kl 0.0065 rew 14.69 max_stage 4.84 mult 0.151 | collect 1.19s update 0.19s (14% upd)
it 2070/9765 step 4244016 SPS 1380 kl 0.0051 rew 14.69 max_stage 4.84 mult 0.158 | collect 1.19s update 0.21s (15% upd)
it 2075/9765 step 4254260 SPS 1380 kl 0.0048 rew 14.69 max_stage 4.84 mult 0.197 | collect 1.24s update 0.21s (15% upd)
it 2080/9765 step 4264519 SPS 1380 kl 0.0044 rew 14.69 max_stage 4.84 mult 0.205 | collect 1.24s update 0.22s (15% upd)
it 2085/9765 step 4274778 SPS 1380 kl 0.0058 rew 14.69 max_stage 4.84 mult 0.171 | collect 1.25s update 0.21s (14% upd)
it 2090/9765 step 4285032 SPS 1380 kl 0.0054 rew 14.69 max_stage 4.84 mult 0.214 | collect 1.28s update 0.20s (14% upd)
it 2095/9765 step 4295289 SPS 1380 kl 0.0048 rew 14.69 max_stage 4.84 mult 0.223 | collect 1.30s update 0.20s (13% upd)
it 2100/9765 step 4305539 SPS 1380 kl 0.0059 rew 14.69 max_stage 4.84 mult 0.186 | collect 1.32s update 0.21s (14% upd)
it 2105/9765 step 4315783 SPS 1380 kl 0.0061 rew 14.69 max_stage 4.84 mult 0.193 | collect 1.39s update 0.22s (14% upd)
it 2110/9765 step 4326033 SPS 1380 kl 0.0050 rew 14.69 max_stage 4.84 mult 0.168 | collect 1.22s update 0.12s (9% upd)
it 2115/9765 step 4336277 SPS 1380 kl 0.0061 rew 14.69 max_stage 4.84 mult 0.168 | collect 1.40s update 0.20s (12% upd)
it 2120/9765 step 4346531 SPS 1380 kl 0.0060 rew 14.69 max_stage 4.84 mult 0.140 | collect 1.27s update 0.21s (14% upd)
it 2125/9765 step 4356789 SPS 1380 kl 0.0057 rew 14.70 max_stage 4.85 mult 0.140 | collect 1.30s update 0.20s (13% upd)
it 2130/9765 step 4367045 SPS 1380 kl 0.0062 rew 14.68 max_stage 4.84 mult 0.210 | collect 1.20s update 0.20s (14% upd)
it 2135/9765 step 4377299 SPS 1380 kl 0.0060 rew 14.68 max_stage 4.84 mult 0.175 | collect 1.29s update 0.21s (14% upd)
it 2140/9765 step 4387553 SPS 1380 kl 0.0058 rew 14.68 max_stage 4.84 mult 0.146 | collect 1.31s update 0.21s (14% upd)
it 2145/9765 step 4397806 SPS 1380 kl 0.0040 rew 14.71 max_stage 4.84 mult 0.190 | collect 1.38s update 0.21s (13% upd)
it 2150/9765 step 4408060 SPS 1380 kl 0.0055 rew 14.73 max_stage 4.85 mult 0.137 | collect 1.35s update 0.16s (11% upd)
it 2155/9765 step 4418305 SPS 1380 kl 0.0068 rew 14.72 max_stage 4.85 mult 0.143 | collect 1.32s update 0.19s (12% upd)
it 2160/9765 step 4428559 SPS 1380 kl 0.0038 rew 14.81 max_stage 4.86 mult 0.149 | collect 1.25s update 0.21s (14% upd)
it 2165/9765 step 4438807 SPS 1380 kl 0.0063 rew 14.81 max_stage 4.85 mult 0.186 | collect 1.28s update 0.20s (14% upd)
it 2170/9765 step 4449060 SPS 1380 kl 0.0058 rew 14.81 max_stage 4.85 mult 0.155 | collect 1.24s update 0.20s (14% upd)
it 2175/9765 step 4459308 SPS 1380 kl 0.0057 rew 14.81 max_stage 4.85 mult 0.155 | collect 1.30s update 0.21s (14% upd)
it 2180/9765 step 4469560 SPS 1380 kl 0.0047 rew 14.81 max_stage 4.85 mult 0.243 | collect 1.21s update 0.21s (15% upd)
it 2185/9765 step 4479819 SPS 1380 kl 0.0059 rew 14.81 max_stage 4.85 mult 0.140 | collect 1.31s update 0.16s (11% upd)
it 2190/9765 step 4490076 SPS 1380 kl 0.0057 rew 14.82 max_stage 4.85 mult 0.146 | collect 1.24s update 0.21s (15% upd)
it 2195/9765 step 4500331 SPS 1380 kl 0.0060 rew 14.80 max_stage 4.85 mult 0.127 | collect 1.32s update 0.22s (14% upd)
it 2200/9765 step 4510582 SPS 1380 kl 0.0054 rew 14.80 max_stage 4.85 mult 0.132 | collect 1.24s update 0.19s (13% upd)
it 2205/9765 step 4520832 SPS 1381 kl 0.0053 rew 14.80 max_stage 4.85 mult 0.138 | collect 1.19s update 0.20s (14% upd)
it 2210/9765 step 4531090 SPS 1381 kl 0.0060 rew 14.80 max_stage 4.85 mult 0.172 | collect 1.29s update 0.20s (13% upd)
it 2215/9765 step 4541345 SPS 1381 kl 0.0044 rew 14.80 max_stage 4.85 mult 0.179 | collect 1.32s update 0.22s (14% upd)
it 2220/9765 step 4551600 SPS 1381 kl 0.0068 rew 14.83 max_stage 4.85 mult 0.149 | collect 1.28s update 0.21s (14% upd)
it 2225/9765 step 4561853 SPS 1381 kl 0.0054 rew 14.80 max_stage 4.85 mult 0.156 | collect 1.17s update 0.21s (15% upd)
it 2230/9765 step 4572105 SPS 1381 kl 0.0063 rew 14.80 max_stage 4.85 mult 0.162 | collect 1.30s update 0.20s (13% upd)
it 2235/9765 step 4582363 SPS 1381 kl 0.0076 rew 14.77 max_stage 4.86 mult 0.141 | collect 1.29s update 0.20s (13% upd)
it 2240/9765 step 4592615 SPS 1381 kl 0.0055 rew 14.77 max_stage 4.86 mult 0.141 | collect 1.17s update 0.22s (16% upd)
it 2245/9765 step 4602867 SPS 1381 kl 0.0059 rew 14.77 max_stage 4.86 mult 0.147 | collect 1.17s update 0.20s (15% upd)
it 2250/9765 step 4613117 SPS 1381 kl 0.0054 rew 14.75 max_stage 4.86 mult 0.122 | collect 1.23s update 0.21s (15% upd)
it 2255/9765 step 4623366 SPS 1381 kl 0.0042 rew 14.70 max_stage 4.85 mult 0.159 | collect 1.20s update 0.09s (7% upd)
it 2260/9765 step 4633617 SPS 1381 kl 0.0058 rew 14.70 max_stage 4.85 mult 0.133 | collect 1.16s update 0.21s (15% upd)
it 2265/9765 step 4643863 SPS 1381 kl 0.0058 rew 14.70 max_stage 4.85 mult 0.166 | collect 1.18s update 0.21s (15% upd)
it 2270/9765 step 4654114 SPS 1381 kl 0.0073 rew 14.70 max_stage 4.85 mult 0.144 | collect 1.35s update 0.20s (13% upd)
it 2275/9765 step 4664359 SPS 1381 kl 0.0053 rew 14.70 max_stage 4.85 mult 0.150 | collect 1.26s update 0.20s (14% upd)
it 2280/9765 step 4674612 SPS 1381 kl 0.0042 rew 14.64 max_stage 4.84 mult 0.087 | collect 1.28s update 0.22s (15% upd)
it 2285/9765 step 4684867 SPS 1381 kl 0.0056 rew 14.64 max_stage 4.84 mult 0.130 | collect 1.32s update 0.21s (14% upd)
it 2290/9765 step 4695127 SPS 1381 kl 0.0055 rew 14.64 max_stage 4.84 mult 0.130 | collect 1.25s update 0.22s (15% upd)
it 2295/9765 step 4705377 SPS 1381 kl 0.0071 rew 14.56 max_stage 4.82 mult 0.203 | collect 1.47s update 0.21s (13% upd)
it 2300/9765 step 4715625 SPS 1381 kl 0.0042 rew 14.62 max_stage 4.84 mult 0.098 | collect 1.26s update 0.15s (11% upd)
it 2305/9765 step 4725883 SPS 1381 kl 0.0048 rew 14.62 max_stage 4.84 mult 0.184 | collect 1.24s update 0.20s (14% upd)
it 2310/9765 step 4736133 SPS 1381 kl 0.0055 rew 14.65 max_stage 4.84 mult 0.128 | collect 1.30s update 0.22s (14% upd)
it 2315/9765 step 4746384 SPS 1381 kl 0.0057 rew 14.65 max_stage 4.84 mult 0.133 | collect 1.26s update 0.20s (14% upd)
it 2320/9765 step 4756636 SPS 1382 kl 0.0071 rew 14.65 max_stage 4.84 mult 0.166 | collect 1.32s update 0.20s (13% upd)
it 2325/9765 step 4766896 SPS 1382 kl 0.0054 rew 14.65 max_stage 4.84 mult 0.138 | collect 1.29s update 0.20s (14% upd)
it 2330/9765 step 4777147 SPS 1382 kl 0.0076 rew 14.65 max_stage 4.84 mult 0.173 | collect 1.38s update 0.18s (11% upd)
it 2335/9765 step 4787399 SPS 1382 kl 0.0051 rew 14.64 max_stage 4.84 mult 0.144 | collect 1.39s update 0.22s (14% upd)
it 2340/9765 step 4797657 SPS 1381 kl 0.0053 rew 14.64 max_stage 4.84 mult 0.144 | collect 1.29s update 0.21s (14% upd)
it 2345/9765 step 4807912 SPS 1382 kl 0.0049 rew 14.61 max_stage 4.83 mult 0.180 | collect 1.28s update 0.21s (14% upd)
it 2350/9765 step 4818159 SPS 1382 kl 0.0051 rew 14.62 max_stage 4.84 mult 0.125 | collect 1.30s update 0.20s (13% upd)
it 2355/9765 step 4828414 SPS 1382 kl 0.0052 rew 14.62 max_stage 4.84 mult 0.163 | collect 1.19s update 0.14s (11% upd)
it 2360/9765 step 4838667 SPS 1382 kl 0.0048 rew 14.66 max_stage 4.84 mult 0.204 | collect 1.32s update 0.21s (14% upd)
it 2365/9765 step 4848912 SPS 1382 kl 0.0032 rew 14.66 max_stage 4.84 mult 0.142 | collect 1.29s update 0.08s (6% upd)
it 2370/9765 step 4859160 SPS 1382 kl 0.0058 rew 14.66 max_stage 4.84 mult 0.147 | collect 1.17s update 0.20s (15% upd)
it 2375/9765 step 4869411 SPS 1382 kl 0.0066 rew 14.66 max_stage 4.84 mult 0.128 | collect 1.16s update 0.19s (14% upd)
it 2380/9765 step 4879661 SPS 1382 kl 0.0058 rew 14.66 max_stage 4.84 mult 0.133 | collect 1.22s update 0.20s (14% upd)
it 2385/9765 step 4889911 SPS 1382 kl 0.0051 rew 14.66 max_stage 4.84 mult 0.133 | collect 1.32s update 0.20s (13% upd)
it 2390/9765 step 4900165 SPS 1382 kl 0.0057 rew 14.66 max_stage 4.84 mult 0.139 | collect 1.27s update 0.21s (14% upd)
it 2395/9765 step 4910420 SPS 1382 kl 0.0052 rew 14.66 max_stage 4.84 mult 0.096 | collect 1.35s update 0.15s (10% upd)
it 2400/9765 step 4920671 SPS 1382 kl 0.0066 rew 14.69 max_stage 4.84 mult 0.126 | collect 1.34s update 0.21s (13% upd)
it 2405/9765 step 4930920 SPS 1382 kl 0.0060 rew 14.73 max_stage 4.85 mult 0.131 | collect 1.21s update 0.20s (14% upd)
it 2410/9765 step 4941176 SPS 1382 kl 0.0048 rew 14.73 max_stage 4.85 mult 0.163 | collect 1.24s update 0.20s (14% upd)
it 2415/9765 step 4951423 SPS 1382 kl 0.0062 rew 14.73 max_stage 4.85 mult 0.136 | collect 1.27s update 0.21s (14% upd)
it 2420/9765 step 4961680 SPS 1382 kl 0.0047 rew 14.72 max_stage 4.84 mult 0.118 | collect 1.22s update 0.16s (11% upd)
it 2425/9765 step 4971924 SPS 1382 kl 0.0055 rew 14.70 max_stage 4.84 mult 0.123 | collect 1.30s update 0.15s (10% upd)
it 2430/9765 step 4982183 SPS 1382 kl 0.0050 rew 14.75 max_stage 4.86 mult 0.160 | collect 1.26s update 0.20s (14% upd)
it 2435/9765 step 4992435 SPS 1383 kl 0.0070 rew 14.75 max_stage 4.86 mult 0.139 | collect 1.24s update 0.21s (14% upd)
it 2440/9765 step 5002690 SPS 1383 kl 0.0049 rew 14.75 max_stage 4.86 mult 0.174 | collect 1.34s update 0.21s (14% upd)
it 2445/9765 step 5012943 SPS 1383 kl 0.0056 rew 14.85 max_stage 4.88 mult 0.151 | collect 1.24s update 0.14s (10% upd)
it 2450/9765 step 5023191 SPS 1383 kl 0.0047 rew 14.89 max_stage 4.89 mult 0.189 | collect 1.30s update 0.21s (14% upd)
it 2455/9765 step 5033441 SPS 1383 kl 0.0064 rew 14.94 max_stage 4.91 mult 0.131 | collect 1.22s update 0.20s (14% upd)
it 2460/9765 step 5043690 SPS 1383 kl 0.0058 rew 14.94 max_stage 4.91 mult 0.131 | collect 1.19s update 0.20s (14% upd)
it 2465/9765 step 5053944 SPS 1383 kl 0.0059 rew 14.94 max_stage 4.91 mult 0.137 | collect 1.21s update 0.19s (14% upd)
it 2470/9765 step 5064201 SPS 1383 kl 0.0074 rew 14.94 max_stage 4.91 mult 0.171 | collect 1.32s update 0.21s (14% upd)
it 2475/9765 step 5074454 SPS 1383 kl 0.0052 rew 14.95 max_stage 4.91 mult 0.119 | collect 1.22s update 0.21s (15% upd)
it 2480/9765 step 5084704 SPS 1383 kl 0.0047 rew 14.95 max_stage 4.91 mult 0.103 | collect 1.29s update 0.17s (12% upd)
it 2485/9765 step 5094950 SPS 1383 kl 0.0065 rew 14.95 max_stage 4.91 mult 0.134 | collect 1.17s update 0.20s (15% upd)
it 2490/9765 step 5105202 SPS 1383 kl 0.0068 rew 14.95 max_stage 4.91 mult 0.168 | collect 1.17s update 0.21s (15% upd)
it 2495/9765 step 5115454 SPS 1383 kl 0.0052 rew 14.95 max_stage 4.91 mult 0.140 | collect 1.32s update 0.20s (13% upd)
it 2500/9765 step 5125717 SPS 1383 kl 0.0059 rew 14.95 max_stage 4.91 mult 0.145 | collect 1.20s update 0.21s (15% upd)
it 2505/9765 step 5135976 SPS 1383 kl 0.0078 rew 14.95 max_stage 4.91 mult 0.151 | collect 1.23s update 0.21s (15% upd)
it 2510/9765 step 5146228 SPS 1383 kl 0.0065 rew 14.95 max_stage 4.91 mult 0.151 | collect 1.44s update 0.20s (12% upd)
it 2515/9765 step 5156479 SPS 1383 kl 0.0061 rew 14.95 max_stage 4.91 mult 0.158 | collect 1.31s update 0.17s (12% upd)
it 2520/9765 step 5166738 SPS 1383 kl 0.0058 rew 14.95 max_stage 4.91 mult 0.131 | collect 1.30s update 0.16s (11% upd)
it 2525/9765 step 5176985 SPS 1383 kl 0.0086 rew 14.95 max_stage 4.91 mult 0.171 | collect 1.27s update 0.15s (11% upd)
it 2530/9765 step 5187236 SPS 1383 kl 0.0078 rew 14.95 max_stage 4.91 mult 0.178 | collect 1.19s update 0.21s (15% upd)
it 2535/9765 step 5197484 SPS 1383 kl 0.0052 rew 14.95 max_stage 4.91 mult 0.149 | collect 1.33s update 0.20s (13% upd)
it 2540/9765 step 5207740 SPS 1384 kl 0.0057 rew 14.95 max_stage 4.91 mult 0.129 | collect 1.29s update 0.17s (12% upd)
it 2545/9765 step 5217984 SPS 1384 kl 0.0064 rew 14.95 max_stage 4.91 mult 0.112 | collect 1.33s update 0.22s (14% upd)
it 2550/9765 step 5228233 SPS 1384 kl 0.0058 rew 14.95 max_stage 4.91 mult 0.146 | collect 1.26s update 0.16s (11% upd)
it 2555/9765 step 5238489 SPS 1384 kl 0.0073 rew 14.95 max_stage 4.91 mult 0.122 | collect 1.20s update 0.17s (13% upd)
it 2560/9765 step 5248745 SPS 1384 kl 0.0062 rew 14.95 max_stage 4.91 mult 0.152 | collect 1.30s update 0.20s (13% upd)
it 2565/9765 step 5258996 SPS 1384 kl 0.0049 rew 15.04 max_stage 4.93 mult 0.198 | collect 1.29s update 0.20s (13% upd)
it 2570/9765 step 5269244 SPS 1384 kl 0.0077 rew 15.04 max_stage 4.93 mult 0.137 | collect 1.24s update 0.18s (13% upd)
it 2575/9765 step 5279498 SPS 1384 kl 0.0067 rew 15.04 max_stage 4.93 mult 0.143 | collect 1.29s update 0.21s (14% upd)
it 2580/9765 step 5289750 SPS 1384 kl 0.0056 rew 15.03 max_stage 4.94 mult 0.119 | collect 1.21s update 0.19s (14% upd)
it 2585/9765 step 5299997 SPS 1384 kl 0.0061 rew 15.03 max_stage 4.94 mult 0.124 | collect 1.31s update 0.19s (12% upd)
it 2590/9765 step 5310240 SPS 1384 kl 0.0052 rew 15.09 max_stage 4.95 mult 0.129 | collect 1.28s update 0.21s (14% upd)
it 2595/9765 step 5320489 SPS 1384 kl 0.0065 rew 15.08 max_stage 4.95 mult 0.162 | collect 1.18s update 0.20s (15% upd)
it 2600/9765 step 5330735 SPS 1384 kl 0.0063 rew 15.05 max_stage 4.94 mult 0.168 | collect 1.25s update 0.15s (11% upd)
it 2605/9765 step 5340982 SPS 1384 kl 0.0048 rew 15.13 max_stage 4.96 mult 0.219 | collect 1.29s update 0.22s (15% upd)
it 2610/9765 step 5351224 SPS 1384 kl 0.0065 rew 15.13 max_stage 4.96 mult 0.190 | collect 1.17s update 0.20s (15% upd)
it 2615/9765 step 5361475 SPS 1384 kl 0.0063 rew 15.13 max_stage 4.96 mult 0.165 | collect 1.23s update 0.15s (11% upd)
it 2620/9765 step 5371718 SPS 1384 kl 0.0047 rew 15.18 max_stage 4.97 mult 0.207 | collect 1.27s update 0.20s (14% upd)
it 2625/9765 step 5381974 SPS 1384 kl 0.0076 rew 15.18 max_stage 4.97 mult 0.179 | collect 1.20s update 0.21s (15% upd)
it 2630/9765 step 5392224 SPS 1385 kl 0.0063 rew 15.18 max_stage 4.97 mult 0.156 | collect 1.24s update 0.18s (13% upd)
it 2635/9765 step 5402472 SPS 1385 kl 0.0067 rew 15.18 max_stage 4.96 mult 0.135 | collect 1.23s update 0.17s (12% upd)
it 2640/9765 step 5412721 SPS 1385 kl 0.0060 rew 15.18 max_stage 4.96 mult 0.117 | collect 1.31s update 0.20s (13% upd)
it 2645/9765 step 5422970 SPS 1385 kl 0.0050 rew 15.15 max_stage 4.96 mult 0.102 | collect 1.21s update 0.20s (14% upd)
it 2650/9765 step 5433218 SPS 1385 kl 0.0055 rew 15.15 max_stage 4.96 mult 0.159 | collect 1.26s update 0.21s (15% upd)
it 2655/9765 step 5443466 SPS 1385 kl 0.0062 rew 15.20 max_stage 4.97 mult 0.166 | collect 1.20s update 0.22s (15% upd)
it 2660/9765 step 5453720 SPS 1385 kl 0.0050 rew 15.20 max_stage 4.97 mult 0.138 | collect 1.20s update 0.20s (15% upd)
it 2665/9765 step 5463967 SPS 1385 kl 0.0041 rew 15.27 max_stage 4.97 mult 0.173 | collect 1.30s update 0.12s (9% upd)
it 2670/9765 step 5474216 SPS 1385 kl 0.0058 rew 15.29 max_stage 4.98 mult 0.125 | collect 1.18s update 0.20s (14% upd)
it 2675/9765 step 5484465 SPS 1385 kl 0.0054 rew 15.29 max_stage 4.98 mult 0.130 | collect 1.24s update 0.21s (14% upd)
it 2680/9765 step 5494712 SPS 1385 kl 0.0040 rew 15.29 max_stage 4.98 mult 0.136 | collect 1.44s update 0.11s (7% upd)
it 2685/9765 step 5504965 SPS 1385 kl 0.0056 rew 15.29 max_stage 4.98 mult 0.141 | collect 1.33s update 0.20s (13% upd)
it 2690/9765 step 5515216 SPS 1385 kl 0.0052 rew 15.29 max_stage 4.98 mult 0.141 | collect 1.26s update 0.21s (14% upd)
it 2695/9765 step 5525470 SPS 1385 kl 0.0053 rew 15.29 max_stage 4.98 mult 0.141 | collect 1.27s update 0.20s (14% upd)
it 2700/9765 step 5535723 SPS 1385 kl 0.0068 rew 15.34 max_stage 5.01 mult 0.147 | collect 1.31s update 0.22s (14% upd)
it 2705/9765 step 5545984 SPS 1385 kl 0.0044 rew 15.34 max_stage 5.01 mult 0.184 | collect 1.27s update 0.21s (14% upd)
it 2710/9765 step 5556243 SPS 1385 kl 0.0050 rew 15.34 max_stage 5.01 mult 0.230 | collect 1.24s update 0.21s (14% upd)
it 2715/9765 step 5566497 SPS 1385 kl 0.0076 rew 15.34 max_stage 5.01 mult 0.166 | collect 1.23s update 0.20s (14% upd)
it 2720/9765 step 5576759 SPS 1385 kl 0.0063 rew 15.34 max_stage 5.01 mult 0.173 | collect 1.30s update 0.21s (14% upd)
it 2725/9765 step 5587010 SPS 1385 kl 0.0061 rew 15.34 max_stage 5.01 mult 0.180 | collect 1.42s update 0.23s (14% upd)
it 2730/9765 step 5597263 SPS 1385 kl 0.0063 rew 15.34 max_stage 5.01 mult 0.150 | collect 1.18s update 0.24s (17% upd)
it 2735/9765 step 5607515 SPS 1385 kl 0.0059 rew 15.34 max_stage 5.01 mult 0.130 | collect 1.26s update 0.20s (14% upd)
it 2740/9765 step 5617775 SPS 1385 kl 0.0050 rew 15.34 max_stage 5.01 mult 0.109 | collect 1.31s update 0.20s (13% upd)
it 2745/9765 step 5628035 SPS 1385 kl 0.0058 rew 15.36 max_stage 5.02 mult 0.163 | collect 1.39s update 0.23s (14% upd)
it 2750/9765 step 5638288 SPS 1385 kl 0.0056 rew 15.31 max_stage 5.01 mult 0.142 | collect 1.25s update 0.22s (15% upd)
it 2755/9765 step 5648538 SPS 1385 kl 0.0050 rew 15.31 max_stage 5.01 mult 0.147 | collect 1.27s update 0.14s (10% upd)
it 2760/9765 step 5658794 SPS 1384 kl 0.0060 rew 15.31 max_stage 5.01 mult 0.128 | collect 1.40s update 0.18s (12% upd)
it 2765/9765 step 5669043 SPS 1384 kl 0.0060 rew 15.31 max_stage 5.01 mult 0.160 | collect 1.24s update 0.21s (15% upd)
it 2770/9765 step 5679293 SPS 1385 kl 0.0059 rew 15.30 max_stage 5.01 mult 0.139 | collect 1.15s update 0.20s (15% upd)
it 2775/9765 step 5689544 SPS 1385 kl 0.0049 rew 15.32 max_stage 5.01 mult 0.145 | collect 1.33s update 0.15s (10% upd)
it 2780/9765 step 5699790 SPS 1384 kl 0.0053 rew 15.32 max_stage 5.01 mult 0.126 | collect 1.34s update 0.18s (12% upd)
it 2785/9765 step 5710043 SPS 1384 kl 0.0077 rew 15.42 max_stage 5.02 mult 0.157 | collect 1.23s update 0.19s (14% upd)
it 2790/9765 step 5720295 SPS 1384 kl 0.0057 rew 15.42 max_stage 5.02 mult 0.131 | collect 1.24s update 0.17s (12% upd)
it 2795/9765 step 5730545 SPS 1384 kl 0.0071 rew 15.42 max_stage 5.02 mult 0.163 | collect 1.25s update 0.18s (12% upd)
it 2800/9765 step 5740792 SPS 1384 kl 0.0069 rew 15.42 max_stage 5.02 mult 0.170 | collect 1.21s update 0.19s (14% upd)
it 2805/9765 step 5751046 SPS 1384 kl 0.0042 rew 15.42 max_stage 5.02 mult 0.177 | collect 1.33s update 0.21s (14% upd)
it 2810/9765 step 5761300 SPS 1384 kl 0.0035 rew 15.47 max_stage 5.04 mult 0.103 | collect 1.48s update 0.16s (10% upd)
it 2815/9765 step 5771549 SPS 1384 kl 0.0044 rew 15.45 max_stage 5.04 mult 0.193 | collect 1.28s update 0.21s (14% upd)
it 2820/9765 step 5781798 SPS 1384 kl 0.0075 rew 15.56 max_stage 5.07 mult 0.167 | collect 1.28s update 0.18s (12% upd)
it 2825/9765 step 5792040 SPS 1384 kl 0.0044 rew 15.56 max_stage 5.07 mult 0.174 | collect 1.42s update 0.22s (13% upd)
it 2830/9765 step 5802287 SPS 1384 kl 0.0046 rew 15.56 max_stage 5.07 mult 0.181 | collect 1.25s update 0.21s (14% upd)
it 2835/9765 step 5812541 SPS 1384 kl 0.0073 rew 15.56 max_stage 5.07 mult 0.157 | collect 1.26s update 0.21s (14% upd)
it 2840/9765 step 5822798 SPS 1384 kl 0.0053 rew 15.56 max_stage 5.07 mult 0.164 | collect 1.35s update 0.21s (13% upd)
it 2845/9765 step 5833052 SPS 1384 kl 0.0059 rew 15.56 max_stage 5.07 mult 0.114 | collect 1.30s update 0.18s (12% upd)
it 2850/9765 step 5843305 SPS 1384 kl 0.0075 rew 15.56 max_stage 5.07 mult 0.148 | collect 1.32s update 0.23s (15% upd)
it 2855/9765 step 5853552 SPS 1384 kl 0.0061 rew 15.56 max_stage 5.07 mult 0.129 | collect 1.29s update 0.18s (12% upd)
it 2860/9765 step 5863800 SPS 1384 kl 0.0043 rew 15.56 max_stage 5.07 mult 0.201 | collect 1.32s update 0.22s (14% upd)
it 2865/9765 step 5874054 SPS 1384 kl 0.0061 rew 15.56 max_stage 5.07 mult 0.145 | collect 1.25s update 0.18s (13% upd)
it 2870/9765 step 5884299 SPS 1384 kl 0.0054 rew 15.56 max_stage 5.07 mult 0.152 | collect 1.33s update 0.21s (14% upd)
it 2875/9765 step 5894550 SPS 1384 kl 0.0069 rew 15.56 max_stage 5.07 mult 0.158 | collect 1.42s update 0.21s (13% upd)
it 2880/9765 step 5904802 SPS 1384 kl 0.0061 rew 15.49 max_stage 5.07 mult 0.197 | collect 1.23s update 0.22s (15% upd)
it 2885/9765 step 5915062 SPS 1384 kl 0.0058 rew 15.49 max_stage 5.07 mult 0.171 | collect 1.46s update 0.14s (9% upd)
it 2890/9765 step 5925317 SPS 1384 kl 0.0069 rew 15.49 max_stage 5.07 mult 0.178 | collect 1.35s update 0.18s (12% upd)
it 2895/9765 step 5935566 SPS 1384 kl 0.0063 rew 15.54 max_stage 5.08 mult 0.186 | collect 1.27s update 0.22s (15% upd)
it 2900/9765 step 5945819 SPS 1384 kl 0.0039 rew 15.61 max_stage 5.09 mult 0.090 | collect 1.29s update 0.14s (10% upd)
it 2905/9765 step 5956070 SPS 1384 kl 0.0053 rew 15.61 max_stage 5.09 mult 0.140 | collect 1.37s update 0.14s (9% upd)
it 2910/9765 step 5966322 SPS 1384 kl 0.0062 rew 15.59 max_stage 5.09 mult 0.175 | collect 1.22s update 0.21s (14% upd)
it 2915/9765 step 5976575 SPS 1384 kl 0.0043 rew 15.59 max_stage 5.09 mult 0.182 | collect 1.33s update 0.22s (14% upd)
it 2920/9765 step 5986830 SPS 1384 kl 0.0066 rew 15.54 max_stage 5.09 mult 0.158 | collect 1.33s update 0.18s (12% upd)
it 2925/9765 step 5997082 SPS 1384 kl 0.0050 rew 15.54 max_stage 5.09 mult 0.132 | collect 1.20s update 0.20s (15% upd)
it 2930/9765 step 6007334 SPS 1384 kl 0.0048 rew 15.54 max_stage 5.09 mult 0.172 | collect 1.24s update 0.25s (17% upd)
it 2935/9765 step 6017582 SPS 1384 kl 0.0057 rew 15.44 max_stage 5.09 mult 0.143 | collect 1.37s update 0.22s (14% upd)
it 2940/9765 step 6027827 SPS 1384 kl 0.0062 rew 15.44 max_stage 5.09 mult 0.149 | collect 1.28s update 0.19s (13% upd)
it 2945/9765 step 6038082 SPS 1384 kl 0.0048 rew 15.47 max_stage 5.09 mult 0.194 | collect 1.27s update 0.21s (14% upd)
it 2950/9765 step 6048334 SPS 1384 kl 0.0072 rew 15.47 max_stage 5.09 mult 0.168 | collect 1.20s update 0.20s (14% upd)
it 2955/9765 step 6058592 SPS 1384 kl 0.0049 rew 15.47 max_stage 5.09 mult 0.211 | collect 1.22s update 0.20s (14% upd)
it 2960/9765 step 6068838 SPS 1384 kl 0.0052 rew 15.59 max_stage 5.12 mult 0.146 | collect 1.25s update 0.22s (15% upd)
it 2965/9765 step 6079083 SPS 1384 kl 0.0049 rew 15.59 max_stage 5.12 mult 0.190 | collect 1.24s update 0.20s (14% upd)
it 2970/9765 step 6089332 SPS 1384 kl 0.0044 rew 15.59 max_stage 5.12 mult 0.165 | collect 1.34s update 0.10s (7% upd)
it 2975/9765 step 6099585 SPS 1384 kl 0.0043 rew 15.59 max_stage 5.12 mult 0.143 | collect 1.30s update 0.13s (9% upd)
it 2980/9765 step 6109833 SPS 1384 kl 0.0053 rew 15.59 max_stage 5.12 mult 0.125 | collect 1.24s update 0.21s (15% upd)
it 2985/9765 step 6120081 SPS 1384 kl 0.0065 rew 15.59 max_stage 5.12 mult 0.156 | collect 1.21s update 0.17s (12% upd)
it 2990/9765 step 6130333 SPS 1384 kl 0.0065 rew 15.59 max_stage 5.12 mult 0.162 | collect 1.20s update 0.18s (13% upd)
it 2995/9765 step 6140584 SPS 1384 kl 0.0056 rew 15.59 max_stage 5.12 mult 0.141 | collect 1.20s update 0.21s (15% upd)
it 3000/9765 step 6150829 SPS 1384 kl 0.0067 rew 15.65 max_stage 5.12 mult 0.141 | collect 1.53s update 0.21s (12% upd)
it 3005/9765 step 6161083 SPS 1384 kl 0.0035 rew 15.67 max_stage 5.13 mult 0.147 | collect 1.25s update 0.21s (15% upd)
it 3010/9765 step 6171335 SPS 1384 kl 0.0053 rew 15.67 max_stage 5.13 mult 0.127 | collect 1.27s update 0.16s (11% upd)
it 3015/9765 step 6181589 SPS 1384 kl 0.0058 rew 15.67 max_stage 5.13 mult 0.159 | collect 1.20s update 0.20s (14% upd)
it 3020/9765 step 6191847 SPS 1384 kl 0.0059 rew 15.67 max_stage 5.13 mult 0.133 | collect 1.21s update 0.21s (15% upd)
it 3025/9765 step 6202095 SPS 1384 kl 0.0065 rew 15.69 max_stage 5.13 mult 0.138 | collect 1.38s update 0.17s (11% upd)
it 3030/9765 step 6212346 SPS 1384 kl 0.0044 rew 15.69 max_stage 5.13 mult 0.115 | collect 1.33s update 0.14s (9% upd)
it 3035/9765 step 6222600 SPS 1384 kl 0.0066 rew 15.72 max_stage 5.12 mult 0.150 | collect 1.31s update 0.15s (10% upd)
it 3040/9765 step 6232854 SPS 1384 kl 0.0060 rew 15.72 max_stage 5.12 mult 0.156 | collect 1.28s update 0.17s (12% upd)
it 3045/9765 step 6243108 SPS 1384 kl 0.0047 rew 15.72 max_stage 5.12 mult 0.195 | collect 1.24s update 0.20s (14% upd)
it 3050/9765 step 6253353 SPS 1384 kl 0.0057 rew 15.72 max_stage 5.12 mult 0.113 | collect 1.23s update 0.20s (14% upd)
it 3055/9765 step 6263596 SPS 1384 kl 0.0052 rew 15.72 max_stage 5.12 mult 0.141 | collect 1.31s update 0.20s (13% upd)
it 3060/9765 step 6273845 SPS 1384 kl 0.0046 rew 15.73 max_stage 5.12 mult 0.176 | collect 1.44s update 0.21s (13% upd)
it 3065/9765 step 6284098 SPS 1384 kl 0.0070 rew 15.73 max_stage 5.12 mult 0.153 | collect 1.30s update 0.21s (14% upd)
it 3070/9765 step 6294350 SPS 1384 kl 0.0059 rew 15.73 max_stage 5.12 mult 0.160 | collect 1.39s update 0.22s (14% upd)
it 3075/9765 step 6304601 SPS 1384 kl 0.0043 rew 15.70 max_stage 5.13 mult 0.139 | collect 1.24s update 0.15s (10% upd)
it 3080/9765 step 6314859 SPS 1384 kl 0.0057 rew 15.70 max_stage 5.13 mult 0.120 | collect 1.19s update 0.20s (15% upd)
it 3085/9765 step 6325113 SPS 1384 kl 0.0054 rew 15.70 max_stage 5.13 mult 0.125 | collect 1.43s update 0.20s (12% upd)
it 3090/9765 step 6335363 SPS 1384 kl 0.0051 rew 15.70 max_stage 5.13 mult 0.109 | collect 1.28s update 0.16s (11% upd)
it 3095/9765 step 6345611 SPS 1385 kl 0.0051 rew 15.77 max_stage 5.12 mult 0.136 | collect 1.31s update 0.21s (14% upd)
it 3100/9765 step 6355866 SPS 1385 kl 0.0054 rew 15.77 max_stage 5.12 mult 0.142 | collect 1.25s update 0.14s (10% upd)
it 3105/9765 step 6366114 SPS 1385 kl 0.0063 rew 15.69 max_stage 5.12 mult 0.123 | collect 1.20s update 0.19s (14% upd)
it 3110/9765 step 6376360 SPS 1385 kl 0.0060 rew 15.69 max_stage 5.12 mult 0.154 | collect 1.30s update 0.20s (13% upd)
it 3115/9765 step 6386609 SPS 1385 kl 0.0062 rew 15.69 max_stage 5.12 mult 0.133 | collect 1.34s update 0.20s (13% upd)
it 3120/9765 step 6396861 SPS 1385 kl 0.0044 rew 15.66 max_stage 5.12 mult 0.174 | collect 1.21s update 0.20s (14% upd)
it 3125/9765 step 6407109 SPS 1385 kl 0.0070 rew 15.66 max_stage 5.12 mult 0.181 | collect 1.21s update 0.15s (11% upd)
it 3130/9765 step 6417366 SPS 1385 kl 0.0051 rew 15.66 max_stage 5.12 mult 0.126 | collect 1.28s update 0.15s (10% upd)
it 3135/9765 step 6427620 SPS 1385 kl 0.0036 rew 15.64 max_stage 5.10 mult 0.188 | collect 1.43s update 0.21s (13% upd)
it 3140/9765 step 6437873 SPS 1385 kl 0.0045 rew 15.64 max_stage 5.10 mult 0.164 | collect 1.35s update 0.21s (13% upd)
it 3145/9765 step 6448127 SPS 1385 kl 0.0062 rew 15.58 max_stage 5.08 mult 0.142 | collect 1.34s update 0.21s (13% upd)
it 3150/9765 step 6458383 SPS 1385 kl 0.0050 rew 15.58 max_stage 5.08 mult 0.148 | collect 1.26s update 0.21s (14% upd)
it 3155/9765 step 6468636 SPS 1385 kl 0.0071 rew 15.58 max_stage 5.08 mult 0.154 | collect 1.23s update 0.19s (14% upd)
it 3160/9765 step 6478887 SPS 1385 kl 0.0042 rew 15.58 max_stage 5.08 mult 0.160 | collect 1.41s update 0.22s (14% upd)
it 3165/9765 step 6489133 SPS 1385 kl 0.0062 rew 15.58 max_stage 5.08 mult 0.167 | collect 1.18s update 0.20s (15% upd)
it 3170/9765 step 6499382 SPS 1385 kl 0.0053 rew 15.58 max_stage 5.09 mult 0.139 | collect 1.22s update 0.21s (15% upd)
it 3175/9765 step 6509633 SPS 1385 kl 0.0062 rew 15.58 max_stage 5.09 mult 0.174 | collect 1.26s update 0.20s (14% upd)
it 3180/9765 step 6519884 SPS 1385 kl 0.0058 rew 15.58 max_stage 5.09 mult 0.121 | collect 1.34s update 0.19s (12% upd)
it 3185/9765 step 6530132 SPS 1385 kl 0.0055 rew 15.60 max_stage 5.08 mult 0.151 | collect 1.32s update 0.20s (13% upd)
it 3190/9765 step 6540385 SPS 1385 kl 0.0044 rew 15.67 max_stage 5.09 mult 0.157 | collect 1.27s update 0.21s (14% upd)
it 3195/9765 step 6550635 SPS 1385 kl 0.0059 rew 15.67 max_stage 5.09 mult 0.137 | collect 1.27s update 0.20s (14% upd)
it 3200/9765 step 6560886 SPS 1385 kl 0.0058 rew 15.73 max_stage 5.10 mult 0.142 | collect 1.22s update 0.21s (14% upd)
it 3205/9765 step 6571139 SPS 1385 kl 0.0043 rew 15.73 max_stage 5.10 mult 0.148 | collect 1.23s update 0.21s (15% upd)
it 3210/9765 step 6581392 SPS 1385 kl 0.0075 rew 15.77 max_stage 5.12 mult 0.154 | collect 1.29s update 0.20s (13% upd)
it 3215/9765 step 6591650 SPS 1385 kl 0.0054 rew 15.85 max_stage 5.13 mult 0.134 | collect 1.24s update 0.20s (14% upd)
it 3220/9765 step 6601902 SPS 1385 kl 0.0044 rew 15.85 max_stage 5.13 mult 0.116 | collect 1.40s update 0.13s (8% upd)
it 3225/9765 step 6612157 SPS 1385 kl 0.0047 rew 15.85 max_stage 5.13 mult 0.145 | collect 1.25s update 0.15s (11% upd)
it 3230/9765 step 6622411 SPS 1385 kl 0.0054 rew 15.85 max_stage 5.13 mult 0.152 | collect 1.20s update 0.20s (14% upd)
it 3235/9765 step 6632666 SPS 1385 kl 0.0060 rew 15.85 max_stage 5.13 mult 0.132 | collect 1.34s update 0.17s (12% upd)
it 3240/9765 step 6642913 SPS 1385 kl 0.0058 rew 15.86 max_stage 5.13 mult 0.137 | collect 1.29s update 0.20s (13% upd)
it 3245/9765 step 6653160 SPS 1385 kl 0.0054 rew 15.86 max_stage 5.13 mult 0.143 | collect 1.23s update 0.22s (15% upd)
it 3250/9765 step 6663412 SPS 1385 kl 0.0053 rew 15.86 max_stage 5.13 mult 0.149 | collect 1.39s update 0.21s (13% upd)
it 3255/9765 step 6673665 SPS 1385 kl 0.0050 rew 15.86 max_stage 5.13 mult 0.155 | collect 1.41s update 0.17s (11% upd)
it 3260/9765 step 6683912 SPS 1386 kl 0.0059 rew 15.86 max_stage 5.13 mult 0.161 | collect 1.17s update 0.15s (11% upd)
it 3265/9765 step 6694158 SPS 1386 kl 0.0037 rew 15.86 max_stage 5.13 mult 0.112 | collect 1.27s update 0.13s (9% upd)
it 3270/9765 step 6704408 SPS 1386 kl 0.0057 rew 15.91 max_stage 5.14 mult 0.140 | collect 1.27s update 0.21s (14% upd)
it 3275/9765 step 6714659 SPS 1386 kl 0.0050 rew 15.91 max_stage 5.14 mult 0.122 | collect 1.26s update 0.16s (11% upd)
it 3280/9765 step 6724910 SPS 1386 kl 0.0041 rew 15.91 max_stage 5.14 mult 0.158 | collect 1.21s update 0.09s (7% upd)
it 3285/9765 step 6735156 SPS 1386 kl 0.0053 rew 15.91 max_stage 5.14 mult 0.137 | collect 1.34s update 0.15s (10% upd)
it 3290/9765 step 6745409 SPS 1386 kl 0.0057 rew 15.91 max_stage 5.14 mult 0.143 | collect 1.31s update 0.20s (13% upd)
it 3295/9765 step 6755669 SPS 1386 kl 0.0056 rew 15.86 max_stage 5.14 mult 0.143 | collect 1.26s update 0.20s (14% upd)
it 3300/9765 step 6765915 SPS 1386 kl 0.0046 rew 15.86 max_stage 5.14 mult 0.119 | collect 1.20s update 0.13s (10% upd)
it 3305/9765 step 6776164 SPS 1386 kl 0.0064 rew 15.92 max_stage 5.15 mult 0.186 | collect 1.24s update 0.15s (11% upd)
it 3310/9765 step 6786413 SPS 1386 kl 0.0046 rew 15.92 max_stage 5.15 mult 0.194 | collect 1.25s update 0.20s (14% upd)
it 3315/9765 step 6796665 SPS 1386 kl 0.0058 rew 15.92 max_stage 5.15 mult 0.135 | collect 1.24s update 0.21s (15% upd)
it 3320/9765 step 6806909 SPS 1386 kl 0.0041 rew 15.92 max_stage 5.15 mult 0.169 | collect 1.35s update 0.22s (14% upd)
it 3325/9765 step 6817156 SPS 1386 kl 0.0061 rew 15.89 max_stage 5.15 mult 0.122 | collect 1.19s update 0.19s (14% upd)
it 3330/9765 step 6827409 SPS 1386 kl 0.0054 rew 15.89 max_stage 5.15 mult 0.106 | collect 1.18s update 0.16s (12% upd)
it 3335/9765 step 6837670 SPS 1386 kl 0.0059 rew 15.94 max_stage 5.17 mult 0.159 | collect 1.41s update 0.20s (12% upd)
it 3340/9765 step 6847929 SPS 1386 kl 0.0042 rew 15.94 max_stage 5.17 mult 0.165 | collect 1.25s update 0.20s (14% upd)
it 3345/9765 step 6858179 SPS 1386 kl 0.0040 rew 15.94 max_stage 5.17 mult 0.144 | collect 1.25s update 0.20s (14% upd)
it 3350/9765 step 6868425 SPS 1386 kl 0.0056 rew 15.94 max_stage 5.17 mult 0.144 | collect 1.33s update 0.20s (13% upd)
it 3355/9765 step 6878684 SPS 1386 kl 0.0052 rew 15.94 max_stage 5.17 mult 0.100 | collect 1.27s update 0.18s (13% upd)
it 3360/9765 step 6888932 SPS 1386 kl 0.0063 rew 15.94 max_stage 5.17 mult 0.156 | collect 1.24s update 0.19s (13% upd)
it 3365/9765 step 6899180 SPS 1387 kl 0.0067 rew 15.90 max_stage 5.15 mult 0.162 | collect 1.18s update 0.20s (14% upd)
it 3370/9765 step 6909429 SPS 1387 kl 0.0051 rew 15.90 max_stage 5.15 mult 0.094 | collect 1.30s update 0.20s (14% upd)
it 3375/9765 step 6919682 SPS 1387 kl 0.0066 rew 15.88 max_stage 5.13 mult 0.176 | collect 1.28s update 0.20s (13% upd)
it 3380/9765 step 6929932 SPS 1387 kl 0.0071 rew 15.85 max_stage 5.13 mult 0.153 | collect 1.21s update 0.20s (14% upd)
it 3385/9765 step 6940182 SPS 1387 kl 0.0049 rew 15.99 max_stage 5.17 mult 0.229 | collect 1.37s update 0.20s (13% upd)
it 3390/9765 step 6950438 SPS 1387 kl 0.0057 rew 15.99 max_stage 5.17 mult 0.133 | collect 1.27s update 0.18s (13% upd)
it 3395/9765 step 6960686 SPS 1387 kl 0.0051 rew 15.99 max_stage 5.17 mult 0.173 | collect 1.23s update 0.11s (8% upd)
it 3400/9765 step 6970938 SPS 1387 kl 0.0054 rew 15.99 max_stage 5.17 mult 0.144 | collect 1.29s update 0.20s (13% upd)
it 3405/9765 step 6981193 SPS 1387 kl 0.0059 rew 15.91 max_stage 5.16 mult 0.150 | collect 1.24s update 0.20s (14% upd)
it 3410/9765 step 6991440 SPS 1387 kl 0.0042 rew 15.91 max_stage 5.16 mult 0.130 | collect 1.27s update 0.13s (9% upd)
it 3415/9765 step 7001692 SPS 1387 kl 0.0058 rew 15.91 max_stage 5.16 mult 0.163 | collect 1.29s update 0.23s (15% upd)
it 3420/9765 step 7011946 SPS 1387 kl 0.0038 rew 15.91 max_stage 5.16 mult 0.141 | collect 1.40s update 0.20s (13% upd)
it 3425/9765 step 7022191 SPS 1387 kl 0.0051 rew 15.91 max_stage 5.16 mult 0.147 | collect 1.18s update 0.21s (15% upd)
it 3430/9765 step 7032444 SPS 1387 kl 0.0068 rew 15.91 max_stage 5.16 mult 0.128 | collect 1.23s update 0.20s (14% upd)
it 3435/9765 step 7042692 SPS 1387 kl 0.0050 rew 15.90 max_stage 5.15 mult 0.133 | collect 1.32s update 0.20s (13% upd)
it 3440/9765 step 7052951 SPS 1387 kl 0.0049 rew 15.90 max_stage 5.15 mult 0.115 | collect 1.20s update 0.13s (9% upd)
it 3445/9765 step 7063199 SPS 1387 kl 0.0067 rew 15.90 max_stage 5.15 mult 0.180 | collect 1.25s update 0.13s (10% upd)
it 3450/9765 step 7073456 SPS 1387 kl 0.0048 rew 15.95 max_stage 5.16 mult 0.235 | collect 1.24s update 0.20s (14% upd)
it 3455/9765 step 7083706 SPS 1387 kl 0.0070 rew 15.95 max_stage 5.16 mult 0.163 | collect 1.24s update 0.20s (14% upd)
it 3460/9765 step 7093953 SPS 1387 kl 0.0070 rew 15.95 max_stage 5.16 mult 0.170 | collect 1.29s update 0.21s (14% upd)
it 3465/9765 step 7104204 SPS 1387 kl 0.0058 rew 15.95 max_stage 5.16 mult 0.148 | collect 1.22s update 0.18s (13% upd)
it 3470/9765 step 7114450 SPS 1387 kl 0.0069 rew 15.95 max_stage 5.16 mult 0.154 | collect 1.20s update 0.19s (13% upd)
it 3475/9765 step 7124700 SPS 1387 kl 0.0042 rew 15.95 max_stage 5.16 mult 0.200 | collect 1.44s update 0.21s (13% upd)
it 3480/9765 step 7134953 SPS 1387 kl 0.0046 rew 15.95 max_stage 5.16 mult 0.208 | collect 1.20s update 0.21s (15% upd)
it 3485/9765 step 7145203 SPS 1387 kl 0.0053 rew 15.95 max_stage 5.16 mult 0.145 | collect 1.21s update 0.22s (15% upd)
it 3490/9765 step 7155457 SPS 1388 kl 0.0058 rew 15.95 max_stage 5.16 mult 0.151 | collect 1.22s update 0.20s (14% upd)
it 3495/9765 step 7165702 SPS 1388 kl 0.0047 rew 15.95 max_stage 5.16 mult 0.131 | collect 1.25s update 0.19s (13% upd)
it 3500/9765 step 7175951 SPS 1388 kl 0.0048 rew 15.95 max_stage 5.16 mult 0.204 | collect 1.29s update 0.20s (13% upd)
it 3505/9765 step 7186201 SPS 1388 kl 0.0031 rew 15.94 max_stage 5.16 mult 0.118 | collect 1.22s update 0.10s (8% upd)
it 3510/9765 step 7196461 SPS 1388 kl 0.0056 rew 15.94 max_stage 5.16 mult 0.123 | collect 1.25s update 0.17s (12% upd)
it 3515/9765 step 7206714 SPS 1388 kl 0.0039 rew 15.94 max_stage 5.16 mult 0.160 | collect 1.30s update 0.20s (13% upd)
it 3520/9765 step 7216964 SPS 1388 kl 0.0056 rew 15.96 max_stage 5.16 mult 0.167 | collect 1.27s update 0.22s (15% upd)
it 3525/9765 step 7227211 SPS 1388 kl 0.0062 rew 15.90 max_stage 5.16 mult 0.174 | collect 1.32s update 0.20s (13% upd)
it 3530/9765 step 7237461 SPS 1388 kl 0.0062 rew 15.90 max_stage 5.16 mult 0.145 | collect 1.30s update 0.21s (14% upd)
it 3535/9765 step 7247718 SPS 1388 kl 0.0059 rew 15.95 max_stage 5.15 mult 0.151 | collect 1.27s update 0.21s (14% upd)
it 3540/9765 step 7257969 SPS 1388 kl 0.0060 rew 15.95 max_stage 5.15 mult 0.157 | collect 1.21s update 0.17s (12% upd)
it 3545/9765 step 7268223 SPS 1388 kl 0.0043 rew 15.95 max_stage 5.15 mult 0.137 | collect 1.31s update 0.14s (10% upd)
it 3550/9765 step 7278475 SPS 1388 kl 0.0062 rew 15.95 max_stage 5.15 mult 0.142 | collect 1.42s update 0.19s (12% upd)
it 3555/9765 step 7288732 SPS 1388 kl 0.0060 rew 15.95 max_stage 5.15 mult 0.148 | collect 1.28s update 0.20s (14% upd)
it 3560/9765 step 7298979 SPS 1388 kl 0.0052 rew 15.97 max_stage 5.16 mult 0.155 | collect 1.33s update 0.16s (11% upd)
it 3565/9765 step 7309227 SPS 1388 kl 0.0067 rew 15.90 max_stage 5.17 mult 0.134 | collect 1.27s update 0.21s (14% upd)
it 3570/9765 step 7319478 SPS 1388 kl 0.0048 rew 15.86 max_stage 5.17 mult 0.175 | collect 1.28s update 0.14s (10% upd)
it 3575/9765 step 7329728 SPS 1388 kl 0.0066 rew 15.86 max_stage 5.17 mult 0.152 | collect 1.19s update 0.20s (14% upd)
it 3580/9765 step 7339970 SPS 1388 kl 0.0056 rew 15.86 max_stage 5.17 mult 0.158 | collect 1.33s update 0.21s (14% upd)
it 3585/9765 step 7350220 SPS 1388 kl 0.0048 rew 15.85 max_stage 5.18 mult 0.237 | collect 1.32s update 0.21s (14% upd)
it 3590/9765 step 7360472 SPS 1388 kl 0.0043 rew 15.88 max_stage 5.18 mult 0.171 | collect 1.38s update 0.21s (13% upd)
it 3595/9765 step 7370715 SPS 1388 kl 0.0062 rew 15.92 max_stage 5.18 mult 0.178 | collect 1.20s update 0.20s (14% upd)
it 3600/9765 step 7380969 SPS 1388 kl 0.0052 rew 15.92 max_stage 5.18 mult 0.149 | collect 1.23s update 0.20s (14% upd)
it 3605/9765 step 7391217 SPS 1388 kl 0.0056 rew 15.92 max_stage 5.18 mult 0.155 | collect 1.32s update 0.20s (13% upd)
it 3610/9765 step 7401468 SPS 1388 kl 0.0037 rew 15.97 max_stage 5.19 mult 0.108 | collect 1.19s update 0.11s (9% upd)
it 3615/9765 step 7411720 SPS 1388 kl 0.0063 rew 15.97 max_stage 5.19 mult 0.202 | collect 1.27s update 0.16s (11% upd)
it 3620/9765 step 7421972 SPS 1388 kl 0.0071 rew 15.97 max_stage 5.19 mult 0.175 | collect 1.17s update 0.22s (16% upd)
it 3625/9765 step 7432230 SPS 1388 kl 0.0063 rew 15.99 max_stage 5.18 mult 0.182 | collect 1.22s update 0.21s (15% upd)
it 3630/9765 step 7442478 SPS 1388 kl 0.0026 rew 15.99 max_stage 5.18 mult 0.158 | collect 1.19s update 0.11s (9% upd)
it 3635/9765 step 7452729 SPS 1389 kl 0.0058 rew 15.99 max_stage 5.18 mult 0.165 | collect 1.20s update 0.20s (14% upd)
it 3640/9765 step 7462983 SPS 1389 kl 0.0050 rew 15.99 max_stage 5.18 mult 0.119 | collect 1.19s update 0.17s (12% upd)
it 3645/9765 step 7473234 SPS 1389 kl 0.0027 rew 15.99 max_stage 5.18 mult 0.155 | collect 1.22s update 0.07s (6% upd)
it 3650/9765 step 7483479 SPS 1389 kl 0.0058 rew 15.99 max_stage 5.18 mult 0.162 | collect 1.23s update 0.21s (14% upd)
it 3655/9765 step 7493734 SPS 1389 kl 0.0077 rew 15.99 max_stage 5.18 mult 0.135 | collect 1.17s update 0.20s (14% upd)
it 3660/9765 step 7503978 SPS 1389 kl 0.0043 rew 15.97 max_stage 5.18 mult 0.117 | collect 1.31s update 0.21s (14% upd)
it 3665/9765 step 7514233 SPS 1389 kl 0.0047 rew 15.97 max_stage 5.18 mult 0.183 | collect 1.20s update 0.12s (9% upd)
it 3670/9765 step 7524484 SPS 1389 kl 0.0049 rew 15.99 max_stage 5.20 mult 0.127 | collect 1.33s update 0.17s (11% upd)
it 3675/9765 step 7534741 SPS 1389 kl 0.0065 rew 15.94 max_stage 5.20 mult 0.165 | collect 1.28s update 0.21s (14% upd)
it 3680/9765 step 7544991 SPS 1389 kl 0.0046 rew 16.06 max_stage 5.21 mult 0.215 | collect 1.22s update 0.20s (14% upd)
it 3685/9765 step 7555242 SPS 1389 kl 0.0063 rew 16.02 max_stage 5.20 mult 0.156 | collect 1.28s update 0.16s (11% upd)
it 3690/9765 step 7565494 SPS 1389 kl 0.0050 rew 16.02 max_stage 5.20 mult 0.203 | collect 1.22s update 0.21s (14% upd)
it 3695/9765 step 7575754 SPS 1389 kl 0.0050 rew 16.02 max_stage 5.20 mult 0.141 | collect 1.22s update 0.21s (15% upd)
it 3700/9765 step 7586010 SPS 1389 kl 0.0058 rew 16.02 max_stage 5.20 mult 0.122 | collect 1.26s update 0.20s (14% upd)
it 3705/9765 step 7596263 SPS 1389 kl 0.0031 rew 16.02 max_stage 5.20 mult 0.159 | collect 1.26s update 0.21s (14% upd)
it 3710/9765 step 7606517 SPS 1389 kl 0.0056 rew 16.02 max_stage 5.20 mult 0.138 | collect 1.30s update 0.22s (14% upd)
it 3715/9765 step 7616773 SPS 1389 kl 0.0048 rew 16.02 max_stage 5.20 mult 0.216 | collect 1.24s update 0.21s (14% upd)
it 3720/9765 step 7627021 SPS 1389 kl 0.0052 rew 16.02 max_stage 5.20 mult 0.156 | collect 1.31s update 0.12s (8% upd)
it 3725/9765 step 7637279 SPS 1389 kl 0.0059 rew 16.02 max_stage 5.20 mult 0.163 | collect 1.21s update 0.20s (14% upd)
it 3730/9765 step 7647536 SPS 1389 kl 0.0054 rew 16.02 max_stage 5.20 mult 0.170 | collect 1.19s update 0.13s (10% upd)
it 3735/9765 step 7657793 SPS 1389 kl 0.0057 rew 16.02 max_stage 5.20 mult 0.141 | collect 1.26s update 0.20s (14% upd)
it 3740/9765 step 7668044 SPS 1389 kl 0.0061 rew 15.95 max_stage 5.19 mult 0.123 | collect 1.23s update 0.17s (12% upd)
it 3745/9765 step 7678294 SPS 1389 kl 0.0043 rew 15.92 max_stage 5.18 mult 0.192 | collect 1.22s update 0.20s (14% upd)
it 3750/9765 step 7688540 SPS 1389 kl 0.0066 rew 15.92 max_stage 5.18 mult 0.133 | collect 1.19s update 0.20s (14% upd)
it 3755/9765 step 7698784 SPS 1389 kl 0.0039 rew 15.92 max_stage 5.18 mult 0.173 | collect 1.35s update 0.12s (8% upd)
it 3760/9765 step 7709036 SPS 1389 kl 0.0055 rew 15.94 max_stage 5.18 mult 0.144 | collect 1.20s update 0.21s (15% upd)
it 3765/9765 step 7719287 SPS 1389 kl 0.0057 rew 15.97 max_stage 5.18 mult 0.125 | collect 1.41s update 0.19s (12% upd)
it 3770/9765 step 7729540 SPS 1389 kl 0.0045 rew 15.98 max_stage 5.18 mult 0.196 | collect 1.35s update 0.20s (13% upd)
it 3775/9765 step 7739788 SPS 1389 kl 0.0076 rew 16.01 max_stage 5.16 mult 0.170 | collect 1.29s update 0.20s (14% upd)
it 3780/9765 step 7750042 SPS 1389 kl 0.0053 rew 16.01 max_stage 5.16 mult 0.177 | collect 1.19s update 0.12s (9% upd)
it 3785/9765 step 7760294 SPS 1389 kl 0.0074 rew 16.01 max_stage 5.16 mult 0.128 | collect 1.26s update 0.21s (14% upd)
it 3790/9765 step 7770549 SPS 1389 kl 0.0043 rew 16.01 max_stage 5.16 mult 0.240 | collect 1.31s update 0.20s (13% upd)
it 3795/9765 step 7780796 SPS 1389 kl 0.0061 rew 16.01 max_stage 5.16 mult 0.174 | collect 1.30s update 0.16s (11% upd)
it 3800/9765 step 7791046 SPS 1389 kl 0.0074 rew 16.01 max_stage 5.16 mult 0.181 | collect 1.44s update 0.19s (11% upd)
it 3805/9765 step 7801304 SPS 1389 kl 0.0049 rew 16.01 max_stage 5.16 mult 0.157 | collect 1.46s update 0.13s (8% upd)
it 3810/9765 step 7811555 SPS 1389 kl 0.0049 rew 16.01 max_stage 5.16 mult 0.114 | collect 1.24s update 0.16s (12% upd)
it 3815/9765 step 7821813 SPS 1389 kl 0.0048 rew 16.01 max_stage 5.16 mult 0.118 | collect 1.26s update 0.17s (12% upd)
it 3820/9765 step 7832064 SPS 1389 kl 0.0063 rew 16.06 max_stage 5.16 mult 0.123 | collect 1.33s update 0.18s (12% upd)
it 3825/9765 step 7842315 SPS 1389 kl 0.0067 rew 16.05 max_stage 5.16 mult 0.161 | collect 1.30s update 0.21s (14% upd)
it 3830/9765 step 7852563 SPS 1389 kl 0.0058 rew 16.10 max_stage 5.18 mult 0.167 | collect 1.27s update 0.16s (11% upd)
it 3835/9765 step 7862811 SPS 1389 kl 0.0049 rew 16.10 max_stage 5.18 mult 0.209 | collect 1.49s update 0.21s (12% upd)
it 3840/9765 step 7873063 SPS 1389 kl 0.0070 rew 16.21 max_stage 5.20 mult 0.145 | collect 1.30s update 0.21s (14% upd)
it 3845/9765 step 7883307 SPS 1389 kl 0.0056 rew 16.21 max_stage 5.20 mult 0.151 | collect 1.27s update 0.21s (14% upd)
it 3850/9765 step 7893569 SPS 1389 kl 0.0058 rew 16.15 max_stage 5.18 mult 0.158 | collect 1.21s update 0.21s (15% upd)
it 3855/9765 step 7903817 SPS 1389 kl 0.0047 rew 16.15 max_stage 5.18 mult 0.137 | collect 1.29s update 0.13s (9% upd)
it 3860/9765 step 7914074 SPS 1389 kl 0.0057 rew 16.15 max_stage 5.18 mult 0.142 | collect 1.36s update 0.21s (13% upd)
it 3865/9765 step 7924331 SPS 1389 kl 0.0044 rew 16.15 max_stage 5.18 mult 0.103 | collect 1.35s update 0.17s (11% upd)
it 3870/9765 step 7934582 SPS 1389 kl 0.0077 rew 16.15 max_stage 5.18 mult 0.161 | collect 1.42s update 0.22s (13% upd)
it 3875/9765 step 7944834 SPS 1389 kl 0.0067 rew 16.15 max_stage 5.18 mult 0.140 | collect 1.42s update 0.22s (13% upd)
it 3880/9765 step 7955080 SPS 1389 kl 0.0057 rew 16.13 max_stage 5.18 mult 0.146 | collect 1.25s update 0.23s (15% upd)
it 3885/9765 step 7965329 SPS 1389 kl 0.0024 rew 16.13 max_stage 5.18 mult 0.126 | collect 1.29s update 0.08s (6% upd)
it 3890/9765 step 7975573 SPS 1389 kl 0.0071 rew 16.13 max_stage 5.18 mult 0.165 | collect 1.31s update 0.21s (14% upd)
it 3895/9765 step 7985824 SPS 1389 kl 0.0061 rew 16.13 max_stage 5.18 mult 0.143 | collect 1.21s update 0.19s (14% upd)
it 3900/9765 step 7996077 SPS 1389 kl 0.0049 rew 16.13 max_stage 5.18 mult 0.223 | collect 1.17s update 0.22s (16% upd)
it 3905/9765 step 8006323 SPS 1389 kl 0.0042 rew 16.13 max_stage 5.18 mult 0.194 | collect 1.32s update 0.21s (14% upd)
it 3910/9765 step 8016574 SPS 1389 kl 0.0046 rew 16.13 max_stage 5.18 mult 0.202 | collect 1.30s update 0.20s (13% upd)
it 3915/9765 step 8026829 SPS 1389 kl 0.0076 rew 16.06 max_stage 5.18 mult 0.168 | collect 1.22s update 0.22s (15% upd)
it 3920/9765 step 8037083 SPS 1389 kl 0.0064 rew 16.06 max_stage 5.18 mult 0.146 | collect 1.27s update 0.22s (15% upd)
it 3925/9765 step 8047340 SPS 1390 kl 0.0043 rew 16.06 max_stage 5.18 mult 0.101 | collect 1.20s update 0.20s (14% upd)
it 3930/9765 step 8057592 SPS 1389 kl 0.0049 rew 16.06 max_stage 5.18 mult 0.228 | collect 1.37s update 0.20s (13% upd)
it 3935/9765 step 8067852 SPS 1389 kl 0.0071 rew 16.02 max_stage 5.17 mult 0.165 | collect 1.30s update 0.19s (13% upd)
it 3940/9765 step 8078107 SPS 1389 kl 0.0051 rew 15.97 max_stage 5.16 mult 0.172 | collect 1.20s update 0.16s (11% upd)
it 3945/9765 step 8088363 SPS 1389 kl 0.0062 rew 15.98 max_stage 5.16 mult 0.119 | collect 1.27s update 0.20s (14% upd)
it 3950/9765 step 8098616 SPS 1389 kl 0.0056 rew 16.01 max_stage 5.16 mult 0.149 | collect 1.22s update 0.20s (14% upd)
it 3955/9765 step 8108871 SPS 1389 kl 0.0046 rew 16.01 max_stage 5.16 mult 0.129 | collect 1.31s update 0.20s (13% upd)
it 3960/9765 step 8119132 SPS 1389 kl 0.0047 rew 16.01 max_stage 5.16 mult 0.202 | collect 1.54s update 0.21s (12% upd)
it 3965/9765 step 8129382 SPS 1389 kl 0.0069 rew 16.01 max_stage 5.16 mult 0.176 | collect 1.27s update 0.17s (12% upd)
it 3970/9765 step 8139632 SPS 1389 kl 0.0051 rew 16.01 max_stage 5.16 mult 0.152 | collect 1.23s update 0.20s (14% upd)
it 3975/9765 step 8149883 SPS 1389 kl 0.0058 rew 16.01 max_stage 5.16 mult 0.159 | collect 1.47s update 0.17s (11% upd)
it 3980/9765 step 8160136 SPS 1389 kl 0.0056 rew 16.14 max_stage 5.18 mult 0.165 | collect 1.42s update 0.21s (13% upd)
it 3985/9765 step 8170388 SPS 1389 kl 0.0071 rew 16.14 max_stage 5.18 mult 0.172 | collect 1.19s update 0.20s (15% upd)
it 3990/9765 step 8180643 SPS 1389 kl 0.0053 rew 16.14 max_stage 5.18 mult 0.150 | collect 1.20s update 0.22s (15% upd)
it 3995/9765 step 8190888 SPS 1389 kl 0.0053 rew 16.16 max_stage 5.17 mult 0.130 | collect 1.23s update 0.20s (14% upd)
it 4000/9765 step 8201142 SPS 1389 kl 0.0054 rew 16.19 max_stage 5.17 mult 0.135 | collect 1.25s update 0.20s (14% upd)
it 4005/9765 step 8211396 SPS 1389 kl 0.0059 rew 16.19 max_stage 5.17 mult 0.176 | collect 1.21s update 0.13s (10% upd)
it 4010/9765 step 8221645 SPS 1389 kl 0.0035 rew 16.19 max_stage 5.17 mult 0.102 | collect 1.47s update 0.16s (10% upd)
it 4015/9765 step 8231902 SPS 1389 kl 0.0071 rew 16.26 max_stage 5.16 mult 0.159 | collect 1.18s update 0.20s (14% upd)
it 4020/9765 step 8242157 SPS 1389 kl 0.0056 rew 16.26 max_stage 5.16 mult 0.166 | collect 1.30s update 0.17s (12% upd)
it 4025/9765 step 8252402 SPS 1390 kl 0.0057 rew 16.26 max_stage 5.16 mult 0.173 | collect 1.27s update 0.21s (14% upd)
it 4030/9765 step 8262654 SPS 1389 kl 0.0056 rew 16.29 max_stage 5.17 mult 0.125 | collect 1.45s update 0.17s (11% upd)
it 4035/9765 step 8272909 SPS 1390 kl 0.0040 rew 16.31 max_stage 5.18 mult 0.163 | collect 1.25s update 0.13s (9% upd)
it 4040/9765 step 8283160 SPS 1390 kl 0.0057 rew 16.31 max_stage 5.18 mult 0.170 | collect 1.19s update 0.21s (15% upd)
it 4045/9765 step 8293405 SPS 1390 kl 0.0062 rew 16.31 max_stage 5.18 mult 0.123 | collect 1.22s update 0.19s (13% upd)
it 4050/9765 step 8303653 SPS 1390 kl 0.0061 rew 16.33 max_stage 5.18 mult 0.192 | collect 1.31s update 0.22s (14% upd)
it 4055/9765 step 8313904 SPS 1390 kl 0.0050 rew 16.33 max_stage 5.18 mult 0.160 | collect 1.32s update 0.20s (13% upd)
it 4060/9765 step 8324154 SPS 1390 kl 0.0066 rew 16.33 max_stage 5.18 mult 0.166 | collect 1.39s update 0.18s (11% upd)
it 4065/9765 step 8334410 SPS 1390 kl 0.0055 rew 16.25 max_stage 5.17 mult 0.173 | collect 1.26s update 0.21s (14% upd)
it 4070/9765 step 8344664 SPS 1390 kl 0.0039 rew 16.29 max_stage 5.19 mult 0.226 | collect 1.27s update 0.21s (14% upd)
it 4075/9765 step 8354916 SPS 1390 kl 0.0056 rew 16.29 max_stage 5.19 mult 0.157 | collect 1.24s update 0.21s (15% upd)
it 4080/9765 step 8365166 SPS 1390 kl 0.0062 rew 16.29 max_stage 5.19 mult 0.163 | collect 1.21s update 0.22s (16% upd)
it 4085/9765 step 8375419 SPS 1390 kl 0.0042 rew 16.37 max_stage 5.21 mult 0.204 | collect 1.30s update 0.21s (14% upd)
it 4090/9765 step 8385668 SPS 1390 kl 0.0055 rew 16.39 max_stage 5.21 mult 0.142 | collect 1.34s update 0.20s (13% upd)
it 4095/9765 step 8395920 SPS 1390 kl 0.0050 rew 16.39 max_stage 5.21 mult 0.123 | collect 1.24s update 0.20s (14% upd)
it 4100/9765 step 8406175 SPS 1390 kl 0.0061 rew 16.39 max_stage 5.21 mult 0.154 | collect 1.29s update 0.16s (11% upd)
it 4105/9765 step 8416424 SPS 1390 kl 0.0045 rew 16.39 max_stage 5.21 mult 0.133 | collect 1.27s update 0.17s (12% upd)
it 4110/9765 step 8426672 SPS 1390 kl 0.0067 rew 16.39 max_stage 5.21 mult 0.174 | collect 1.34s update 0.21s (14% upd)
it 4115/9765 step 8436918 SPS 1390 kl 0.0061 rew 16.32 max_stage 5.20 mult 0.151 | collect 1.29s update 0.19s (13% upd)
it 4120/9765 step 8447172 SPS 1390 kl 0.0055 rew 16.33 max_stage 5.18 mult 0.157 | collect 1.29s update 0.22s (15% upd)
it 4125/9765 step 8457421 SPS 1390 kl 0.0059 rew 16.33 max_stage 5.18 mult 0.164 | collect 1.22s update 0.15s (11% upd)
it 4130/9765 step 8467676 SPS 1390 kl 0.0061 rew 16.33 max_stage 5.18 mult 0.142 | collect 1.30s update 0.18s (12% upd)
it 4135/9765 step 8477919 SPS 1390 kl 0.0061 rew 16.33 max_stage 5.18 mult 0.148 | collect 1.33s update 0.19s (12% upd)
it 4140/9765 step 8488177 SPS 1390 kl 0.0061 rew 16.33 max_stage 5.18 mult 0.154 | collect 1.23s update 0.16s (11% upd)
it 4145/9765 step 8498428 SPS 1390 kl 0.0044 rew 16.43 max_stage 5.20 mult 0.112 | collect 1.24s update 0.19s (13% upd)
it 4150/9765 step 8508687 SPS 1390 kl 0.0063 rew 16.43 max_stage 5.20 mult 0.174 | collect 1.26s update 0.20s (14% upd)
it 4155/9765 step 8518947 SPS 1390 kl 0.0053 rew 16.44 max_stage 5.21 mult 0.145 | collect 1.25s update 0.20s (14% upd)
it 4160/9765 step 8529199 SPS 1390 kl 0.0043 rew 16.53 max_stage 5.22 mult 0.126 | collect 1.25s update 0.16s (11% upd)
it 4165/9765 step 8539447 SPS 1390 kl 0.0048 rew 16.53 max_stage 5.22 mult 0.164 | collect 1.28s update 0.09s (7% upd)
it 4170/9765 step 8549705 SPS 1390 kl 0.0057 rew 16.53 max_stage 5.22 mult 0.171 | collect 1.30s update 0.20s (13% upd)
it 4175/9765 step 8559960 SPS 1390 kl 0.0052 rew 16.53 max_stage 5.22 mult 0.142 | collect 1.31s update 0.21s (14% upd)
it 4180/9765 step 8570219 SPS 1390 kl 0.0052 rew 16.53 max_stage 5.22 mult 0.148 | collect 1.27s update 0.20s (14% upd)
it 4185/9765 step 8580477 SPS 1390 kl 0.0046 rew 16.53 max_stage 5.22 mult 0.232 | collect 1.25s update 0.20s (14% upd)
it 4190/9765 step 8590732 SPS 1390 kl 0.0040 rew 16.54 max_stage 5.21 mult 0.201 | collect 1.30s update 0.20s (13% upd)
it 4195/9765 step 8600983 SPS 1390 kl 0.0061 rew 16.54 max_stage 5.21 mult 0.210 | collect 1.32s update 0.21s (14% upd)
it 4200/9765 step 8611230 SPS 1390 kl 0.0057 rew 16.46 max_stage 5.20 mult 0.152 | collect 1.21s update 0.13s (10% upd)
it 4205/9765 step 8621478 SPS 1390 kl 0.0067 rew 16.46 max_stage 5.20 mult 0.158 | collect 1.33s update 0.19s (12% upd)
it 4210/9765 step 8631728 SPS 1390 kl 0.0051 rew 16.43 max_stage 5.19 mult 0.137 | collect 1.34s update 0.17s (11% upd)
it 4215/9765 step 8641981 SPS 1390 kl 0.0055 rew 16.43 max_stage 5.19 mult 0.171 | collect 1.15s update 0.21s (15% upd)
it 4220/9765 step 8652230 SPS 1390 kl 0.0054 rew 16.43 max_stage 5.19 mult 0.149 | collect 1.26s update 0.21s (14% upd)
it 4225/9765 step 8662481 SPS 1390 kl 0.0054 rew 16.43 max_stage 5.19 mult 0.186 | collect 1.35s update 0.15s (10% upd)
it 4230/9765 step 8672731 SPS 1390 kl 0.0061 rew 16.43 max_stage 5.19 mult 0.129 | collect 1.32s update 0.17s (11% upd)
it 4235/9765 step 8682986 SPS 1390 kl 0.0068 rew 16.43 max_stage 5.19 mult 0.168 | collect 1.23s update 0.20s (14% upd)
it 4240/9765 step 8693233 SPS 1390 kl 0.0039 rew 16.43 max_stage 5.19 mult 0.175 | collect 1.23s update 0.21s (15% upd)
it 4245/9765 step 8703494 SPS 1390 kl 0.0071 rew 16.43 max_stage 5.19 mult 0.183 | collect 1.19s update 0.19s (14% upd)
it 4250/9765 step 8713747 SPS 1390 kl 0.0072 rew 16.43 max_stage 5.19 mult 0.158 | collect 1.24s update 0.18s (13% upd)
it 4255/9765 step 8724005 SPS 1390 kl 0.0052 rew 16.43 max_stage 5.19 mult 0.132 | collect 1.35s update 0.20s (13% upd)
it 4260/9765 step 8734261 SPS 1390 kl 0.0063 rew 16.43 max_stage 5.19 mult 0.138 | collect 1.25s update 0.21s (14% upd)
it 4265/9765 step 8744518 SPS 1390 kl 0.0044 rew 16.43 max_stage 5.19 mult 0.215 | collect 1.27s update 0.21s (14% upd)
it 4270/9765 step 8754771 SPS 1390 kl 0.0055 rew 16.43 max_stage 5.20 mult 0.155 | collect 1.28s update 0.18s (13% upd)
it 4275/9765 step 8765016 SPS 1390 kl 0.0045 rew 16.41 max_stage 5.20 mult 0.243 | collect 1.23s update 0.21s (14% upd)
it 4280/9765 step 8775265 SPS 1390 kl 0.0066 rew 16.41 max_stage 5.20 mult 0.176 | collect 1.24s update 0.16s (12% upd)
it 4285/9765 step 8785517 SPS 1390 kl 0.0058 rew 16.41 max_stage 5.20 mult 0.153 | collect 1.24s update 0.21s (15% upd)
it 4290/9765 step 8795764 SPS 1390 kl 0.0039 rew 16.41 max_stage 5.20 mult 0.199 | collect 1.26s update 0.20s (14% upd)
it 4295/9765 step 8806010 SPS 1390 kl 0.0045 rew 16.37 max_stage 5.20 mult 0.207 | collect 1.53s update 0.22s (13% upd)
it 4300/9765 step 8816257 SPS 1390 kl 0.0072 rew 16.56 max_stage 5.25 mult 0.180 | collect 1.27s update 0.18s (12% upd)
it 4305/9765 step 8826510 SPS 1390 kl 0.0051 rew 16.56 max_stage 5.25 mult 0.187 | collect 1.27s update 0.11s (8% upd)
it 4310/9765 step 8836759 SPS 1390 kl 0.0062 rew 16.56 max_stage 5.25 mult 0.162 | collect 1.22s update 0.20s (14% upd)
it 4315/9765 step 8847008 SPS 1390 kl 0.0059 rew 16.56 max_stage 5.25 mult 0.141 | collect 1.30s update 0.18s (12% upd)
it 4320/9765 step 8857262 SPS 1390 kl 0.0051 rew 16.56 max_stage 5.25 mult 0.147 | collect 1.35s update 0.20s (13% upd)
it 4325/9765 step 8867511 SPS 1390 kl 0.0057 rew 16.56 max_stage 5.25 mult 0.184 | collect 1.20s update 0.20s (14% upd)
it 4330/9765 step 8877764 SPS 1390 kl 0.0051 rew 16.63 max_stage 5.27 mult 0.159 | collect 1.24s update 0.20s (14% upd)
it 4335/9765 step 8888011 SPS 1390 kl 0.0055 rew 16.63 max_stage 5.27 mult 0.166 | collect 1.24s update 0.16s (11% upd)
it 4340/9765 step 8898264 SPS 1390 kl 0.0053 rew 16.63 max_stage 5.27 mult 0.144 | collect 1.35s update 0.21s (13% upd)
it 4345/9765 step 8908521 SPS 1390 kl 0.0060 rew 16.68 max_stage 5.26 mult 0.188 | collect 1.21s update 0.15s (11% upd)
it 4350/9765 step 8918771 SPS 1390 kl 0.0056 rew 16.68 max_stage 5.26 mult 0.163 | collect 1.19s update 0.16s (12% upd)
it 4355/9765 step 8929023 SPS 1390 kl 0.0043 rew 16.68 max_stage 5.26 mult 0.170 | collect 1.25s update 0.21s (14% upd)
it 4360/9765 step 8939272 SPS 1390 kl 0.0054 rew 16.68 max_stage 5.26 mult 0.147 | collect 1.47s update 0.19s (12% upd)
it 4365/9765 step 8949524 SPS 1390 kl 0.0053 rew 16.73 max_stage 5.27 mult 0.153 | collect 1.18s update 0.20s (15% upd)
it 4370/9765 step 8959773 SPS 1390 kl 0.0057 rew 16.73 max_stage 5.27 mult 0.133 | collect 1.17s update 0.19s (14% upd)
it 4375/9765 step 8970028 SPS 1390 kl 0.0061 rew 16.70 max_stage 5.27 mult 0.166 | collect 1.36s update 0.21s (14% upd)
it 4380/9765 step 8980275 SPS 1390 kl 0.0057 rew 16.64 max_stage 5.25 mult 0.173 | collect 1.20s update 0.20s (15% upd)
it 4385/9765 step 8990524 SPS 1390 kl 0.0057 rew 16.64 max_stage 5.25 mult 0.181 | collect 1.28s update 0.20s (14% upd)
it 4390/9765 step 9000779 SPS 1390 kl 0.0063 rew 16.65 max_stage 5.26 mult 0.131 | collect 1.23s update 0.24s (17% upd)
it 4395/9765 step 9011029 SPS 1390 kl 0.0068 rew 16.65 max_stage 5.26 mult 0.204 | collect 1.31s update 0.15s (10% upd)
it 4400/9765 step 9021278 SPS 1390 kl 0.0055 rew 16.65 max_stage 5.26 mult 0.142 | collect 1.32s update 0.22s (14% upd)
it 4405/9765 step 9031526 SPS 1390 kl 0.0048 rew 16.58 max_stage 5.22 mult 0.221 | collect 1.27s update 0.21s (14% upd)
it 4410/9765 step 9041777 SPS 1390 kl 0.0043 rew 16.55 max_stage 5.21 mult 0.192 | collect 1.18s update 0.11s (8% upd)
it 4415/9765 step 9052031 SPS 1390 kl 0.0061 rew 16.55 max_stage 5.21 mult 0.139 | collect 1.20s update 0.19s (13% upd)
it 4420/9765 step 9062281 SPS 1390 kl 0.0058 rew 16.55 max_stage 5.21 mult 0.174 | collect 1.23s update 0.21s (15% upd)
it 4425/9765 step 9072535 SPS 1390 kl 0.0058 rew 16.56 max_stage 5.21 mult 0.151 | collect 1.25s update 0.18s (13% upd)
it 4430/9765 step 9082785 SPS 1390 kl 0.0042 rew 16.56 max_stage 5.21 mult 0.131 | collect 1.24s update 0.14s (10% upd)
it 4435/9765 step 9093034 SPS 1391 kl 0.0054 rew 16.56 max_stage 5.21 mult 0.171 | collect 1.25s update 0.17s (12% upd)
it 4440/9765 step 9103286 SPS 1391 kl 0.0033 rew 16.56 max_stage 5.21 mult 0.213 | collect 1.24s update 0.21s (15% upd)
it 4445/9765 step 9113543 SPS 1391 kl 0.0060 rew 16.56 max_stage 5.21 mult 0.185 | collect 1.24s update 0.16s (12% upd)
it 4450/9765 step 9123787 SPS 1391 kl 0.0059 rew 16.56 max_stage 5.21 mult 0.154 | collect 1.18s update 0.20s (14% upd)
it 4455/9765 step 9134044 SPS 1391 kl 0.0055 rew 16.55 max_stage 5.21 mult 0.161 | collect 1.32s update 0.21s (14% upd)
it 4460/9765 step 9144302 SPS 1391 kl 0.0058 rew 16.47 max_stage 5.18 mult 0.167 | collect 1.26s update 0.21s (14% upd)
it 4465/9765 step 9154557 SPS 1391 kl 0.0061 rew 16.47 max_stage 5.18 mult 0.174 | collect 1.23s update 0.20s (14% upd)
it 4470/9765 step 9164806 SPS 1391 kl 0.0046 rew 16.47 max_stage 5.18 mult 0.218 | collect 1.36s update 0.21s (13% upd)
it 4475/9765 step 9175056 SPS 1391 kl 0.0048 rew 16.55 max_stage 5.20 mult 0.227 | collect 1.19s update 0.21s (15% upd)
it 4480/9765 step 9185308 SPS 1391 kl 0.0073 rew 16.55 max_stage 5.20 mult 0.197 | collect 1.25s update 0.17s (12% upd)
it 4485/9765 step 9195570 SPS 1391 kl 0.0036 rew 16.55 max_stage 5.20 mult 0.205 | collect 1.51s update 0.08s (5% upd)
it 4490/9765 step 9205820 SPS 1391 kl 0.0067 rew 16.47 max_stage 5.20 mult 0.142 | collect 1.27s update 0.19s (13% upd)
it 4495/9765 step 9216074 SPS 1391 kl 0.0060 rew 16.47 max_stage 5.20 mult 0.148 | collect 1.18s update 0.21s (15% upd)
it 4500/9765 step 9226324 SPS 1391 kl 0.0049 rew 16.45 max_stage 5.20 mult 0.193 | collect 1.31s update 0.13s (9% upd)
it 4505/9765 step 9236574 SPS 1391 kl 0.0052 rew 16.44 max_stage 5.20 mult 0.201 | collect 1.32s update 0.12s (8% upd)
it 4510/9765 step 9246823 SPS 1391 kl 0.0061 rew 16.52 max_stage 5.19 mult 0.175 | collect 1.29s update 0.19s (13% upd)
it 4515/9765 step 9257080 SPS 1391 kl 0.0063 rew 16.52 max_stage 5.19 mult 0.152 | collect 1.26s update 0.18s (13% upd)
it 4520/9765 step 9267332 SPS 1391 kl 0.0066 rew 16.62 max_stage 5.21 mult 0.198 | collect 1.25s update 0.17s (12% upd)
it 4525/9765 step 9277590 SPS 1391 kl 0.0046 rew 16.62 max_stage 5.21 mult 0.171 | collect 1.31s update 0.13s (9% upd)
it 4530/9765 step 9287845 SPS 1391 kl 0.0050 rew 16.62 max_stage 5.21 mult 0.143 | collect 1.24s update 0.18s (13% upd)
it 4535/9765 step 9298096 SPS 1391 kl 0.0059 rew 16.62 max_stage 5.21 mult 0.223 | collect 1.26s update 0.21s (14% upd)
it 4540/9765 step 9308352 SPS 1391 kl 0.0069 rew 16.62 max_stage 5.21 mult 0.194 | collect 1.23s update 0.16s (11% upd)
it 4545/9765 step 9318608 SPS 1391 kl 0.0061 rew 16.58 max_stage 5.21 mult 0.168 | collect 1.32s update 0.18s (12% upd)
it 4550/9765 step 9328857 SPS 1391 kl 0.0052 rew 16.58 max_stage 5.21 mult 0.146 | collect 1.27s update 0.19s (13% upd)
it 4555/9765 step 9339110 SPS 1391 kl 0.0049 rew 16.58 max_stage 5.21 mult 0.228 | collect 1.25s update 0.21s (14% upd)
it 4560/9765 step 9349369 SPS 1391 kl 0.0044 rew 16.58 max_stage 5.21 mult 0.238 | collect 1.21s update 0.21s (15% upd)
it 4565/9765 step 9359615 SPS 1391 kl 0.0065 rew 16.58 max_stage 5.21 mult 0.172 | collect 1.36s update 0.16s (11% upd)
it 4570/9765 step 9369865 SPS 1391 kl 0.0054 rew 16.56 max_stage 5.20 mult 0.143 | collect 1.25s update 0.21s (15% upd)
it 4575/9765 step 9380116 SPS 1391 kl 0.0071 rew 16.56 max_stage 5.20 mult 0.179 | collect 1.31s update 0.21s (14% upd)
it 4580/9765 step 9390376 SPS 1391 kl 0.0054 rew 16.56 max_stage 5.20 mult 0.155 | collect 1.38s update 0.15s (10% upd)
it 4585/9765 step 9400624 SPS 1391 kl 0.0049 rew 16.56 max_stage 5.20 mult 0.112 | collect 1.31s update 0.18s (12% upd)
it 4590/9765 step 9410869 SPS 1391 kl 0.0048 rew 16.56 max_stage 5.20 mult 0.176 | collect 1.26s update 0.13s (9% upd)
it 4595/9765 step 9421117 SPS 1391 kl 0.0062 rew 16.56 max_stage 5.20 mult 0.153 | collect 1.19s update 0.18s (13% upd)
it 4600/9765 step 9431364 SPS 1391 kl 0.0046 rew 16.57 max_stage 5.22 mult 0.229 | collect 1.30s update 0.22s (15% upd)
it 4605/9765 step 9441615 SPS 1391 kl 0.0054 rew 16.57 max_stage 5.22 mult 0.132 | collect 1.21s update 0.20s (14% upd)
it 4610/9765 step 9451867 SPS 1391 kl 0.0061 rew 16.57 max_stage 5.22 mult 0.166 | collect 1.28s update 0.21s (14% upd)
it 4615/9765 step 9462120 SPS 1391 kl 0.0049 rew 16.57 max_stage 5.22 mult 0.144 | collect 1.41s update 0.21s (13% upd)
it 4620/9765 step 9472370 SPS 1391 kl 0.0064 rew 16.55 max_stage 5.21 mult 0.150 | collect 1.33s update 0.24s (15% upd)
it 4625/9765 step 9482620 SPS 1391 kl 0.0052 rew 16.55 max_stage 5.21 mult 0.156 | collect 1.29s update 0.22s (15% upd)
it 4630/9765 step 9492872 SPS 1391 kl 0.0047 rew 16.55 max_stage 5.21 mult 0.195 | collect 1.38s update 0.22s (14% upd)
it 4635/9765 step 9503122 SPS 1391 kl 0.0030 rew 16.49 max_stage 5.20 mult 0.141 | collect 1.25s update 0.10s (7% upd)
it 4640/9765 step 9513368 SPS 1391 kl 0.0042 rew 16.49 max_stage 5.20 mult 0.122 | collect 1.21s update 0.14s (11% upd)
it 4645/9765 step 9523624 SPS 1391 kl 0.0062 rew 16.49 max_stage 5.20 mult 0.191 | collect 1.21s update 0.14s (11% upd)
it 4650/9765 step 9533875 SPS 1391 kl 0.0058 rew 16.48 max_stage 5.21 mult 0.166 | collect 1.37s update 0.17s (11% upd)
it 4655/9765 step 9544121 SPS 1391 kl 0.0058 rew 16.50 max_stage 5.21 mult 0.144 | collect 1.27s update 0.19s (13% upd)
it 4660/9765 step 9554370 SPS 1391 kl 0.0053 rew 16.50 max_stage 5.21 mult 0.180 | collect 1.29s update 0.20s (13% upd)
it 4665/9765 step 9564620 SPS 1391 kl 0.0051 rew 16.56 max_stage 5.21 mult 0.156 | collect 1.37s update 0.21s (13% upd)
it 4670/9765 step 9574869 SPS 1391 kl 0.0065 rew 16.56 max_stage 5.21 mult 0.204 | collect 1.36s update 0.13s (9% upd)
it 4675/9765 step 9585121 SPS 1391 kl 0.0046 rew 16.56 max_stage 5.21 mult 0.254 | collect 1.27s update 0.22s (15% upd)
it 4680/9765 step 9595371 SPS 1391 kl 0.0059 rew 16.56 max_stage 5.21 mult 0.147 | collect 1.24s update 0.21s (14% upd)
it 4685/9765 step 9605620 SPS 1391 kl 0.0034 rew 16.56 max_stage 5.21 mult 0.128 | collect 1.27s update 0.12s (9% upd)
it 4690/9765 step 9615871 SPS 1391 kl 0.0047 rew 16.64 max_stage 5.23 mult 0.200 | collect 1.27s update 0.20s (13% upd)
it 4695/9765 step 9626129 SPS 1391 kl 0.0055 rew 16.64 max_stage 5.23 mult 0.173 | collect 1.31s update 0.21s (14% upd)
it 4700/9765 step 9636380 SPS 1391 kl 0.0055 rew 16.66 max_stage 5.21 mult 0.181 | collect 1.33s update 0.13s (9% upd)
it 4705/9765 step 9646628 SPS 1391 kl 0.0063 rew 16.63 max_stage 5.20 mult 0.157 | collect 1.33s update 0.24s (15% upd)
it 4710/9765 step 9656878 SPS 1391 kl 0.0059 rew 16.63 max_stage 5.20 mult 0.163 | collect 1.25s update 0.21s (14% upd)
it 4715/9765 step 9667133 SPS 1391 kl 0.0046 rew 16.63 max_stage 5.20 mult 0.255 | collect 1.39s update 0.22s (13% upd)
it 4720/9765 step 9677384 SPS 1391 kl 0.0051 rew 16.73 max_stage 5.21 mult 0.148 | collect 1.25s update 0.19s (13% upd)
it 4725/9765 step 9687635 SPS 1390 kl 0.0060 rew 16.73 max_stage 5.21 mult 0.154 | collect 1.36s update 0.19s (12% upd)
it 4730/9765 step 9697889 SPS 1390 kl 0.0058 rew 16.73 max_stage 5.21 mult 0.160 | collect 1.26s update 0.22s (15% upd)
it 4735/9765 step 9708143 SPS 1390 kl 0.0046 rew 16.73 max_stage 5.21 mult 0.209 | collect 1.46s update 0.21s (12% upd)
it 4740/9765 step 9718396 SPS 1390 kl 0.0069 rew 16.73 max_stage 5.21 mult 0.181 | collect 1.23s update 0.21s (14% upd)
it 4745/9765 step 9728643 SPS 1390 kl 0.0066 rew 16.73 max_stage 5.21 mult 0.226 | collect 1.26s update 0.22s (15% upd)
it 4750/9765 step 9738891 SPS 1390 kl 0.0054 rew 16.77 max_stage 5.21 mult 0.196 | collect 1.30s update 0.20s (13% upd)
it 4755/9765 step 9749143 SPS 1390 kl 0.0065 rew 16.77 max_stage 5.21 mult 0.171 | collect 1.26s update 0.20s (14% upd)
it 4760/9765 step 9759395 SPS 1390 kl 0.0062 rew 16.77 max_stage 5.21 mult 0.178 | collect 1.39s update 0.21s (13% upd)
it 4765/9765 step 9769650 SPS 1390 kl 0.0048 rew 16.94 max_stage 5.25 mult 0.154 | collect 1.38s update 0.16s (10% upd)
it 4770/9765 step 9779903 SPS 1390 kl 0.0063 rew 16.94 max_stage 5.25 mult 0.193 | collect 1.25s update 0.22s (15% upd)
it 4775/9765 step 9790151 SPS 1390 kl 0.0065 rew 16.90 max_stage 5.25 mult 0.167 | collect 1.32s update 0.20s (13% upd)
it 4780/9765 step 9800396 SPS 1390 kl 0.0061 rew 16.90 max_stage 5.25 mult 0.145 | collect 1.27s update 0.21s (14% upd)
it 4785/9765 step 9810648 SPS 1390 kl 0.0052 rew 16.90 max_stage 5.25 mult 0.182 | collect 1.50s update 0.21s (12% upd)
it 4790/9765 step 9820895 SPS 1390 kl 0.0059 rew 16.88 max_stage 5.25 mult 0.158 | collect 1.29s update 0.15s (10% upd)
it 4795/9765 step 9831140 SPS 1390 kl 0.0049 rew 16.88 max_stage 5.25 mult 0.246 | collect 1.30s update 0.21s (14% upd)
it 4800/9765 step 9841392 SPS 1390 kl 0.0055 rew 16.88 max_stage 5.25 mult 0.171 | collect 1.35s update 0.23s (14% upd)
it 4805/9765 step 9851643 SPS 1390 kl 0.0062 rew 16.88 max_stage 5.25 mult 0.171 | collect 1.39s update 0.21s (13% upd)
it 4810/9765 step 9861902 SPS 1390 kl 0.0061 rew 16.89 max_stage 5.25 mult 0.178 | collect 1.28s update 0.22s (15% upd)
it 4815/9765 step 9872153 SPS 1390 kl 0.0073 rew 16.89 max_stage 5.25 mult 0.124 | collect 1.33s update 0.21s (14% upd)
it 4820/9765 step 9882397 SPS 1390 kl 0.0040 rew 16.89 max_stage 5.25 mult 0.232 | collect 1.24s update 0.22s (15% upd)
it 4825/9765 step 9892646 SPS 1390 kl 0.0048 rew 16.89 max_stage 5.25 mult 0.242 | collect 1.40s update 0.21s (13% upd)
it 4830/9765 step 9902899 SPS 1390 kl 0.0054 rew 16.89 max_stage 5.25 mult 0.168 | collect 1.36s update 0.23s (14% upd)
it 4835/9765 step 9913154 SPS 1390 kl 0.0056 rew 16.89 max_stage 5.25 mult 0.175 | collect 1.27s update 0.23s (15% upd)
it 4840/9765 step 9923400 SPS 1390 kl 0.0049 rew 16.89 max_stage 5.25 mult 0.228 | collect 1.32s update 0.23s (15% upd)
it 4845/9765 step 9933652 SPS 1390 kl 0.0065 rew 16.89 max_stage 5.25 mult 0.198 | collect 1.22s update 0.20s (14% upd)
it 4850/9765 step 9943898 SPS 1390 kl 0.0051 rew 16.93 max_stage 5.25 mult 0.165 | collect 1.36s update 0.23s (14% upd)
it 4855/9765 step 9954149 SPS 1390 kl 0.0060 rew 16.96 max_stage 5.26 mult 0.172 | collect 1.35s update 0.21s (13% upd)
it 4860/9765 step 9964396 SPS 1390 kl 0.0056 rew 16.85 max_stage 5.25 mult 0.214 | collect 1.38s update 0.22s (14% upd)
it 4865/9765 step 9974644 SPS 1390 kl 0.0036 rew 16.84 max_stage 5.25 mult 0.186 | collect 1.27s update 0.20s (14% upd)
it 4870/9765 step 9984897 SPS 1390 kl 0.0057 rew 16.85 max_stage 5.26 mult 0.129 | collect 1.33s update 0.21s (13% upd)
it 4875/9765 step 9995146 SPS 1390 kl 0.0064 rew 16.85 max_stage 5.26 mult 0.202 | collect 1.20s update 0.16s (12% upd)
it 4880/9765 step 10005401 SPS 1390 kl 0.0061 rew 16.91 max_stage 5.26 mult 0.175 | collect 1.40s update 0.20s (12% upd)
it 4885/9765 step 10015660 SPS 1390 kl 0.0045 rew 16.91 max_stage 5.26 mult 0.127 | collect 1.36s update 0.20s (13% upd)
it 4890/9765 step 10025916 SPS 1390 kl 0.0064 rew 16.91 max_stage 5.26 mult 0.165 | collect 1.24s update 0.18s (13% upd)
it 4895/9765 step 10036164 SPS 1390 kl 0.0064 rew 16.91 max_stage 5.26 mult 0.172 | collect 1.27s update 0.22s (15% upd)
it 4900/9765 step 10046414 SPS 1390 kl 0.0058 rew 16.91 max_stage 5.26 mult 0.149 | collect 1.26s update 0.19s (13% upd)
it 4905/9765 step 10056665 SPS 1389 kl 0.0055 rew 16.91 max_stage 5.26 mult 0.156 | collect 1.26s update 0.21s (14% upd)
it 4910/9765 step 10066921 SPS 1389 kl 0.0056 rew 16.91 max_stage 5.26 mult 0.162 | collect 1.38s update 0.22s (14% upd)
it 4915/9765 step 10077179 SPS 1389 kl 0.0044 rew 16.91 max_stage 5.26 mult 0.211 | collect 1.31s update 0.21s (14% upd)
it 4920/9765 step 10087431 SPS 1389 kl 0.0053 rew 16.91 max_stage 5.26 mult 0.183 | collect 1.28s update 0.21s (14% upd)
it 4925/9765 step 10097678 SPS 1389 kl 0.0064 rew 16.91 max_stage 5.26 mult 0.191 | collect 1.37s update 0.21s (13% upd)
it 4930/9765 step 10107926 SPS 1389 kl 0.0050 rew 16.89 max_stage 5.26 mult 0.159 | collect 1.34s update 0.21s (14% upd)
it 4935/9765 step 10118177 SPS 1389 kl 0.0049 rew 16.89 max_stage 5.26 mult 0.248 | collect 1.28s update 0.21s (14% upd)
it 4940/9765 step 10128432 SPS 1389 kl 0.0048 rew 16.89 max_stage 5.26 mult 0.216 | collect 1.29s update 0.23s (15% upd)
it 4945/9765 step 10138680 SPS 1389 kl 0.0073 rew 16.89 max_stage 5.26 mult 0.156 | collect 1.27s update 0.19s (13% upd)
it 4950/9765 step 10148929 SPS 1389 kl 0.0044 rew 16.89 max_stage 5.26 mult 0.244 | collect 1.33s update 0.21s (14% upd)
it 4955/9765 step 10159182 SPS 1389 kl 0.0048 rew 16.89 max_stage 5.26 mult 0.118 | collect 1.39s update 0.19s (12% upd)
it 4960/9765 step 10169432 SPS 1389 kl 0.0050 rew 16.84 max_stage 5.25 mult 0.275 | collect 1.27s update 0.22s (15% upd)
it 4965/9765 step 10179685 SPS 1389 kl 0.0050 rew 16.84 max_stage 5.25 mult 0.159 | collect 1.35s update 0.18s (11% upd)
it 4970/9765 step 10189937 SPS 1389 kl 0.0059 rew 16.84 max_stage 5.25 mult 0.166 | collect 1.23s update 0.21s (15% upd)
it 4975/9765 step 10200188 SPS 1389 kl 0.0047 rew 16.84 max_stage 5.25 mult 0.173 | collect 1.36s update 0.15s (10% upd)
it 4980/9765 step 10210435 SPS 1389 kl 0.0052 rew 16.84 max_stage 5.26 mult 0.150 | collect 1.37s update 0.17s (11% upd)
it 4985/9765 step 10220685 SPS 1389 kl 0.0041 rew 16.86 max_stage 5.27 mult 0.235 | collect 1.30s update 0.21s (14% upd)
it 4990/9765 step 10230930 SPS 1389 kl 0.0053 rew 16.76 max_stage 5.25 mult 0.163 | collect 1.37s update 0.23s (14% upd)
it 4995/9765 step 10241178 SPS 1389 kl 0.0061 rew 16.81 max_stage 5.25 mult 0.170 | collect 1.41s update 0.19s (12% upd)
it 5000/9765 step 10251431 SPS 1389 kl 0.0067 rew 16.81 max_stage 5.25 mult 0.212 | collect 1.33s update 0.20s (13% upd)
it 5005/9765 step 10261683 SPS 1389 kl 0.0059 rew 16.81 max_stage 5.25 mult 0.184 | collect 1.48s update 0.18s (11% upd)
it 5010/9765 step 10271936 SPS 1389 kl 0.0046 rew 16.86 max_stage 5.25 mult 0.160 | collect 1.39s update 0.16s (10% upd)
it 5015/9765 step 10282185 SPS 1389 kl 0.0053 rew 16.86 max_stage 5.25 mult 0.139 | collect 1.32s update 0.22s (14% upd)
it 5020/9765 step 10292440 SPS 1389 kl 0.0047 rew 16.81 max_stage 5.25 mult 0.120 | collect 1.38s update 0.20s (13% upd)
it 5025/9765 step 10302692 SPS 1389 kl 0.0041 rew 16.81 max_stage 5.25 mult 0.188 | collect 1.34s update 0.21s (13% upd)
it 5030/9765 step 10312938 SPS 1389 kl 0.0071 rew 16.81 max_stage 5.25 mult 0.196 | collect 1.18s update 0.18s (13% upd)
it 5035/9765 step 10323194 SPS 1389 kl 0.0060 rew 16.81 max_stage 5.25 mult 0.204 | collect 1.17s update 0.22s (16% upd)
it 5040/9765 step 10333447 SPS 1389 kl 0.0037 rew 16.84 max_stage 5.25 mult 0.177 | collect 1.35s update 0.12s (8% upd)
it 5045/9765 step 10343704 SPS 1389 kl 0.0058 rew 16.84 max_stage 5.25 mult 0.185 | collect 1.21s update 0.20s (14% upd)
it 5050/9765 step 10353952 SPS 1389 kl 0.0058 rew 16.84 max_stage 5.25 mult 0.160 | collect 1.30s update 0.20s (13% upd)
it 5055/9765 step 10364199 SPS 1389 kl 0.0051 rew 16.85 max_stage 5.26 mult 0.209 | collect 1.43s update 0.12s (8% upd)
it 5060/9765 step 10374455 SPS 1389 kl 0.0055 rew 16.85 max_stage 5.26 mult 0.151 | collect 1.23s update 0.19s (13% upd)
it 5065/9765 step 10384708 SPS 1389 kl 0.0051 rew 16.85 max_stage 5.26 mult 0.157 | collect 1.28s update 0.21s (14% upd)
it 5070/9765 step 10394966 SPS 1389 kl 0.0067 rew 16.85 max_stage 5.26 mult 0.246 | collect 1.29s update 0.11s (8% upd)
it 5075/9765 step 10405225 SPS 1389 kl 0.0049 rew 16.85 max_stage 5.26 mult 0.178 | collect 1.25s update 0.16s (11% upd)
it 5080/9765 step 10415486 SPS 1389 kl 0.0047 rew 16.85 max_stage 5.26 mult 0.231 | collect 1.29s update 0.22s (15% upd)
it 5085/9765 step 10425739 SPS 1389 kl 0.0047 rew 16.88 max_stage 5.26 mult 0.241 | collect 1.33s update 0.22s (14% upd)
it 5090/9765 step 10435994 SPS 1388 kl 0.0052 rew 16.88 max_stage 5.26 mult 0.209 | collect 1.30s update 0.22s (14% upd)
it 5095/9765 step 10446247 SPS 1388 kl 0.0049 rew 16.88 max_stage 5.26 mult 0.272 | collect 1.36s update 0.23s (15% upd)
it 5100/9765 step 10456505 SPS 1389 kl 0.0040 rew 16.73 max_stage 5.24 mult 0.197 | collect 1.23s update 0.22s (15% upd)
it 5105/9765 step 10466755 SPS 1389 kl 0.0057 rew 16.73 max_stage 5.24 mult 0.197 | collect 1.34s update 0.22s (14% upd)
it 5110/9765 step 10477002 SPS 1389 kl 0.0053 rew 16.73 max_stage 5.24 mult 0.171 | collect 1.27s update 0.23s (15% upd)
it 5115/9765 step 10487246 SPS 1388 kl 0.0053 rew 16.70 max_stage 5.23 mult 0.149 | collect 1.36s update 0.17s (11% upd)
it 5120/9765 step 10497498 SPS 1388 kl 0.0047 rew 16.70 max_stage 5.23 mult 0.232 | collect 1.26s update 0.21s (14% upd)
it 5125/9765 step 10507755 SPS 1388 kl 0.0080 rew 16.70 max_stage 5.23 mult 0.201 | collect 1.37s update 0.20s (13% upd)
it 5130/9765 step 10518007 SPS 1388 kl 0.0032 rew 16.70 max_stage 5.23 mult 0.146 | collect 1.23s update 0.12s (9% upd)
it 5135/9765 step 10528256 SPS 1388 kl 0.0054 rew 16.70 max_stage 5.23 mult 0.152 | collect 1.34s update 0.21s (14% upd)
it 5140/9765 step 10538504 SPS 1388 kl 0.0072 rew 16.77 max_stage 5.21 mult 0.237 | collect 1.36s update 0.21s (13% upd)
it 5145/9765 step 10548758 SPS 1388 kl 0.0061 rew 16.80 max_stage 5.21 mult 0.137 | collect 1.30s update 0.23s (15% upd)
it 5150/9765 step 10559004 SPS 1388 kl 0.0050 rew 16.80 max_stage 5.21 mult 0.257 | collect 1.48s update 0.22s (13% upd)
it 5155/9765 step 10569267 SPS 1388 kl 0.0049 rew 16.80 max_stage 5.21 mult 0.268 | collect 1.24s update 0.21s (14% upd)
it 5160/9765 step 10579518 SPS 1388 kl 0.0055 rew 16.80 max_stage 5.21 mult 0.186 | collect 1.26s update 0.23s (15% upd)
it 5165/9765 step 10589779 SPS 1388 kl 0.0046 rew 16.84 max_stage 5.23 mult 0.242 | collect 1.25s update 0.22s (15% upd)
it 5170/9765 step 10600036 SPS 1388 kl 0.0041 rew 16.84 max_stage 5.23 mult 0.210 | collect 1.27s update 0.22s (15% upd)
it 5175/9765 step 10610285 SPS 1388 kl 0.0041 rew 16.84 max_stage 5.23 mult 0.183 | collect 1.27s update 0.12s (9% upd)
it 5180/9765 step 10620538 SPS 1388 kl 0.0055 rew 16.84 max_stage 5.23 mult 0.159 | collect 1.16s update 0.22s (16% upd)
it 5185/9765 step 10630791 SPS 1388 kl 0.0050 rew 16.84 max_stage 5.23 mult 0.138 | collect 1.34s update 0.20s (13% upd)
it 5190/9765 step 10641040 SPS 1388 kl 0.0049 rew 16.84 max_stage 5.23 mult 0.215 | collect 1.32s update 0.12s (9% upd)
it 5195/9765 step 10651293 SPS 1388 kl 0.0048 rew 16.91 max_stage 5.24 mult 0.224 | collect 1.21s update 0.23s (16% upd)
it 5200/9765 step 10661549 SPS 1388 kl 0.0064 rew 16.91 max_stage 5.24 mult 0.156 | collect 1.30s update 0.23s (15% upd)
it 5205/9765 step 10671801 SPS 1388 kl 0.0049 rew 16.85 max_stage 5.24 mult 0.203 | collect 1.40s update 0.13s (8% upd)
it 5210/9765 step 10682053 SPS 1388 kl 0.0052 rew 16.85 max_stage 5.24 mult 0.176 | collect 1.31s update 0.20s (13% upd)
it 5215/9765 step 10692308 SPS 1388 kl 0.0062 rew 16.85 max_stage 5.24 mult 0.183 | collect 1.32s update 0.21s (13% upd)
it 5220/9765 step 10702567 SPS 1388 kl 0.0050 rew 16.75 max_stage 5.22 mult 0.159 | collect 1.36s update 0.22s (14% upd)
it 5225/9765 step 10712813 SPS 1388 kl 0.0058 rew 16.75 max_stage 5.22 mult 0.207 | collect 1.24s update 0.18s (13% upd)
it 5230/9765 step 10723063 SPS 1388 kl 0.0049 rew 16.71 max_stage 5.21 mult 0.270 | collect 1.38s update 0.23s (14% upd)
it 5235/9765 step 10733315 SPS 1388 kl 0.0056 rew 16.71 max_stage 5.21 mult 0.187 | collect 1.27s update 0.21s (14% upd)
it 5240/9765 step 10743568 SPS 1388 kl 0.0059 rew 16.71 max_stage 5.21 mult 0.195 | collect 1.28s update 0.21s (14% upd)
it 5245/9765 step 10753817 SPS 1388 kl 0.0050 rew 16.71 max_stage 5.21 mult 0.254 | collect 1.31s update 0.21s (14% upd)
it 5250/9765 step 10764072 SPS 1388 kl 0.0052 rew 16.71 max_stage 5.21 mult 0.176 | collect 1.45s update 0.21s (12% upd)
it 5255/9765 step 10774327 SPS 1388 kl 0.0057 rew 16.62 max_stage 5.19 mult 0.220 | collect 1.25s update 0.13s (9% upd)
it 5260/9765 step 10784580 SPS 1388 kl 0.0038 rew 16.62 max_stage 5.19 mult 0.230 | collect 1.22s update 0.20s (14% upd)
it 5265/9765 step 10794828 SPS 1388 kl 0.0048 rew 16.62 max_stage 5.19 mult 0.199 | collect 1.31s update 0.12s (8% upd)
it 5270/9765 step 10805084 SPS 1388 kl 0.0047 rew 16.63 max_stage 5.18 mult 0.144 | collect 1.30s update 0.18s (12% upd)
it 5275/9765 step 10815341 SPS 1388 kl 0.0047 rew 16.63 max_stage 5.18 mult 0.225 | collect 1.26s update 0.21s (14% upd)
it 5280/9765 step 10825594 SPS 1388 kl 0.0059 rew 16.71 max_stage 5.21 mult 0.196 | collect 1.38s update 0.22s (14% upd)
it 5285/9765 step 10835850 SPS 1388 kl 0.0062 rew 16.75 max_stage 5.21 mult 0.170 | collect 1.21s update 0.21s (15% upd)
it 5290/9765 step 10846104 SPS 1388 kl 0.0041 rew 16.75 max_stage 5.21 mult 0.221 | collect 1.27s update 0.22s (15% upd)
it 5295/9765 step 10856349 SPS 1388 kl 0.0029 rew 16.75 max_stage 5.21 mult 0.192 | collect 1.37s update 0.21s (14% upd)
it 5300/9765 step 10866593 SPS 1388 kl 0.0042 rew 16.75 max_stage 5.21 mult 0.139 | collect 1.29s update 0.19s (13% upd)
it 5305/9765 step 10876844 SPS 1388 kl 0.0052 rew 16.75 max_stage 5.21 mult 0.173 | collect 1.32s update 0.22s (14% upd)
it 5310/9765 step 10887096 SPS 1388 kl 0.0043 rew 16.80 max_stage 5.22 mult 0.151 | collect 1.38s update 0.11s (7% upd)
it 5315/9765 step 10897345 SPS 1388 kl 0.0038 rew 16.84 max_stage 5.23 mult 0.235 | collect 1.30s update 0.21s (14% upd)
it 5320/9765 step 10907589 SPS 1388 kl 0.0044 rew 16.90 max_stage 5.24 mult 0.204 | collect 1.35s update 0.15s (10% upd)
it 5325/9765 step 10917839 SPS 1388 kl 0.0042 rew 16.90 max_stage 5.24 mult 0.213 | collect 1.26s update 0.22s (15% upd)
it 5330/9765 step 10928096 SPS 1388 kl 0.0057 rew 16.90 max_stage 5.24 mult 0.154 | collect 1.28s update 0.21s (14% upd)
it 5335/9765 step 10938349 SPS 1388 kl 0.0047 rew 16.90 max_stage 5.24 mult 0.240 | collect 1.30s update 0.21s (14% upd)
it 5340/9765 step 10948597 SPS 1388 kl 0.0040 rew 16.89 max_stage 5.22 mult 0.209 | collect 1.27s update 0.21s (14% upd)
it 5345/9765 step 10958852 SPS 1388 kl 0.0046 rew 16.89 max_stage 5.22 mult 0.272 | collect 1.28s update 0.22s (15% upd)
it 5350/9765 step 10969099 SPS 1388 kl 0.0061 rew 16.97 max_stage 5.23 mult 0.236 | collect 1.28s update 0.21s (14% upd)
it 5355/9765 step 10979350 SPS 1388 kl 0.0057 rew 16.97 max_stage 5.23 mult 0.164 | collect 1.24s update 0.18s (13% upd)
it 5360/9765 step 10989602 SPS 1388 kl 0.0046 rew 16.97 max_stage 5.23 mult 0.213 | collect 1.19s update 0.11s (9% upd)
it 5365/9765 step 10999857 SPS 1388 kl 0.0055 rew 16.98 max_stage 5.22 mult 0.185 | collect 1.29s update 0.22s (15% upd)
it 5370/9765 step 11010114 SPS 1387 kl 0.0064 rew 16.98 max_stage 5.22 mult 0.193 | collect 1.31s update 0.16s (11% upd)
it 5375/9765 step 11020370 SPS 1387 kl 0.0062 rew 16.93 max_stage 5.21 mult 0.201 | collect 1.28s update 0.22s (15% upd)
it 5380/9765 step 11030618 SPS 1387 kl 0.0039 rew 16.93 max_stage 5.21 mult 0.262 | collect 1.27s update 0.23s (15% upd)
it 5385/9765 step 11040871 SPS 1387 kl 0.0043 rew 16.93 max_stage 5.21 mult 0.227 | collect 1.38s update 0.21s (13% upd)
it 5390/9765 step 11051120 SPS 1387 kl 0.0048 rew 16.93 max_stage 5.21 mult 0.164 | collect 1.22s update 0.17s (12% upd)
it 5395/9765 step 11061368 SPS 1387 kl 0.0058 rew 16.93 max_stage 5.21 mult 0.205 | collect 1.50s update 0.16s (10% upd)
it 5400/9765 step 11071620 SPS 1387 kl 0.0059 rew 16.98 max_stage 5.22 mult 0.214 | collect 1.21s update 0.24s (17% upd)
it 5405/9765 step 11081868 SPS 1387 kl 0.0058 rew 16.98 max_stage 5.22 mult 0.186 | collect 1.21s update 0.16s (11% upd)
it 5410/9765 step 11092118 SPS 1387 kl 0.0053 rew 16.98 max_stage 5.22 mult 0.193 | collect 1.19s update 0.21s (15% upd)
it 5415/9765 step 11102363 SPS 1387 kl 0.0053 rew 16.98 max_stage 5.22 mult 0.168 | collect 1.29s update 0.15s (11% upd)
it 5420/9765 step 11112620 SPS 1387 kl 0.0038 rew 16.98 max_stage 5.22 mult 0.219 | collect 1.19s update 0.20s (14% upd)
it 5425/9765 step 11122872 SPS 1387 kl 0.0060 rew 16.98 max_stage 5.22 mult 0.182 | collect 1.25s update 0.19s (13% upd)
it 5430/9765 step 11133128 SPS 1387 kl 0.0038 rew 16.97 max_stage 5.21 mult 0.158 | collect 1.25s update 0.15s (11% upd)
it 5435/9765 step 11143379 SPS 1387 kl 0.0036 rew 16.97 max_stage 5.21 mult 0.206 | collect 1.23s update 0.20s (14% upd)
it 5440/9765 step 11153632 SPS 1387 kl 0.0068 rew 16.97 max_stage 5.21 mult 0.214 | collect 1.33s update 0.13s (9% upd)
it 5445/9765 step 11163883 SPS 1387 kl 0.0057 rew 16.98 max_stage 5.22 mult 0.155 | collect 1.22s update 0.20s (14% upd)
it 5450/9765 step 11174130 SPS 1387 kl 0.0056 rew 16.98 max_stage 5.22 mult 0.194 | collect 1.24s update 0.20s (14% upd)
it 5455/9765 step 11184379 SPS 1387 kl 0.0047 rew 16.90 max_stage 5.21 mult 0.242 | collect 1.23s update 0.20s (14% upd)
it 5460/9765 step 11194627 SPS 1387 kl 0.0058 rew 16.89 max_stage 5.21 mult 0.168 | collect 1.38s update 0.22s (14% upd)
it 5465/9765 step 11204879 SPS 1387 kl 0.0047 rew 16.89 max_stage 5.21 mult 0.146 | collect 1.38s update 0.18s (11% upd)
it 5470/9765 step 11215133 SPS 1387 kl 0.0056 rew 16.89 max_stage 5.21 mult 0.183 | collect 1.25s update 0.20s (14% upd)
it 5475/9765 step 11225383 SPS 1387 kl 0.0055 rew 16.89 max_stage 5.21 mult 0.190 | collect 1.21s update 0.20s (14% upd)
it 5480/9765 step 11235633 SPS 1387 kl 0.0052 rew 16.88 max_stage 5.20 mult 0.198 | collect 1.22s update 0.21s (15% upd)
it 5485/9765 step 11245883 SPS 1387 kl 0.0048 rew 16.88 max_stage 5.20 mult 0.172 | collect 1.21s update 0.15s (11% upd)
it 5490/9765 step 11256133 SPS 1388 kl 0.0052 rew 16.88 max_stage 5.20 mult 0.179 | collect 1.43s update 0.20s (12% upd)
it 5495/9765 step 11266386 SPS 1387 kl 0.0052 rew 16.92 max_stage 5.22 mult 0.187 | collect 1.29s update 0.20s (13% upd)
it 5500/9765 step 11276632 SPS 1388 kl 0.0055 rew 16.92 max_stage 5.22 mult 0.243 | collect 1.24s update 0.13s (9% upd)
it 5505/9765 step 11286884 SPS 1388 kl 0.0049 rew 16.92 max_stage 5.22 mult 0.253 | collect 1.31s update 0.20s (13% upd)
it 5510/9765 step 11297136 SPS 1388 kl 0.0057 rew 16.92 max_stage 5.22 mult 0.176 | collect 1.28s update 0.21s (14% upd)
it 5515/9765 step 11307389 SPS 1388 kl 0.0047 rew 16.92 max_stage 5.22 mult 0.264 | collect 1.24s update 0.21s (15% upd)
it 5520/9765 step 11317640 SPS 1388 kl 0.0041 rew 16.92 max_stage 5.22 mult 0.229 | collect 1.19s update 0.22s (15% upd)
it 5525/9765 step 11327884 SPS 1388 kl 0.0068 rew 16.92 max_stage 5.22 mult 0.199 | collect 1.30s update 0.18s (12% upd)
it 5530/9765 step 11338131 SPS 1388 kl 0.0062 rew 16.92 max_stage 5.22 mult 0.248 | collect 1.25s update 0.21s (14% upd)
it 5535/9765 step 11348386 SPS 1388 kl 0.0042 rew 16.92 max_stage 5.22 mult 0.216 | collect 1.34s update 0.21s (13% upd)
it 5540/9765 step 11358636 SPS 1388 kl 0.0036 rew 16.95 max_stage 5.23 mult 0.225 | collect 1.51s update 0.20s (11% upd)
it 5545/9765 step 11368883 SPS 1388 kl 0.0057 rew 16.93 max_stage 5.22 mult 0.156 | collect 1.25s update 0.21s (14% upd)
it 5550/9765 step 11379136 SPS 1388 kl 0.0042 rew 16.93 max_stage 5.22 mult 0.135 | collect 1.24s update 0.17s (12% upd)
it 5555/9765 step 11389391 SPS 1388 kl 0.0056 rew 16.93 max_stage 5.22 mult 0.212 | collect 1.27s update 0.15s (10% upd)
it 5560/9765 step 11399652 SPS 1388 kl 0.0060 rew 16.93 max_stage 5.22 mult 0.184 | collect 1.24s update 0.19s (13% upd)
it 5565/9765 step 11409906 SPS 1388 kl 0.0032 rew 16.92 max_stage 5.23 mult 0.191 | collect 1.26s update 0.20s (13% upd)
it 5570/9765 step 11420153 SPS 1388 kl 0.0059 rew 16.92 max_stage 5.23 mult 0.166 | collect 1.22s update 0.20s (14% upd)
it 5575/9765 step 11430408 SPS 1388 kl 0.0063 rew 16.92 max_stage 5.23 mult 0.144 | collect 1.33s update 0.21s (14% upd)
it 5580/9765 step 11440658 SPS 1388 kl 0.0043 rew 16.92 max_stage 5.23 mult 0.225 | collect 1.24s update 0.08s (6% upd)
it 5585/9765 step 11450909 SPS 1388 kl 0.0055 rew 16.81 max_stage 5.20 mult 0.163 | collect 1.24s update 0.19s (13% upd)
it 5590/9765 step 11461156 SPS 1388 kl 0.0046 rew 16.81 max_stage 5.20 mult 0.141 | collect 1.21s update 0.18s (13% upd)
it 5595/9765 step 11471405 SPS 1388 kl 0.0044 rew 16.78 max_stage 5.20 mult 0.147 | collect 1.40s update 0.17s (11% upd)
it 5600/9765 step 11481655 SPS 1388 kl 0.0051 rew 16.71 max_stage 5.17 mult 0.184 | collect 1.30s update 0.21s (14% upd)
it 5605/9765 step 11491904 SPS 1388 kl 0.0063 rew 16.71 max_stage 5.17 mult 0.240 | collect 1.32s update 0.12s (8% upd)
it 5610/9765 step 11502155 SPS 1388 kl 0.0042 rew 16.71 max_stage 5.17 mult 0.173 | collect 1.35s update 0.16s (11% upd)
it 5615/9765 step 11512406 SPS 1388 kl 0.0049 rew 16.64 max_stage 5.16 mult 0.271 | collect 1.16s update 0.20s (15% upd)
it 5620/9765 step 11522655 SPS 1388 kl 0.0048 rew 16.64 max_stage 5.16 mult 0.235 | collect 1.16s update 0.14s (11% upd)
it 5625/9765 step 11532904 SPS 1388 kl 0.0065 rew 16.64 max_stage 5.16 mult 0.204 | collect 1.46s update 0.19s (12% upd)
it 5630/9765 step 11543151 SPS 1388 kl 0.0042 rew 16.64 max_stage 5.16 mult 0.255 | collect 1.25s update 0.20s (14% upd)
it 5635/9765 step 11553401 SPS 1388 kl 0.0059 rew 16.56 max_stage 5.14 mult 0.222 | collect 1.18s update 0.15s (11% upd)
it 5640/9765 step 11563659 SPS 1388 kl 0.0053 rew 16.56 max_stage 5.14 mult 0.192 | collect 1.15s update 0.21s (15% upd)
it 5645/9765 step 11573914 SPS 1388 kl 0.0049 rew 16.56 max_stage 5.14 mult 0.301 | collect 1.26s update 0.20s (14% upd)
it 5650/9765 step 11584164 SPS 1388 kl 0.0062 rew 16.56 max_stage 5.14 mult 0.174 | collect 1.40s update 0.19s (12% upd)
it 5655/9765 step 11594415 SPS 1388 kl 0.0049 rew 16.72 max_stage 5.16 mult 0.227 | collect 1.33s update 0.21s (13% upd)
it 5660/9765 step 11604671 SPS 1388 kl 0.0052 rew 16.72 max_stage 5.16 mult 0.197 | collect 1.22s update 0.22s (15% upd)
it 5665/9765 step 11614919 SPS 1388 kl 0.0058 rew 16.72 max_stage 5.16 mult 0.205 | collect 1.36s update 0.21s (13% upd)
it 5670/9765 step 11625167 SPS 1388 kl 0.0058 rew 16.72 max_stage 5.16 mult 0.213 | collect 1.21s update 0.21s (15% upd)
it 5675/9765 step 11635414 SPS 1388 kl 0.0039 rew 16.77 max_stage 5.17 mult 0.123 | collect 1.20s update 0.15s (11% upd)
it 5680/9765 step 11645662 SPS 1388 kl 0.0051 rew 16.77 max_stage 5.17 mult 0.193 | collect 1.18s update 0.18s (13% upd)
it 5685/9765 step 11655916 SPS 1388 kl 0.0047 rew 16.77 max_stage 5.17 mult 0.301 | collect 1.49s update 0.21s (12% upd)
it 5690/9765 step 11666168 SPS 1388 kl 0.0052 rew 16.80 max_stage 5.17 mult 0.174 | collect 1.38s update 0.20s (13% upd)
it 5695/9765 step 11676419 SPS 1388 kl 0.0066 rew 16.75 max_stage 5.13 mult 0.218 | collect 1.21s update 0.21s (15% upd)
it 5700/9765 step 11686669 SPS 1388 kl 0.0057 rew 16.75 max_stage 5.13 mult 0.189 | collect 1.26s update 0.15s (10% upd)
it 5705/9765 step 11696914 SPS 1388 kl 0.0059 rew 16.75 max_stage 5.13 mult 0.197 | collect 1.17s update 0.20s (15% upd)
it 5710/9765 step 11707167 SPS 1388 kl 0.0051 rew 16.75 max_stage 5.13 mult 0.205 | collect 1.25s update 0.20s (14% upd)
it 5715/9765 step 11717415 SPS 1388 kl 0.0045 rew 16.75 max_stage 5.13 mult 0.178 | collect 1.42s update 0.19s (12% upd)
it 5720/9765 step 11727662 SPS 1388 kl 0.0054 rew 16.77 max_stage 5.14 mult 0.155 | collect 1.35s update 0.22s (14% upd)
it 5725/9765 step 11737913 SPS 1388 kl 0.0057 rew 16.77 max_stage 5.14 mult 0.193 | collect 1.31s update 0.22s (15% upd)
it 5730/9765 step 11748163 SPS 1388 kl 0.0050 rew 16.77 max_stage 5.17 mult 0.168 | collect 1.30s update 0.19s (13% upd)
it 5735/9765 step 11758411 SPS 1388 kl 0.0054 rew 16.77 max_stage 5.17 mult 0.175 | collect 1.32s update 0.17s (12% upd)
it 5740/9765 step 11768663 SPS 1388 kl 0.0055 rew 16.77 max_stage 5.17 mult 0.152 | collect 1.29s update 0.23s (15% upd)
it 5745/9765 step 11778913 SPS 1388 kl 0.0060 rew 16.77 max_stage 5.17 mult 0.237 | collect 1.36s update 0.22s (14% upd)
it 5750/9765 step 11789162 SPS 1388 kl 0.0070 rew 16.76 max_stage 5.17 mult 0.206 | collect 1.35s update 0.19s (12% upd)
it 5755/9765 step 11799408 SPS 1388 kl 0.0041 rew 16.66 max_stage 5.13 mult 0.268 | collect 1.31s update 0.22s (15% upd)
it 5760/9765 step 11809657 SPS 1388 kl 0.0036 rew 16.66 max_stage 5.13 mult 0.233 | collect 1.28s update 0.22s (15% upd)
it 5765/9765 step 11819909 SPS 1388 kl 0.0049 rew 16.66 max_stage 5.13 mult 0.243 | collect 1.31s update 0.10s (7% upd)
it 5770/9765 step 11830164 SPS 1388 kl 0.0067 rew 16.66 max_stage 5.13 mult 0.211 | collect 1.21s update 0.21s (15% upd)
it 5775/9765 step 11840413 SPS 1388 kl 0.0049 rew 16.66 max_stage 5.13 mult 0.274 | collect 1.35s update 0.22s (14% upd)
it 5780/9765 step 11850664 SPS 1388 kl 0.0055 rew 16.66 max_stage 5.13 mult 0.190 | collect 1.24s update 0.23s (16% upd)
it 5785/9765 step 11860918 SPS 1388 kl 0.0056 rew 16.66 max_stage 5.13 mult 0.238 | collect 1.33s update 0.21s (14% upd)
it 5790/9765 step 11871175 SPS 1388 kl 0.0056 rew 16.66 max_stage 5.13 mult 0.207 | collect 1.26s update 0.16s (12% upd)
it 5795/9765 step 11881424 SPS 1388 kl 0.0059 rew 16.66 max_stage 5.13 mult 0.179 | collect 1.38s update 0.20s (13% upd)
it 5800/9765 step 11891673 SPS 1388 kl 0.0062 rew 16.64 max_stage 5.14 mult 0.233 | collect 1.26s update 0.17s (12% upd)
it 5805/9765 step 11901922 SPS 1388 kl 0.0052 rew 16.64 max_stage 5.14 mult 0.203 | collect 1.31s update 0.16s (11% upd)
it 5810/9765 step 11912177 SPS 1388 kl 0.0053 rew 16.64 max_stage 5.14 mult 0.176 | collect 1.38s update 0.19s (12% upd)
it 5815/9765 step 11922428 SPS 1388 kl 0.0046 rew 16.64 max_stage 5.14 mult 0.183 | collect 1.36s update 0.14s (9% upd)
it 5820/9765 step 11932682 SPS 1388 kl 0.0074 rew 16.69 max_stage 5.14 mult 0.275 | collect 1.37s update 0.20s (13% upd)
it 5825/9765 step 11942935 SPS 1388 kl 0.0051 rew 16.69 max_stage 5.14 mult 0.191 | collect 1.27s update 0.21s (14% upd)
it 5830/9765 step 11953182 SPS 1388 kl 0.0056 rew 16.68 max_stage 5.13 mult 0.166 | collect 1.31s update 0.21s (14% upd)
it 5835/9765 step 11963433 SPS 1388 kl 0.0057 rew 16.69 max_stage 5.14 mult 0.216 | collect 1.39s update 0.18s (12% upd)
it 5840/9765 step 11973689 SPS 1388 kl 0.0043 rew 16.69 max_stage 5.14 mult 0.281 | collect 1.41s update 0.21s (13% upd)
it 5845/9765 step 11983941 SPS 1388 kl 0.0064 rew 16.69 max_stage 5.14 mult 0.203 | collect 1.37s update 0.20s (13% upd)
it 5850/9765 step 11994189 SPS 1388 kl 0.0071 rew 16.69 max_stage 5.14 mult 0.254 | collect 1.25s update 0.21s (14% upd)
it 5855/9765 step 12004453 SPS 1388 kl 0.0046 rew 16.69 max_stage 5.14 mult 0.265 | collect 1.22s update 0.22s (15% upd)
it 5860/9765 step 12014705 SPS 1388 kl 0.0054 rew 16.69 max_stage 5.14 mult 0.230 | collect 1.37s update 0.14s (9% upd)
it 5865/9765 step 12024959 SPS 1388 kl 0.0038 rew 16.69 max_stage 5.13 mult 0.239 | collect 1.24s update 0.22s (15% upd)
it 5870/9765 step 12035207 SPS 1388 kl 0.0054 rew 16.69 max_stage 5.13 mult 0.199 | collect 1.26s update 0.22s (15% upd)
it 5875/9765 step 12045455 SPS 1388 kl 0.0041 rew 16.69 max_stage 5.13 mult 0.260 | collect 1.27s update 0.22s (15% upd)
it 5880/9765 step 12055702 SPS 1388 kl 0.0054 rew 16.70 max_stage 5.14 mult 0.188 | collect 1.33s update 0.18s (12% upd)
it 5885/9765 step 12065949 SPS 1388 kl 0.0053 rew 16.63 max_stage 5.14 mult 0.196 | collect 1.27s update 0.22s (15% upd)
it 5890/9765 step 12076201 SPS 1388 kl 0.0045 rew 16.63 max_stage 5.14 mult 0.306 | collect 1.33s update 0.23s (15% upd)
it 5895/9765 step 12086455 SPS 1388 kl 0.0074 rew 16.63 max_stage 5.14 mult 0.265 | collect 1.24s update 0.21s (14% upd)
it 5900/9765 step 12096712 SPS 1388 kl 0.0055 rew 16.60 max_stage 5.14 mult 0.230 | collect 1.21s update 0.14s (10% upd)
it 5905/9765 step 12106968 SPS 1388 kl 0.0054 rew 16.60 max_stage 5.14 mult 0.200 | collect 1.23s update 0.19s (13% upd)
it 5910/9765 step 12117219 SPS 1388 kl 0.0050 rew 16.60 max_stage 5.14 mult 0.174 | collect 1.41s update 0.15s (9% upd)
it 5915/9765 step 12127466 SPS 1388 kl 0.0051 rew 16.60 max_stage 5.14 mult 0.217 | collect 1.26s update 0.22s (15% upd)
it 5920/9765 step 12137715 SPS 1388 kl 0.0063 rew 16.67 max_stage 5.15 mult 0.226 | collect 1.19s update 0.20s (15% upd)
it 5925/9765 step 12147973 SPS 1388 kl 0.0062 rew 16.67 max_stage 5.15 mult 0.235 | collect 1.42s update 0.22s (14% upd)
it 5930/9765 step 12158225 SPS 1388 kl 0.0048 rew 16.74 max_stage 5.17 mult 0.245 | collect 1.35s update 0.23s (14% upd)
it 5935/9765 step 12168474 SPS 1388 kl 0.0039 rew 16.74 max_stage 5.17 mult 0.255 | collect 1.26s update 0.23s (15% upd)
it 5940/9765 step 12178733 SPS 1388 kl 0.0061 rew 16.74 max_stage 5.17 mult 0.266 | collect 1.29s update 0.13s (9% upd)
it 5945/9765 step 12188980 SPS 1388 kl 0.0046 rew 16.74 max_stage 5.16 mult 0.192 | collect 1.25s update 0.17s (12% upd)
it 5950/9765 step 12199228 SPS 1388 kl 0.0044 rew 16.74 max_stage 5.16 mult 0.301 | collect 1.33s update 0.21s (13% upd)
it 5955/9765 step 12209474 SPS 1388 kl 0.0057 rew 16.86 max_stage 5.17 mult 0.174 | collect 1.28s update 0.21s (14% upd)
it 5960/9765 step 12219722 SPS 1387 kl 0.0066 rew 16.86 max_stage 5.17 mult 0.272 | collect 1.48s update 0.21s (12% upd)
it 5965/9765 step 12229972 SPS 1387 kl 0.0033 rew 16.86 max_stage 5.17 mult 0.236 | collect 1.25s update 0.22s (15% upd)
it 5970/9765 step 12240228 SPS 1387 kl 0.0051 rew 16.86 max_stage 5.17 mult 0.205 | collect 1.38s update 0.16s (11% upd)
it 5975/9765 step 12250474 SPS 1387 kl 0.0059 rew 16.86 max_stage 5.17 mult 0.205 | collect 1.29s update 0.21s (14% upd)
it 5980/9765 step 12260723 SPS 1387 kl 0.0057 rew 16.86 max_stage 5.17 mult 0.213 | collect 1.24s update 0.21s (15% upd)
it 5985/9765 step 12270977 SPS 1387 kl 0.0054 rew 16.86 max_stage 5.17 mult 0.185 | collect 1.35s update 0.17s (11% upd)
it 5990/9765 step 12281222 SPS 1387 kl 0.0040 rew 16.86 max_stage 5.17 mult 0.161 | collect 1.23s update 0.16s (11% upd)
it 5995/9765 step 12291473 SPS 1387 kl 0.0050 rew 16.89 max_stage 5.19 mult 0.251 | collect 1.42s update 0.16s (10% upd)
it 6000/9765 step 12301719 SPS 1387 kl 0.0045 rew 16.94 max_stage 5.21 mult 0.174 | collect 1.26s update 0.20s (13% upd)
it 6005/9765 step 12311965 SPS 1387 kl 0.0064 rew 16.94 max_stage 5.21 mult 0.227 | collect 1.30s update 0.19s (13% upd)
it 6010/9765 step 12322207 SPS 1387 kl 0.0036 rew 16.88 max_stage 5.20 mult 0.197 | collect 1.31s update 0.10s (7% upd)
it 6015/9765 step 12332455 SPS 1387 kl 0.0041 rew 16.87 max_stage 5.18 mult 0.257 | collect 1.27s update 0.22s (15% upd)
it 6020/9765 step 12342708 SPS 1387 kl 0.0051 rew 16.87 max_stage 5.18 mult 0.223 | collect 1.33s update 0.22s (14% upd)
it 6025/9765 step 12352957 SPS 1387 kl 0.0052 rew 16.87 max_stage 5.18 mult 0.161 | collect 1.29s update 0.23s (15% upd)
it 6030/9765 step 12363203 SPS 1387 kl 0.0042 rew 16.87 max_stage 5.18 mult 0.252 | collect 1.40s update 0.22s (14% upd)
it 6035/9765 step 12373450 SPS 1387 kl 0.0053 rew 16.78 max_stage 5.16 mult 0.219 | collect 1.24s update 0.22s (15% upd)
it 6040/9765 step 12383700 SPS 1387 kl 0.0057 rew 16.78 max_stage 5.16 mult 0.190 | collect 1.35s update 0.18s (12% upd)
it 6045/9765 step 12393953 SPS 1387 kl 0.0040 rew 16.78 max_stage 5.16 mult 0.247 | collect 1.30s update 0.14s (9% upd)
it 6050/9765 step 12404205 SPS 1387 kl 0.0047 rew 16.78 max_stage 5.16 mult 0.322 | collect 1.18s update 0.21s (15% upd)
it 6055/9765 step 12414462 SPS 1387 kl 0.0034 rew 16.78 max_stage 5.16 mult 0.233 | collect 1.20s update 0.21s (15% upd)
it 6060/9765 step 12424711 SPS 1387 kl 0.0063 rew 16.78 max_stage 5.16 mult 0.202 | collect 1.22s update 0.22s (15% upd)
it 6065/9765 step 12434964 SPS 1387 kl 0.0063 rew 16.78 max_stage 5.16 mult 0.211 | collect 1.33s update 0.16s (11% upd)
it 6070/9765 step 12445219 SPS 1387 kl 0.0053 rew 16.78 max_stage 5.16 mult 0.175 | collect 1.22s update 0.21s (15% upd)
it 6075/9765 step 12455469 SPS 1387 kl 0.0055 rew 16.78 max_stage 5.16 mult 0.183 | collect 1.31s update 0.18s (12% upd)
it 6080/9765 step 12465724 SPS 1387 kl 0.0052 rew 16.78 max_stage 5.16 mult 0.159 | collect 1.28s update 0.18s (12% upd)
it 6085/9765 step 12475973 SPS 1387 kl 0.0052 rew 16.78 max_stage 5.16 mult 0.198 | collect 1.15s update 0.21s (15% upd)
it 6090/9765 step 12486224 SPS 1387 kl 0.0039 rew 16.77 max_stage 5.16 mult 0.258 | collect 1.28s update 0.21s (14% upd)
it 6095/9765 step 12496478 SPS 1387 kl 0.0060 rew 16.74 max_stage 5.14 mult 0.187 | collect 1.28s update 0.20s (14% upd)
it 6100/9765 step 12506731 SPS 1387 kl 0.0038 rew 16.74 max_stage 5.14 mult 0.292 | collect 1.26s update 0.09s (6% upd)
it 6105/9765 step 12516979 SPS 1387 kl 0.0039 rew 16.74 max_stage 5.14 mult 0.253 | collect 1.28s update 0.23s (15% upd)
it 6110/9765 step 12527231 SPS 1387 kl 0.0049 rew 16.74 max_stage 5.14 mult 0.330 | collect 1.42s update 0.21s (13% upd)
it 6115/9765 step 12537473 SPS 1387 kl 0.0029 rew 16.76 max_stage 5.16 mult 0.239 | collect 1.32s update 0.09s (6% upd)
it 6120/9765 step 12547732 SPS 1387 kl 0.0057 rew 16.76 max_stage 5.16 mult 0.249 | collect 1.41s update 0.19s (12% upd)
it 6125/9765 step 12557981 SPS 1387 kl 0.0036 rew 16.82 max_stage 5.17 mult 0.180 | collect 1.31s update 0.10s (7% upd)
it 6130/9765 step 12568237 SPS 1387 kl 0.0061 rew 16.82 max_stage 5.17 mult 0.234 | collect 1.30s update 0.18s (12% upd)
it 6135/9765 step 12578495 SPS 1387 kl 0.0051 rew 16.82 max_stage 5.17 mult 0.244 | collect 1.44s update 0.22s (13% upd)
it 6140/9765 step 12588746 SPS 1387 kl 0.0060 rew 16.83 max_stage 5.18 mult 0.254 | collect 1.35s update 0.21s (13% upd)
it 6145/9765 step 12598998 SPS 1387 kl 0.0059 rew 16.72 max_stage 5.17 mult 0.265 | collect 1.39s update 0.23s (14% upd)
it 6150/9765 step 12609250 SPS 1387 kl 0.0037 rew 16.71 max_stage 5.18 mult 0.230 | collect 1.25s update 0.21s (14% upd)
it 6155/9765 step 12619495 SPS 1387 kl 0.0062 rew 16.71 max_stage 5.18 mult 0.239 | collect 1.29s update 0.20s (14% upd)
it 6160/9765 step 12629750 SPS 1387 kl 0.0046 rew 16.62 max_stage 5.17 mult 0.312 | collect 1.34s update 0.21s (13% upd)
it 6165/9765 step 12640002 SPS 1387 kl 0.0061 rew 16.64 max_stage 5.17 mult 0.225 | collect 1.34s update 0.18s (12% upd)
it 6170/9765 step 12650256 SPS 1387 kl 0.0033 rew 16.64 max_stage 5.17 mult 0.235 | collect 1.20s update 0.09s (7% upd)
it 6175/9765 step 12660509 SPS 1387 kl 0.0071 rew 16.64 max_stage 5.17 mult 0.245 | collect 1.19s update 0.16s (12% upd)
it 6180/9765 step 12670760 SPS 1387 kl 0.0067 rew 16.64 max_stage 5.17 mult 0.212 | collect 1.20s update 0.20s (14% upd)
it 6185/9765 step 12681003 SPS 1387 kl 0.0045 rew 16.64 max_stage 5.17 mult 0.184 | collect 1.36s update 0.18s (12% upd)
it 6190/9765 step 12691251 SPS 1387 kl 0.0036 rew 16.66 max_stage 5.17 mult 0.288 | collect 1.28s update 0.21s (14% upd)
it 6195/9765 step 12701507 SPS 1387 kl 0.0049 rew 16.66 max_stage 5.17 mult 0.300 | collect 1.29s update 0.22s (14% upd)
it 6200/9765 step 12711760 SPS 1387 kl 0.0057 rew 16.70 max_stage 5.18 mult 0.250 | collect 1.25s update 0.22s (15% upd)
it 6205/9765 step 12722011 SPS 1387 kl 0.0048 rew 16.70 max_stage 5.18 mult 0.217 | collect 1.30s update 0.10s (7% upd)
it 6210/9765 step 12732268 SPS 1387 kl 0.0051 rew 16.70 max_stage 5.18 mult 0.181 | collect 1.34s update 0.21s (13% upd)
it 6215/9765 step 12742518 SPS 1387 kl 0.0063 rew 16.66 max_stage 5.17 mult 0.283 | collect 1.38s update 0.18s (12% upd)
it 6220/9765 step 12752773 SPS 1387 kl 0.0050 rew 16.66 max_stage 5.17 mult 0.245 | collect 1.28s update 0.22s (15% upd)
it 6225/9765 step 12763018 SPS 1387 kl 0.0066 rew 16.73 max_stage 5.21 mult 0.255 | collect 1.37s update 0.19s (12% upd)
it 6230/9765 step 12773275 SPS 1387 kl 0.0046 rew 16.63 max_stage 5.18 mult 0.222 | collect 1.23s update 0.12s (9% upd)
it 6235/9765 step 12783531 SPS 1387 kl 0.0041 rew 16.63 max_stage 5.18 mult 0.289 | collect 1.20s update 0.21s (15% upd)
it 6240/9765 step 12793785 SPS 1387 kl 0.0056 rew 16.64 max_stage 5.17 mult 0.251 | collect 1.30s update 0.13s (9% upd)
it 6245/9765 step 12804038 SPS 1387 kl 0.0048 rew 16.64 max_stage 5.17 mult 0.326 | collect 1.23s update 0.21s (14% upd)
it 6250/9765 step 12814294 SPS 1387 kl 0.0048 rew 16.64 max_stage 5.17 mult 0.236 | collect 1.29s update 0.15s (11% upd)
it 6255/9765 step 12824544 SPS 1387 kl 0.0062 rew 16.64 max_stage 5.17 mult 0.205 | collect 1.36s update 0.21s (13% upd)
it 6260/9765 step 12834793 SPS 1387 kl 0.0053 rew 16.64 max_stage 5.17 mult 0.178 | collect 1.31s update 0.22s (14% upd)
it 6265/9765 step 12845048 SPS 1387 kl 0.0043 rew 16.62 max_stage 5.18 mult 0.278 | collect 1.27s update 0.21s (14% upd)
it 6270/9765 step 12855296 SPS 1387 kl 0.0057 rew 16.62 max_stage 5.18 mult 0.201 | collect 1.23s update 0.18s (13% upd)
it 6275/9765 step 12865544 SPS 1387 kl 0.0045 rew 16.65 max_stage 5.18 mult 0.262 | collect 1.31s update 0.20s (14% upd)
it 6280/9765 step 12875801 SPS 1387 kl 0.0021 rew 16.65 max_stage 5.18 mult 0.182 | collect 1.29s update 0.07s (5% upd)
it 6285/9765 step 12886056 SPS 1387 kl 0.0043 rew 16.65 max_stage 5.18 mult 0.284 | collect 1.30s update 0.21s (14% upd)
it 6290/9765 step 12896303 SPS 1387 kl 0.0041 rew 16.60 max_stage 5.16 mult 0.164 | collect 1.27s update 0.17s (12% upd)
it 6295/9765 step 12906555 SPS 1387 kl 0.0050 rew 16.60 max_stage 5.16 mult 0.257 | collect 1.27s update 0.22s (14% upd)
it 6300/9765 step 12916812 SPS 1387 kl 0.0059 rew 16.60 max_stage 5.16 mult 0.223 | collect 1.23s update 0.19s (13% upd)
it 6305/9765 step 12927069 SPS 1387 kl 0.0062 rew 16.60 max_stage 5.16 mult 0.194 | collect 1.30s update 0.24s (16% upd)
it 6310/9765 step 12937330 SPS 1387 kl 0.0055 rew 16.60 max_stage 5.16 mult 0.302 | collect 1.30s update 0.12s (8% upd)
it 6315/9765 step 12947573 SPS 1387 kl 0.0056 rew 16.54 max_stage 5.14 mult 0.219 | collect 1.22s update 0.21s (15% upd)
it 6320/9765 step 12957819 SPS 1387 kl 0.0041 rew 16.54 max_stage 5.14 mult 0.285 | collect 1.23s update 0.20s (14% upd)
it 6325/9765 step 12968068 SPS 1387 kl 0.0070 rew 16.48 max_stage 5.13 mult 0.247 | collect 1.26s update 0.17s (12% upd)
it 6330/9765 step 12978319 SPS 1387 kl 0.0059 rew 16.48 max_stage 5.13 mult 0.258 | collect 1.20s update 0.21s (15% upd)
it 6335/9765 step 12988567 SPS 1387 kl 0.0068 rew 16.48 max_stage 5.13 mult 0.224 | collect 1.27s update 0.22s (15% upd)
it 6340/9765 step 12998820 SPS 1387 kl 0.0065 rew 16.39 max_stage 5.13 mult 0.233 | collect 1.32s update 0.21s (14% upd)
it 6345/9765 step 13009066 SPS 1387 kl 0.0069 rew 16.35 max_stage 5.13 mult 0.291 | collect 1.35s update 0.14s (9% upd)
it 6350/9765 step 13019320 SPS 1387 kl 0.0050 rew 16.39 max_stage 5.13 mult 0.202 | collect 1.27s update 0.22s (15% upd)
it 6355/9765 step 13029576 SPS 1387 kl 0.0049 rew 16.39 max_stage 5.13 mult 0.316 | collect 1.28s update 0.21s (14% upd)
it 6360/9765 step 13039820 SPS 1387 kl 0.0043 rew 16.44 max_stage 5.15 mult 0.229 | collect 1.19s update 0.20s (14% upd)
it 6365/9765 step 13050072 SPS 1387 kl 0.0045 rew 16.44 max_stage 5.15 mult 0.286 | collect 1.23s update 0.20s (14% upd)
it 6370/9765 step 13060322 SPS 1387 kl 0.0060 rew 16.44 max_stage 5.15 mult 0.298 | collect 1.25s update 0.20s (14% upd)
it 6375/9765 step 13070577 SPS 1387 kl 0.0058 rew 16.44 max_stage 5.15 mult 0.258 | collect 1.26s update 0.21s (14% upd)
it 6380/9765 step 13080824 SPS 1387 kl 0.0057 rew 16.40 max_stage 5.15 mult 0.258 | collect 1.22s update 0.21s (15% upd)
it 6385/9765 step 13091072 SPS 1387 kl 0.0044 rew 16.40 max_stage 5.15 mult 0.224 | collect 1.25s update 0.12s (9% upd)
it 6390/9765 step 13101320 SPS 1387 kl 0.0043 rew 16.40 max_stage 5.15 mult 0.292 | collect 1.24s update 0.20s (14% upd)
it 6395/9765 step 13111569 SPS 1387 kl 0.0049 rew 16.39 max_stage 5.14 mult 0.253 | collect 1.24s update 0.17s (12% upd)
it 6400/9765 step 13121826 SPS 1387 kl 0.0050 rew 16.39 max_stage 5.14 mult 0.220 | collect 1.33s update 0.21s (13% upd)
it 6405/9765 step 13132073 SPS 1387 kl 0.0052 rew 16.38 max_stage 5.14 mult 0.229 | collect 1.21s update 0.22s (15% upd)
it 6410/9765 step 13142322 SPS 1387 kl 0.0064 rew 16.38 max_stage 5.14 mult 0.298 | collect 1.19s update 0.09s (7% upd)
it 6415/9765 step 13152579 SPS 1387 kl 0.0061 rew 16.38 max_stage 5.14 mult 0.216 | collect 1.33s update 0.21s (13% upd)
it 6420/9765 step 13162830 SPS 1387 kl 0.0058 rew 16.38 max_stage 5.16 mult 0.225 | collect 1.31s update 0.20s (13% upd)
it 6425/9765 step 13173078 SPS 1387 kl 0.0054 rew 16.46 max_stage 5.17 mult 0.234 | collect 1.21s update 0.21s (15% upd)
it 6430/9765 step 13183331 SPS 1387 kl 0.0043 rew 16.57 max_stage 5.17 mult 0.305 | collect 1.26s update 0.21s (14% upd)
it 6435/9765 step 13193579 SPS 1387 kl 0.0047 rew 16.57 max_stage 5.17 mult 0.318 | collect 1.36s update 0.21s (14% upd)
it 6440/9765 step 13203836 SPS 1387 kl 0.0045 rew 16.59 max_stage 5.17 mult 0.230 | collect 1.19s update 0.13s (10% upd)
it 6445/9765 step 13214085 SPS 1387 kl 0.0040 rew 16.59 max_stage 5.17 mult 0.299 | collect 1.37s update 0.21s (13% upd)
it 6450/9765 step 13224338 SPS 1387 kl 0.0070 rew 16.62 max_stage 5.19 mult 0.260 | collect 1.20s update 0.22s (15% upd)
it 6455/9765 step 13234590 SPS 1387 kl 0.0051 rew 16.62 max_stage 5.19 mult 0.271 | collect 1.30s update 0.20s (13% upd)
it 6460/9765 step 13244836 SPS 1387 kl 0.0052 rew 16.62 max_stage 5.19 mult 0.235 | collect 1.24s update 0.21s (14% upd)
it 6465/9765 step 13255088 SPS 1387 kl 0.0057 rew 16.63 max_stage 5.20 mult 0.204 | collect 1.26s update 0.20s (14% upd)
it 6470/9765 step 13265336 SPS 1387 kl 0.0053 rew 16.63 max_stage 5.20 mult 0.212 | collect 1.44s update 0.19s (12% upd)
it 6475/9765 step 13275586 SPS 1387 kl 0.0040 rew 16.63 max_stage 5.20 mult 0.277 | collect 1.24s update 0.12s (9% upd)
it 6480/9765 step 13285839 SPS 1387 kl 0.0044 rew 16.63 max_stage 5.20 mult 0.360 | collect 1.21s update 0.20s (14% upd)
it 6485/9765 step 13296090 SPS 1387 kl 0.0029 rew 16.63 max_stage 5.20 mult 0.260 | collect 1.36s update 0.08s (5% upd)
it 6490/9765 step 13306337 SPS 1387 kl 0.0047 rew 16.67 max_stage 5.21 mult 0.407 | collect 1.27s update 0.21s (14% upd)
it 6495/9765 step 13316592 SPS 1387 kl 0.0044 rew 16.56 max_stage 5.18 mult 0.294 | collect 1.38s update 0.12s (8% upd)
it 6500/9765 step 13326846 SPS 1387 kl 0.0052 rew 16.56 max_stage 5.18 mult 0.256 | collect 1.24s update 0.12s (9% upd)
it 6505/9765 step 13337099 SPS 1387 kl 0.0046 rew 16.56 max_stage 5.18 mult 0.222 | collect 1.26s update 0.17s (12% upd)
it 6510/9765 step 13347347 SPS 1387 kl 0.0036 rew 16.56 max_stage 5.18 mult 0.289 | collect 1.26s update 0.22s (15% upd)
it 6515/9765 step 13357597 SPS 1387 kl 0.0039 rew 16.56 max_stage 5.18 mult 0.301 | collect 1.33s update 0.22s (14% upd)
it 6520/9765 step 13367847 SPS 1387 kl 0.0056 rew 16.55 max_stage 5.18 mult 0.261 | collect 1.32s update 0.22s (14% upd)
it 6525/9765 step 13378104 SPS 1387 kl 0.0061 rew 16.55 max_stage 5.18 mult 0.272 | collect 1.30s update 0.21s (14% upd)
it 6530/9765 step 13388358 SPS 1387 kl 0.0056 rew 16.54 max_stage 5.18 mult 0.197 | collect 1.25s update 0.18s (13% upd)
it 6535/9765 step 13398608 SPS 1387 kl 0.0059 rew 16.54 max_stage 5.18 mult 0.256 | collect 1.28s update 0.15s (10% upd)
it 6540/9765 step 13408860 SPS 1387 kl 0.0054 rew 16.52 max_stage 5.17 mult 0.267 | collect 1.26s update 0.20s (14% upd)
it 6545/9765 step 13419110 SPS 1387 kl 0.0046 rew 16.48 max_stage 5.17 mult 0.334 | collect 1.27s update 0.20s (14% upd)
it 6550/9765 step 13429369 SPS 1387 kl 0.0050 rew 16.48 max_stage 5.17 mult 0.241 | collect 1.30s update 0.12s (9% upd)
it 6555/9765 step 13439625 SPS 1387 kl 0.0066 rew 16.49 max_stage 5.16 mult 0.251 | collect 1.19s update 0.16s (12% upd)
it 6560/9765 step 13449875 SPS 1387 kl 0.0055 rew 16.49 max_stage 5.16 mult 0.262 | collect 1.21s update 0.20s (14% upd)
it 6565/9765 step 13460130 SPS 1387 kl 0.0032 rew 16.49 max_stage 5.16 mult 0.227 | collect 1.27s update 0.11s (8% upd)
it 6570/9765 step 13470384 SPS 1387 kl 0.0051 rew 16.48 max_stage 5.16 mult 0.197 | collect 1.28s update 0.20s (13% upd)
it 6575/9765 step 13480639 SPS 1387 kl 0.0036 rew 16.49 max_stage 5.16 mult 0.257 | collect 1.24s update 0.11s (8% upd)
it 6580/9765 step 13490889 SPS 1387 kl 0.0054 rew 16.49 max_stage 5.16 mult 0.268 | collect 1.34s update 0.21s (13% upd)
it 6585/9765 step 13501145 SPS 1387 kl 0.0052 rew 16.49 max_stage 5.16 mult 0.279 | collect 1.26s update 0.14s (10% upd)
it 6590/9765 step 13511399 SPS 1387 kl 0.0059 rew 16.49 max_stage 5.16 mult 0.242 | collect 1.36s update 0.16s (11% upd)
it 6595/9765 step 13521644 SPS 1387 kl 0.0055 rew 16.45 max_stage 5.16 mult 0.303 | collect 1.29s update 0.21s (14% upd)
it 6600/9765 step 13531896 SPS 1387 kl 0.0048 rew 16.46 max_stage 5.17 mult 0.394 | collect 1.49s update 0.20s (12% upd)
it 6605/9765 step 13542146 SPS 1387 kl 0.0043 rew 16.46 max_stage 5.17 mult 0.285 | collect 1.38s update 0.14s (9% upd)
it 6610/9765 step 13552392 SPS 1387 kl 0.0059 rew 16.53 max_stage 5.18 mult 0.247 | collect 1.33s update 0.19s (13% upd)
it 6615/9765 step 13562638 SPS 1387 kl 0.0053 rew 16.50 max_stage 5.17 mult 0.215 | collect 1.20s update 0.21s (15% upd)
it 6620/9765 step 13572888 SPS 1387 kl 0.0039 rew 16.50 max_stage 5.17 mult 0.280 | collect 1.26s update 0.11s (8% upd)
it 6625/9765 step 13583140 SPS 1387 kl 0.0062 rew 16.50 max_stage 5.17 mult 0.291 | collect 1.32s update 0.21s (14% upd)
it 6630/9765 step 13593395 SPS 1387 kl 0.0061 rew 16.50 max_stage 5.17 mult 0.253 | collect 1.22s update 0.17s (12% upd)
it 6635/9765 step 13603649 SPS 1387 kl 0.0054 rew 16.50 max_stage 5.17 mult 0.263 | collect 1.31s update 0.21s (14% upd)
it 6640/9765 step 13613893 SPS 1387 kl 0.0045 rew 16.50 max_stage 5.17 mult 0.343 | collect 1.34s update 0.20s (13% upd)
it 6645/9765 step 13624151 SPS 1387 kl 0.0057 rew 16.50 max_stage 5.17 mult 0.298 | collect 1.18s update 0.20s (14% upd)
it 6650/9765 step 13634403 SPS 1388 kl 0.0050 rew 16.50 max_stage 5.17 mult 0.258 | collect 1.21s update 0.15s (11% upd)
it 6655/9765 step 13644651 SPS 1388 kl 0.0067 rew 16.50 max_stage 5.17 mult 0.224 | collect 1.27s update 0.21s (14% upd)
it 6660/9765 step 13654905 SPS 1388 kl 0.0048 rew 16.49 max_stage 5.17 mult 0.195 | collect 1.34s update 0.20s (13% upd)
it 6665/9765 step 13665151 SPS 1388 kl 0.0051 rew 16.51 max_stage 5.16 mult 0.243 | collect 1.33s update 0.20s (13% upd)
it 6670/9765 step 13675405 SPS 1388 kl 0.0049 rew 16.51 max_stage 5.16 mult 0.380 | collect 1.32s update 0.22s (14% upd)
it 6675/9765 step 13685648 SPS 1388 kl 0.0055 rew 16.51 max_stage 5.16 mult 0.183 | collect 1.19s update 0.19s (14% upd)
it 6680/9765 step 13695896 SPS 1388 kl 0.0045 rew 16.51 max_stage 5.16 mult 0.344 | collect 1.22s update 0.22s (15% upd)
it 6685/9765 step 13706146 SPS 1388 kl 0.0050 rew 16.51 max_stage 5.16 mult 0.298 | collect 1.30s update 0.12s (8% upd)
it 6690/9765 step 13716389 SPS 1388 kl 0.0028 rew 16.52 max_stage 5.16 mult 0.216 | collect 1.25s update 0.09s (7% upd)
it 6695/9765 step 13726637 SPS 1388 kl 0.0052 rew 16.42 max_stage 5.15 mult 0.281 | collect 1.25s update 0.13s (10% upd)
it 6700/9765 step 13736885 SPS 1388 kl 0.0050 rew 16.42 max_stage 5.15 mult 0.439 | collect 1.17s update 0.21s (15% upd)
it 6705/9765 step 13747144 SPS 1388 kl 0.0048 rew 16.42 max_stage 5.15 mult 0.318 | collect 1.22s update 0.21s (15% upd)
it 6710/9765 step 13757395 SPS 1388 kl 0.0057 rew 16.42 max_stage 5.15 mult 0.230 | collect 1.20s update 0.21s (15% upd)
it 6715/9765 step 13767644 SPS 1388 kl 0.0067 rew 16.42 max_stage 5.15 mult 0.299 | collect 1.25s update 0.21s (14% upd)
it 6720/9765 step 13777892 SPS 1388 kl 0.0039 rew 16.42 max_stage 5.15 mult 0.374 | collect 1.29s update 0.20s (14% upd)
it 6725/9765 step 13788149 SPS 1388 kl 0.0041 rew 16.42 max_stage 5.15 mult 0.271 | collect 1.27s update 0.21s (14% upd)
it 6730/9765 step 13798399 SPS 1388 kl 0.0044 rew 16.42 max_stage 5.15 mult 0.352 | collect 1.25s update 0.22s (15% upd)
it 6735/9765 step 13808649 SPS 1388 kl 0.0049 rew 16.42 max_stage 5.15 mult 0.440 | collect 1.25s update 0.21s (14% upd)
it 6740/9765 step 13818902 SPS 1388 kl 0.0049 rew 16.42 max_stage 5.15 mult 0.382 | collect 1.21s update 0.21s (15% upd)
it 6745/9765 step 13829154 SPS 1388 kl 0.0034 rew 16.44 max_stage 5.14 mult 0.277 | collect 1.24s update 0.21s (14% upd)
it 6750/9765 step 13839403 SPS 1388 kl 0.0041 rew 16.44 max_stage 5.14 mult 0.432 | collect 1.14s update 0.20s (15% upd)
it 6755/9765 step 13849660 SPS 1388 kl 0.0057 rew 16.44 max_stage 5.14 mult 0.313 | collect 1.18s update 0.15s (11% upd)
it 6760/9765 step 13859914 SPS 1388 kl 0.0060 rew 16.44 max_stage 5.14 mult 0.326 | collect 1.21s update 0.21s (15% upd)
it 6765/9765 step 13870163 SPS 1388 kl 0.0059 rew 16.50 max_stage 5.17 mult 0.236 | collect 1.23s update 0.22s (15% upd)
it 6770/9765 step 13880414 SPS 1388 kl 0.0041 rew 16.50 max_stage 5.17 mult 0.368 | collect 1.19s update 0.22s (15% upd)
it 6775/9765 step 13890660 SPS 1388 kl 0.0040 rew 16.50 max_stage 5.17 mult 0.213 | collect 1.31s update 0.18s (12% upd)
it 6780/9765 step 13900905 SPS 1388 kl 0.0059 rew 16.47 max_stage 5.15 mult 0.333 | collect 1.29s update 0.22s (15% upd)
it 6785/9765 step 13911155 SPS 1388 kl 0.0053 rew 16.54 max_stage 5.17 mult 0.231 | collect 1.22s update 0.20s (14% upd)
it 6790/9765 step 13921404 SPS 1388 kl 0.0042 rew 16.54 max_stage 5.17 mult 0.301 | collect 1.20s update 0.14s (11% upd)
it 6795/9765 step 13931660 SPS 1388 kl 0.0056 rew 16.49 max_stage 5.16 mult 0.313 | collect 1.41s update 0.21s (13% upd)
it 6800/9765 step 13941915 SPS 1388 kl 0.0037 rew 16.56 max_stage 5.20 mult 0.227 | collect 1.27s update 0.15s (11% upd)
it 6805/9765 step 13952169 SPS 1388 kl 0.0050 rew 16.56 max_stage 5.20 mult 0.197 | collect 1.22s update 0.20s (14% upd)
it 6810/9765 step 13962415 SPS 1388 kl 0.0054 rew 16.56 max_stage 5.20 mult 0.256 | collect 1.28s update 0.18s (12% upd)
it 6815/9765 step 13972669 SPS 1388 kl 0.0047 rew 16.59 max_stage 5.21 mult 0.400 | collect 1.38s update 0.20s (13% upd)
it 6820/9765 step 13982923 SPS 1388 kl 0.0037 rew 16.63 max_stage 5.21 mult 0.348 | collect 1.22s update 0.20s (14% upd)
it 6825/9765 step 13993166 SPS 1388 kl 0.0056 rew 16.63 max_stage 5.21 mult 0.302 | collect 1.27s update 0.21s (14% upd)
it 6830/9765 step 14003413 SPS 1388 kl 0.0056 rew 16.68 max_stage 5.23 mult 0.262 | collect 1.23s update 0.20s (14% upd)
it 6835/9765 step 14013658 SPS 1388 kl 0.0051 rew 16.68 max_stage 5.23 mult 0.227 | collect 1.42s update 0.21s (13% upd)
it 6840/9765 step 14023913 SPS 1388 kl 0.0073 rew 16.70 max_stage 5.25 mult 0.355 | collect 1.23s update 0.16s (11% upd)
it 6845/9765 step 14034167 SPS 1388 kl 0.0057 rew 16.70 max_stage 5.25 mult 0.308 | collect 1.24s update 0.21s (14% upd)
it 6850/9765 step 14044415 SPS 1388 kl 0.0052 rew 16.79 max_stage 5.26 mult 0.268 | collect 1.24s update 0.19s (13% upd)
it 6855/9765 step 14054659 SPS 1388 kl 0.0044 rew 16.79 max_stage 5.26 mult 0.349 | collect 1.37s update 0.21s (13% upd)
it 6860/9765 step 14064909 SPS 1388 kl 0.0042 rew 16.79 max_stage 5.26 mult 0.252 | collect 1.25s update 0.15s (11% upd)
it 6865/9765 step 14075167 SPS 1388 kl 0.0047 rew 16.83 max_stage 5.26 mult 0.394 | collect 1.35s update 0.21s (14% upd)
it 6870/9765 step 14085422 SPS 1388 kl 0.0059 rew 16.83 max_stage 5.26 mult 0.285 | collect 1.31s update 0.16s (11% upd)
it 6875/9765 step 14095675 SPS 1388 kl 0.0052 rew 16.83 max_stage 5.26 mult 0.247 | collect 1.28s update 0.22s (15% upd)
it 6880/9765 step 14105932 SPS 1388 kl 0.0053 rew 16.83 max_stage 5.26 mult 0.258 | collect 1.30s update 0.22s (14% upd)
it 6885/9765 step 14116185 SPS 1388 kl 0.0041 rew 16.83 max_stage 5.26 mult 0.336 | collect 1.27s update 0.22s (15% upd)
it 6890/9765 step 14126435 SPS 1389 kl 0.0047 rew 16.83 max_stage 5.26 mult 0.243 | collect 1.20s update 0.15s (11% upd)
it 6895/9765 step 14136686 SPS 1389 kl 0.0046 rew 16.83 max_stage 5.26 mult 0.211 | collect 1.31s update 0.16s (11% upd)
it 6900/9765 step 14146937 SPS 1389 kl 0.0037 rew 16.70 max_stage 5.23 mult 0.329 | collect 1.27s update 0.21s (14% upd)
it 6905/9765 step 14157191 SPS 1389 kl 0.0062 rew 16.70 max_stage 5.23 mult 0.286 | collect 1.18s update 0.18s (13% upd)
it 6910/9765 step 14167439 SPS 1389 kl 0.0059 rew 16.72 max_stage 5.24 mult 0.298 | collect 1.27s update 0.21s (14% upd)
it 6915/9765 step 14177688 SPS 1389 kl 0.0054 rew 16.72 max_stage 5.24 mult 0.215 | collect 1.31s update 0.20s (13% upd)
it 6920/9765 step 14187935 SPS 1389 kl 0.0049 rew 16.72 max_stage 5.24 mult 0.280 | collect 1.17s update 0.15s (11% upd)
it 6925/9765 step 14198191 SPS 1389 kl 0.0047 rew 16.72 max_stage 5.24 mult 0.243 | collect 1.24s update 0.17s (12% upd)
it 6930/9765 step 14208442 SPS 1389 kl 0.0052 rew 16.71 max_stage 5.24 mult 0.254 | collect 1.36s update 0.20s (13% upd)
it 6935/9765 step 14218696 SPS 1389 kl 0.0038 rew 16.71 max_stage 5.24 mult 0.330 | collect 1.27s update 0.22s (14% upd)
it 6940/9765 step 14228947 SPS 1389 kl 0.0045 rew 16.71 max_stage 5.25 mult 0.287 | collect 1.29s update 0.12s (9% upd)
it 6945/9765 step 14239192 SPS 1389 kl 0.0042 rew 16.79 max_stage 5.25 mult 0.239 | collect 1.18s update 0.14s (11% upd)
it 6950/9765 step 14249444 SPS 1389 kl 0.0040 rew 16.79 max_stage 5.25 mult 0.373 | collect 1.25s update 0.22s (15% upd)
it 6955/9765 step 14259700 SPS 1389 kl 0.0046 rew 16.79 max_stage 5.25 mult 0.324 | collect 1.28s update 0.14s (10% upd)
it 6960/9765 step 14269947 SPS 1389 kl 0.0043 rew 16.79 max_stage 5.25 mult 0.234 | collect 1.23s update 0.14s (11% upd)
it 6965/9765 step 14280201 SPS 1389 kl 0.0041 rew 16.79 max_stage 5.25 mult 0.305 | collect 1.26s update 0.14s (10% upd)
it 6970/9765 step 14290449 SPS 1389 kl 0.0047 rew 16.79 max_stage 5.25 mult 0.477 | collect 1.39s update 0.21s (13% upd)
it 6975/9765 step 14300704 SPS 1389 kl 0.0051 rew 16.80 max_stage 5.25 mult 0.230 | collect 1.24s update 0.20s (14% upd)
it 6980/9765 step 14310961 SPS 1389 kl 0.0038 rew 16.80 max_stage 5.25 mult 0.359 | collect 1.21s update 0.21s (15% upd)
it 6985/9765 step 14321219 SPS 1389 kl 0.0056 rew 16.80 max_stage 5.25 mult 0.374 | collect 1.29s update 0.21s (14% upd)
it 6990/9765 step 14331469 SPS 1389 kl 0.0050 rew 16.80 max_stage 5.25 mult 0.271 | collect 1.28s update 0.17s (12% upd)
it 6995/9765 step 14341721 SPS 1389 kl 0.0033 rew 16.80 max_stage 5.25 mult 0.352 | collect 1.22s update 0.22s (15% upd)
it 7000/9765 step 14351978 SPS 1389 kl 0.0060 rew 16.80 max_stage 5.25 mult 0.255 | collect 1.35s update 0.20s (13% upd)
it 7005/9765 step 14362223 SPS 1389 kl 0.0039 rew 16.87 max_stage 5.26 mult 0.266 | collect 1.30s update 0.16s (11% upd)
it 7010/9765 step 14372473 SPS 1389 kl 0.0058 rew 16.87 max_stage 5.26 mult 0.346 | collect 1.19s update 0.15s (11% upd)
it 7015/9765 step 14382726 SPS 1389 kl 0.0080 rew 16.88 max_stage 5.26 mult 0.450 | collect 1.35s update 0.15s (10% upd)
it 7020/9765 step 14392979 SPS 1389 kl 0.0068 rew 16.88 max_stage 5.26 mult 0.391 | collect 1.27s update 0.20s (14% upd)
it 7025/9765 step 14403230 SPS 1389 kl 0.0044 rew 16.88 max_stage 5.26 mult 0.339 | collect 1.32s update 0.22s (14% upd)
it 7030/9765 step 14413484 SPS 1389 kl 0.0053 rew 16.85 max_stage 5.27 mult 0.245 | collect 1.23s update 0.20s (14% upd)
it 7035/9765 step 14423732 SPS 1389 kl 0.0034 rew 16.85 max_stage 5.27 mult 0.320 | collect 1.29s update 0.20s (13% upd)
it 7040/9765 step 14433982 SPS 1389 kl 0.0044 rew 16.85 max_stage 5.27 mult 0.231 | collect 1.24s update 0.15s (11% upd)
it 7045/9765 step 14444233 SPS 1389 kl 0.0066 rew 16.85 max_stage 5.27 mult 0.361 | collect 1.38s update 0.20s (13% upd)
it 7050/9765 step 14454482 SPS 1389 kl 0.0065 rew 16.72 max_stage 5.25 mult 0.314 | collect 1.40s update 0.21s (13% upd)
it 7055/9765 step 14464732 SPS 1389 kl 0.0065 rew 16.72 max_stage 5.25 mult 0.392 | collect 1.22s update 0.17s (12% upd)
it 7060/9765 step 14474980 SPS 1389 kl 0.0052 rew 16.72 max_stage 5.25 mult 0.340 | collect 1.23s update 0.20s (14% upd)
it 7065/9765 step 14485231 SPS 1389 kl 0.0065 rew 16.76 max_stage 5.27 mult 0.295 | collect 1.45s update 0.19s (11% upd)
it 7070/9765 step 14495475 SPS 1389 kl 0.0056 rew 16.81 max_stage 5.28 mult 0.385 | collect 1.38s update 0.16s (10% upd)
it 7075/9765 step 14505731 SPS 1389 kl 0.0052 rew 16.81 max_stage 5.28 mult 0.334 | collect 1.28s update 0.21s (14% upd)
it 7080/9765 step 14515976 SPS 1389 kl 0.0048 rew 16.81 max_stage 5.28 mult 0.290 | collect 1.24s update 0.19s (13% upd)
it 7085/9765 step 14526222 SPS 1389 kl 0.0047 rew 16.81 max_stage 5.28 mult 0.377 | collect 1.22s update 0.13s (10% upd)
it 7090/9765 step 14536471 SPS 1389 kl 0.0048 rew 16.81 max_stage 5.28 mult 0.491 | collect 1.18s update 0.20s (15% upd)
it 7095/9765 step 14546719 SPS 1389 kl 0.0054 rew 16.81 max_stage 5.28 mult 0.355 | collect 1.21s update 0.16s (12% upd)
it 7100/9765 step 14556972 SPS 1389 kl 0.0070 rew 16.81 max_stage 5.28 mult 0.370 | collect 1.24s update 0.15s (11% upd)
it 7105/9765 step 14567224 SPS 1389 kl 0.0048 rew 16.81 max_stage 5.28 mult 0.321 | collect 1.28s update 0.18s (12% upd)
it 7110/9765 step 14577474 SPS 1389 kl 0.0050 rew 16.81 max_stage 5.28 mult 0.418 | collect 1.20s update 0.13s (10% upd)
it 7115/9765 step 14587727 SPS 1389 kl 0.0052 rew 16.81 max_stage 5.28 mult 0.363 | collect 1.29s update 0.21s (14% upd)
it 7120/9765 step 14597978 SPS 1389 kl 0.0065 rew 16.81 max_stage 5.28 mult 0.473 | collect 1.25s update 0.12s (9% upd)
it 7125/9765 step 14608224 SPS 1389 kl 0.0060 rew 16.84 max_stage 5.28 mult 0.328 | collect 1.26s update 0.20s (14% upd)
it 7130/9765 step 14618480 SPS 1389 kl 0.0063 rew 16.84 max_stage 5.28 mult 0.285 | collect 1.28s update 0.18s (12% upd)
it 7135/9765 step 14628732 SPS 1389 kl 0.0043 rew 16.86 max_stage 5.29 mult 0.371 | collect 1.20s update 0.20s (14% upd)
it 7140/9765 step 14638980 SPS 1389 kl 0.0072 rew 16.86 max_stage 5.29 mult 0.322 | collect 1.27s update 0.19s (13% upd)
it 7145/9765 step 14649231 SPS 1389 kl 0.0062 rew 16.80 max_stage 5.27 mult 0.336 | collect 1.27s update 0.15s (11% upd)
it 7150/9765 step 14659477 SPS 1389 kl 0.0039 rew 16.80 max_stage 5.27 mult 0.437 | collect 1.29s update 0.20s (13% upd)
it 7155/9765 step 14669728 SPS 1389 kl 0.0051 rew 16.80 max_stage 5.27 mult 0.379 | collect 1.27s update 0.12s (9% upd)
it 7160/9765 step 14679972 SPS 1389 kl 0.0063 rew 16.80 max_stage 5.27 mult 0.329 | collect 1.19s update 0.20s (14% upd)
it 7165/9765 step 14690215 SPS 1389 kl 0.0054 rew 16.80 max_stage 5.27 mult 0.343 | collect 1.51s update 0.22s (13% upd)
it 7170/9765 step 14700463 SPS 1389 kl 0.0059 rew 16.87 max_stage 5.29 mult 0.357 | collect 1.33s update 0.20s (13% upd)
it 7175/9765 step 14710714 SPS 1389 kl 0.0060 rew 16.91 max_stage 5.29 mult 0.447 | collect 1.24s update 0.22s (15% upd)
it 7180/9765 step 14720964 SPS 1389 kl 0.0069 rew 16.91 max_stage 5.29 mult 0.465 | collect 1.21s update 0.18s (13% upd)
it 7185/9765 step 14731222 SPS 1389 kl 0.0054 rew 16.91 max_stage 5.29 mult 0.485 | collect 1.26s update 0.13s (10% upd)
it 7190/9765 step 14741475 SPS 1389 kl 0.0056 rew 16.91 max_stage 5.29 mult 0.421 | collect 1.30s update 0.22s (15% upd)
it 7195/9765 step 14751731 SPS 1389 kl 0.0065 rew 16.91 max_stage 5.29 mult 0.438 | collect 1.18s update 0.21s (15% upd)
it 7200/9765 step 14761984 SPS 1389 kl 0.0049 rew 16.91 max_stage 5.29 mult 0.548 | collect 1.20s update 0.20s (14% upd)
it 7205/9765 step 14772227 SPS 1389 kl 0.0054 rew 16.91 max_stage 5.29 mult 0.396 | collect 1.42s update 0.14s (9% upd)
it 7210/9765 step 14782474 SPS 1389 kl 0.0060 rew 16.94 max_stage 5.30 mult 0.413 | collect 1.32s update 0.21s (14% upd)
it 7215/9765 step 14792717 SPS 1389 kl 0.0044 rew 16.91 max_stage 5.29 mult 0.299 | collect 1.19s update 0.18s (13% upd)
it 7220/9765 step 14802969 SPS 1389 kl 0.0047 rew 16.91 max_stage 5.29 mult 0.259 | collect 1.23s update 0.16s (12% upd)
it 7225/9765 step 14813223 SPS 1389 kl 0.0072 rew 16.91 max_stage 5.29 mult 0.405 | collect 1.25s update 0.19s (13% upd)
it 7230/9765 step 14823477 SPS 1389 kl 0.0057 rew 16.91 max_stage 5.29 mult 0.352 | collect 1.18s update 0.18s (13% upd)
it 7235/9765 step 14833732 SPS 1389 kl 0.0061 rew 16.91 max_stage 5.29 mult 0.254 | collect 1.48s update 0.20s (12% upd)
it 7240/9765 step 14843986 SPS 1389 kl 0.0056 rew 16.95 max_stage 5.30 mult 0.331 | collect 1.19s update 0.20s (14% upd)
it 7245/9765 step 14854242 SPS 1389 kl 0.0047 rew 16.95 max_stage 5.30 mult 0.517 | collect 1.27s update 0.20s (14% upd)
it 7250/9765 step 14864495 SPS 1389 kl 0.0064 rew 16.95 max_stage 5.30 mult 0.374 | collect 1.37s update 0.21s (13% upd)
it 7255/9765 step 14874746 SPS 1389 kl 0.0036 rew 17.06 max_stage 5.30 mult 0.390 | collect 1.34s update 0.20s (13% upd)
it 7260/9765 step 14884993 SPS 1389 kl 0.0060 rew 17.12 max_stage 5.30 mult 0.338 | collect 1.17s update 0.18s (14% upd)
it 7265/9765 step 14895250 SPS 1389 kl 0.0045 rew 17.12 max_stage 5.30 mult 0.294 | collect 1.21s update 0.15s (11% upd)
it 7270/9765 step 14905497 SPS 1389 kl 0.0034 rew 17.12 max_stage 5.30 mult 0.383 | collect 1.25s update 0.20s (14% upd)
it 7275/9765 step 14915748 SPS 1389 kl 0.0059 rew 17.12 max_stage 5.30 mult 0.332 | collect 1.18s update 0.21s (15% upd)
it 7280/9765 step 14925999 SPS 1389 kl 0.0056 rew 17.12 max_stage 5.30 mult 0.346 | collect 1.38s update 0.20s (13% upd)
it 7285/9765 step 14936246 SPS 1389 kl 0.0052 rew 17.14 max_stage 5.31 mult 0.300 | collect 1.20s update 0.21s (15% upd)
it 7290/9765 step 14946502 SPS 1390 kl 0.0052 rew 17.14 max_stage 5.31 mult 0.261 | collect 1.28s update 0.20s (13% upd)
it 7295/9765 step 14956746 SPS 1390 kl 0.0046 rew 17.14 max_stage 5.31 mult 0.407 | collect 1.23s update 0.13s (10% upd)
it 7300/9765 step 14966997 SPS 1390 kl 0.0033 rew 17.14 max_stage 5.30 mult 0.354 | collect 1.28s update 0.22s (15% upd)
it 7305/9765 step 14977242 SPS 1389 kl 0.0053 rew 17.14 max_stage 5.30 mult 0.368 | collect 1.45s update 0.22s (13% upd)
it 7310/9765 step 14987494 SPS 1390 kl 0.0052 rew 17.22 max_stage 5.31 mult 0.320 | collect 1.19s update 0.22s (15% upd)
it 7315/9765 step 14997746 SPS 1390 kl 0.0043 rew 17.22 max_stage 5.31 mult 0.416 | collect 1.30s update 0.20s (13% upd)
it 7320/9765 step 15007997 SPS 1390 kl 0.0046 rew 17.22 max_stage 5.31 mult 0.361 | collect 1.25s update 0.20s (14% upd)
it 7325/9765 step 15018252 SPS 1390 kl 0.0051 rew 17.22 max_stage 5.30 mult 0.314 | collect 1.36s update 0.16s (11% upd)
it 7330/9765 step 15028504 SPS 1390 kl 0.0051 rew 17.22 max_stage 5.30 mult 0.327 | collect 1.28s update 0.21s (14% upd)
it 7335/9765 step 15038758 SPS 1390 kl 0.0051 rew 17.22 max_stage 5.30 mult 0.340 | collect 1.25s update 0.21s (14% upd)
it 7340/9765 step 15049009 SPS 1390 kl 0.0048 rew 17.22 max_stage 5.30 mult 0.443 | collect 1.20s update 0.12s (9% upd)
it 7345/9765 step 15059261 SPS 1390 kl 0.0048 rew 17.38 max_stage 5.33 mult 0.321 | collect 1.49s update 0.18s (11% upd)
it 7350/9765 step 15069517 SPS 1390 kl 0.0038 rew 17.40 max_stage 5.33 mult 0.417 | collect 1.23s update 0.22s (15% upd)
it 7355/9765 step 15079770 SPS 1390 kl 0.0037 rew 17.40 max_stage 5.33 mult 0.302 | collect 1.21s update 0.11s (9% upd)
it 7360/9765 step 15090027 SPS 1390 kl 0.0048 rew 17.40 max_stage 5.33 mult 0.472 | collect 1.40s update 0.24s (15% upd)
it 7365/9765 step 15100283 SPS 1390 kl 0.0054 rew 17.51 max_stage 5.35 mult 0.409 | collect 1.43s update 0.21s (13% upd)
it 7370/9765 step 15110527 SPS 1390 kl 0.0053 rew 17.51 max_stage 5.35 mult 0.296 | collect 1.18s update 0.18s (13% upd)
it 7375/9765 step 15120779 SPS 1390 kl 0.0067 rew 17.51 max_stage 5.35 mult 0.386 | collect 1.33s update 0.21s (13% upd)
it 7380/9765 step 15131030 SPS 1390 kl 0.0036 rew 17.47 max_stage 5.34 mult 0.482 | collect 1.28s update 0.20s (14% upd)
it 7385/9765 step 15141281 SPS 1390 kl 0.0055 rew 17.47 max_stage 5.34 mult 0.419 | collect 1.33s update 0.12s (8% upd)
it 7390/9765 step 15151527 SPS 1390 kl 0.0033 rew 17.36 max_stage 5.33 mult 0.303 | collect 1.36s update 0.20s (13% upd)
it 7395/9765 step 15161770 SPS 1390 kl 0.0032 rew 17.42 max_stage 5.33 mult 0.394 | collect 1.42s update 0.23s (14% upd)
it 7400/9765 step 15172015 SPS 1390 kl 0.0051 rew 17.42 max_stage 5.33 mult 0.342 | collect 1.31s update 0.23s (15% upd)
it 7405/9765 step 15182263 SPS 1390 kl 0.0042 rew 17.48 max_stage 5.34 mult 0.446 | collect 1.33s update 0.22s (14% upd)
it 7410/9765 step 15192513 SPS 1390 kl 0.0041 rew 17.48 max_stage 5.34 mult 0.322 | collect 1.31s update 0.17s (12% upd)
it 7415/9765 step 15202772 SPS 1390 kl 0.0043 rew 17.48 max_stage 5.34 mult 0.280 | collect 1.25s update 0.17s (12% upd)
it 7420/9765 step 15213031 SPS 1390 kl 0.0044 rew 17.48 max_stage 5.34 mult 0.437 | collect 1.37s update 0.13s (9% upd)
it 7425/9765 step 15223282 SPS 1390 kl 0.0050 rew 17.41 max_stage 5.32 mult 0.316 | collect 1.36s update 0.17s (11% upd)
it 7430/9765 step 15233532 SPS 1390 kl 0.0044 rew 17.41 max_stage 5.32 mult 0.494 | collect 1.34s update 0.23s (14% upd)
it 7435/9765 step 15243784 SPS 1390 kl 0.0058 rew 17.41 max_stage 5.32 mult 0.357 | collect 1.26s update 0.19s (13% upd)
it 7440/9765 step 15254036 SPS 1390 kl 0.0048 rew 17.41 max_stage 5.32 mult 0.465 | collect 1.22s update 0.21s (14% upd)
it 7445/9765 step 15264291 SPS 1390 kl 0.0051 rew 17.41 max_stage 5.32 mult 0.404 | collect 1.29s update 0.22s (14% upd)
it 7450/9765 step 15274537 SPS 1390 kl 0.0069 rew 17.41 max_stage 5.32 mult 0.351 | collect 1.36s update 0.23s (14% upd)
it 7455/9765 step 15284790 SPS 1390 kl 0.0043 rew 17.41 max_stage 5.32 mult 0.365 | collect 1.21s update 0.13s (10% upd)
it 7460/9765 step 15295041 SPS 1390 kl 0.0056 rew 17.41 max_stage 5.32 mult 0.381 | collect 1.33s update 0.20s (13% upd)
it 7465/9765 step 15305290 SPS 1390 kl 0.0050 rew 17.41 max_stage 5.32 mult 0.330 | collect 1.29s update 0.19s (13% upd)
it 7470/9765 step 15315538 SPS 1389 kl 0.0039 rew 17.41 max_stage 5.32 mult 0.430 | collect 1.28s update 0.22s (15% upd)
it 7475/9765 step 15325788 SPS 1389 kl 0.0066 rew 17.41 max_stage 5.33 mult 0.448 | collect 1.20s update 0.09s (7% upd)
it 7480/9765 step 15336037 SPS 1390 kl 0.0038 rew 17.41 max_stage 5.33 mult 0.389 | collect 1.20s update 0.21s (15% upd)
it 7485/9765 step 15346286 SPS 1390 kl 0.0055 rew 17.50 max_stage 5.36 mult 0.338 | collect 1.28s update 0.19s (13% upd)
it 7490/9765 step 15356534 SPS 1390 kl 0.0044 rew 17.50 max_stage 5.36 mult 0.352 | collect 1.29s update 0.14s (10% upd)
it 7495/9765 step 15366781 SPS 1389 kl 0.0045 rew 17.50 max_stage 5.36 mult 0.305 | collect 1.27s update 0.20s (14% upd)
it 7500/9765 step 15377028 SPS 1389 kl 0.0043 rew 17.50 max_stage 5.36 mult 0.265 | collect 1.30s update 0.19s (13% upd)
it 7505/9765 step 15387273 SPS 1389 kl 0.0064 rew 17.50 max_stage 5.36 mult 0.414 | collect 1.35s update 0.23s (14% upd)
it 7510/9765 step 15397520 SPS 1389 kl 0.0059 rew 17.57 max_stage 5.36 mult 0.359 | collect 1.27s update 0.19s (13% upd)
it 7515/9765 step 15407771 SPS 1389 kl 0.0050 rew 17.57 max_stage 5.36 mult 0.374 | collect 1.27s update 0.11s (8% upd)
it 7520/9765 step 15418020 SPS 1389 kl 0.0054 rew 17.57 max_stage 5.36 mult 0.390 | collect 1.21s update 0.22s (15% upd)
it 7525/9765 step 15428270 SPS 1389 kl 0.0059 rew 17.57 max_stage 5.36 mult 0.339 | collect 1.31s update 0.21s (14% upd)
it 7530/9765 step 15438515 SPS 1389 kl 0.0058 rew 17.51 max_stage 5.36 mult 0.353 | collect 1.40s update 0.20s (13% upd)
it 7535/9765 step 15448778 SPS 1389 kl 0.0042 rew 17.53 max_stage 5.37 mult 0.459 | collect 1.28s update 0.22s (15% upd)
it 7540/9765 step 15459030 SPS 1389 kl 0.0030 rew 17.53 max_stage 5.37 mult 0.332 | collect 1.26s update 0.12s (9% upd)
it 7545/9765 step 15469285 SPS 1389 kl 0.0048 rew 17.53 max_stage 5.37 mult 0.288 | collect 1.25s update 0.21s (14% upd)
it 7550/9765 step 15479544 SPS 1389 kl 0.0045 rew 17.51 max_stage 5.37 mult 0.450 | collect 1.37s update 0.21s (13% upd)
it 7555/9765 step 15489798 SPS 1389 kl 0.0041 rew 17.51 max_stage 5.37 mult 0.391 | collect 1.36s update 0.13s (9% upd)
it 7560/9765 step 15500055 SPS 1389 kl 0.0057 rew 17.51 max_stage 5.37 mult 0.339 | collect 1.45s update 0.20s (12% upd)
it 7565/9765 step 15510313 SPS 1389 kl 0.0044 rew 17.65 max_stage 5.38 mult 0.442 | collect 1.29s update 0.22s (15% upd)
it 7570/9765 step 15520567 SPS 1389 kl 0.0058 rew 17.65 max_stage 5.38 mult 0.320 | collect 1.36s update 0.17s (11% upd)
it 7575/9765 step 15530813 SPS 1389 kl 0.0030 rew 17.55 max_stage 5.39 mult 0.278 | collect 1.29s update 0.09s (7% upd)
it 7580/9765 step 15541067 SPS 1389 kl 0.0048 rew 17.55 max_stage 5.39 mult 0.520 | collect 1.28s update 0.21s (14% upd)
it 7585/9765 step 15551316 SPS 1389 kl 0.0037 rew 17.55 max_stage 5.39 mult 0.376 | collect 1.28s update 0.08s (6% upd)
it 7590/9765 step 15561565 SPS 1389 kl 0.0043 rew 17.55 max_stage 5.39 mult 0.392 | collect 1.41s update 0.14s (9% upd)
it 7595/9765 step 15571818 SPS 1389 kl 0.0052 rew 17.55 max_stage 5.39 mult 0.340 | collect 1.18s update 0.21s (15% upd)
it 7600/9765 step 15582070 SPS 1389 kl 0.0063 rew 17.55 max_stage 5.39 mult 0.443 | collect 1.26s update 0.15s (11% upd)
it 7605/9765 step 15592317 SPS 1389 kl 0.0053 rew 17.67 max_stage 5.43 mult 0.385 | collect 1.37s update 0.17s (11% upd)
it 7610/9765 step 15602570 SPS 1389 kl 0.0056 rew 17.67 max_stage 5.43 mult 0.334 | collect 1.42s update 0.22s (13% upd)
it 7615/9765 step 15612818 SPS 1389 kl 0.0055 rew 17.67 max_stage 5.43 mult 0.348 | collect 1.41s update 0.18s (11% upd)
it 7620/9765 step 15623070 SPS 1389 kl 0.0052 rew 17.69 max_stage 5.43 mult 0.290 | collect 1.27s update 0.22s (15% upd)
it 7625/9765 step 15633319 SPS 1389 kl 0.0042 rew 17.69 max_stage 5.43 mult 0.377 | collect 1.27s update 0.11s (8% upd)
it 7630/9765 step 15643569 SPS 1389 kl 0.0056 rew 17.69 max_stage 5.43 mult 0.393 | collect 1.36s update 0.22s (14% upd)
it 7635/9765 step 15653816 SPS 1389 kl 0.0048 rew 17.72 max_stage 5.44 mult 0.284 | collect 1.46s update 0.19s (12% upd)
it 7640/9765 step 15664064 SPS 1389 kl 0.0062 rew 17.72 max_stage 5.44 mult 0.370 | collect 1.45s update 0.17s (10% upd)
it 7645/9765 step 15674310 SPS 1389 kl 0.0036 rew 17.72 max_stage 5.44 mult 0.322 | collect 1.20s update 0.14s (11% upd)
it 7650/9765 step 15684562 SPS 1389 kl 0.0041 rew 17.72 max_stage 5.44 mult 0.419 | collect 1.21s update 0.21s (15% upd)
it 7655/9765 step 15694810 SPS 1389 kl 0.0050 rew 17.77 max_stage 5.45 mult 0.436 | collect 1.17s update 0.21s (15% upd)
it 7660/9765 step 15705069 SPS 1389 kl 0.0063 rew 17.83 max_stage 5.47 mult 0.315 | collect 1.22s update 0.19s (14% upd)
it 7665/9765 step 15715313 SPS 1389 kl 0.0059 rew 17.83 max_stage 5.47 mult 0.411 | collect 1.27s update 0.21s (14% upd)
it 7670/9765 step 15725568 SPS 1389 kl 0.0041 rew 17.83 max_stage 5.47 mult 0.428 | collect 1.24s update 0.22s (15% upd)
it 7675/9765 step 15735819 SPS 1389 kl 0.0049 rew 17.83 max_stage 5.47 mult 0.557 | collect 1.37s update 0.24s (15% upd)
it 7680/9765 step 15746071 SPS 1389 kl 0.0037 rew 17.83 max_stage 5.47 mult 0.484 | collect 1.50s update 0.21s (12% upd)
it 7685/9765 step 15756327 SPS 1389 kl 0.0049 rew 17.87 max_stage 5.47 mult 0.630 | collect 1.21s update 0.22s (16% upd)
it 7690/9765 step 15766582 SPS 1389 kl 0.0063 rew 17.87 max_stage 5.47 mult 0.455 | collect 1.21s update 0.17s (13% upd)
it 7695/9765 step 15776837 SPS 1389 kl 0.0055 rew 17.87 max_stage 5.47 mult 0.474 | collect 1.22s update 0.22s (15% upd)
it 7700/9765 step 15787092 SPS 1389 kl 0.0048 rew 17.87 max_stage 5.47 mult 0.343 | collect 1.31s update 0.15s (10% upd)
it 7705/9765 step 15797343 SPS 1389 kl 0.0045 rew 17.87 max_stage 5.47 mult 0.536 | collect 1.21s update 0.22s (15% upd)
it 7710/9765 step 15807594 SPS 1389 kl 0.0058 rew 17.87 max_stage 5.47 mult 0.388 | collect 1.40s update 0.22s (14% upd)
it 7715/9765 step 15817850 SPS 1389 kl 0.0048 rew 17.87 max_stage 5.47 mult 0.337 | collect 1.30s update 0.19s (13% upd)
it 7720/9765 step 15828094 SPS 1389 kl 0.0045 rew 18.02 max_stage 5.49 mult 0.526 | collect 1.23s update 0.24s (16% upd)
it 7725/9765 step 15838350 SPS 1389 kl 0.0052 rew 18.02 max_stage 5.49 mult 0.381 | collect 1.28s update 0.17s (12% upd)
it 7730/9765 step 15848600 SPS 1389 kl 0.0045 rew 17.94 max_stage 5.46 mult 0.330 | collect 1.29s update 0.15s (10% upd)
it 7735/9765 step 15858847 SPS 1389 kl 0.0052 rew 17.94 max_stage 5.46 mult 0.413 | collect 1.25s update 0.20s (14% upd)
it 7740/9765 step 15869098 SPS 1389 kl 0.0036 rew 17.94 max_stage 5.46 mult 0.430 | collect 1.20s update 0.20s (14% upd)
it 7745/9765 step 15879344 SPS 1389 kl 0.0050 rew 17.94 max_stage 5.46 mult 0.373 | collect 1.31s update 0.17s (11% upd)
it 7750/9765 step 15889592 SPS 1389 kl 0.0054 rew 17.86 max_stage 5.46 mult 0.389 | collect 1.29s update 0.21s (14% upd)
it 7755/9765 step 15899838 SPS 1389 kl 0.0045 rew 17.86 max_stage 5.46 mult 0.608 | collect 1.29s update 0.20s (13% upd)
it 7760/9765 step 15910087 SPS 1389 kl 0.0042 rew 17.75 max_stage 5.42 mult 0.352 | collect 1.24s update 0.15s (11% upd)
it 7765/9765 step 15920335 SPS 1389 kl 0.0030 rew 17.75 max_stage 5.42 mult 0.254 | collect 1.31s update 0.14s (9% upd)
it 7770/9765 step 15930584 SPS 1389 kl 0.0056 rew 17.75 max_stage 5.42 mult 0.398 | collect 1.30s update 0.20s (13% upd)
it 7775/9765 step 15940836 SPS 1389 kl 0.0046 rew 17.75 max_stage 5.42 mult 0.288 | collect 1.21s update 0.16s (12% upd)
it 7780/9765 step 15951084 SPS 1389 kl 0.0047 rew 17.75 max_stage 5.42 mult 0.359 | collect 1.22s update 0.16s (11% upd)
it 7785/9765 step 15961335 SPS 1389 kl 0.0050 rew 17.75 max_stage 5.42 mult 0.374 | collect 1.34s update 0.20s (13% upd)
it 7790/9765 step 15971590 SPS 1389 kl 0.0056 rew 17.75 max_stage 5.42 mult 0.488 | collect 1.47s update 0.14s (8% upd)
it 7795/9765 step 15981840 SPS 1389 kl 0.0051 rew 17.75 max_stage 5.42 mult 0.423 | collect 1.27s update 0.22s (15% upd)
it 7800/9765 step 15992089 SPS 1389 kl 0.0042 rew 17.75 max_stage 5.42 mult 0.551 | collect 1.30s update 0.20s (13% upd)
it 7805/9765 step 16002340 SPS 1389 kl 0.0040 rew 17.75 max_stage 5.42 mult 0.478 | collect 1.27s update 0.22s (15% upd)
it 7810/9765 step 16012591 SPS 1389 kl 0.0033 rew 17.75 max_stage 5.42 mult 0.346 | collect 1.23s update 0.12s (9% upd)
it 7815/9765 step 16022848 SPS 1389 kl 0.0042 rew 17.75 max_stage 5.42 mult 0.451 | collect 1.20s update 0.10s (8% upd)
it 7820/9765 step 16033102 SPS 1389 kl 0.0052 rew 17.75 max_stage 5.42 mult 0.391 | collect 1.27s update 0.11s (8% upd)
it 7825/9765 step 16043355 SPS 1389 kl 0.0052 rew 17.75 max_stage 5.42 mult 0.407 | collect 1.24s update 0.21s (15% upd)
it 7830/9765 step 16053605 SPS 1389 kl 0.0054 rew 17.79 max_stage 5.43 mult 0.531 | collect 1.26s update 0.15s (10% upd)
it 7835/9765 step 16063851 SPS 1389 kl 0.0044 rew 17.79 max_stage 5.43 mult 0.461 | collect 1.22s update 0.13s (10% upd)
it 7840/9765 step 16074103 SPS 1389 kl 0.0045 rew 17.79 max_stage 5.43 mult 0.333 | collect 1.25s update 0.15s (11% upd)
it 7845/9765 step 16084358 SPS 1389 kl 0.0065 rew 17.79 max_stage 5.43 mult 0.434 | collect 1.20s update 0.20s (14% upd)
it 7850/9765 step 16094614 SPS 1389 kl 0.0034 rew 17.80 max_stage 5.43 mult 0.565 | collect 1.38s update 0.20s (13% upd)
it 7855/9765 step 16104859 SPS 1389 kl 0.0064 rew 17.80 max_stage 5.43 mult 0.490 | collect 1.22s update 0.18s (13% upd)
it 7860/9765 step 16115113 SPS 1389 kl 0.0050 rew 17.80 max_stage 5.43 mult 0.638 | collect 1.24s update 0.20s (14% upd)
it 7865/9765 step 16125366 SPS 1389 kl 0.0066 rew 17.77 max_stage 5.43 mult 0.462 | collect 1.35s update 0.19s (12% upd)
it 7870/9765 step 16135616 SPS 1389 kl 0.0044 rew 17.77 max_stage 5.43 mult 0.601 | collect 1.30s update 0.20s (13% upd)
it 7875/9765 step 16145869 SPS 1389 kl 0.0042 rew 17.77 max_stage 5.43 mult 0.522 | collect 1.28s update 0.21s (14% upd)
it 7880/9765 step 16156119 SPS 1389 kl 0.0056 rew 17.84 max_stage 5.46 mult 0.378 | collect 1.40s update 0.21s (13% upd)
it 7885/9765 step 16166372 SPS 1389 kl 0.0041 rew 17.81 max_stage 5.45 mult 0.492 | collect 1.32s update 0.20s (13% upd)
it 7890/9765 step 16176627 SPS 1389 kl 0.0057 rew 17.84 max_stage 5.47 mult 0.356 | collect 1.28s update 0.22s (15% upd)
it 7895/9765 step 16186881 SPS 1389 kl 0.0068 rew 17.84 max_stage 5.47 mult 0.463 | collect 1.30s update 0.19s (13% upd)
it 7900/9765 step 16197134 SPS 1389 kl 0.0030 rew 17.84 max_stage 5.47 mult 0.482 | collect 1.25s update 0.20s (14% upd)
it 7905/9765 step 16207389 SPS 1389 kl 0.0037 rew 17.84 max_stage 5.47 mult 0.349 | collect 1.26s update 0.14s (10% upd)
it 7910/9765 step 16217643 SPS 1389 kl 0.0063 rew 17.84 max_stage 5.47 mult 0.454 | collect 1.35s update 0.21s (13% upd)
it 7915/9765 step 16227894 SPS 1389 kl 0.0060 rew 17.84 max_stage 5.47 mult 0.473 | collect 1.31s update 0.18s (12% upd)
it 7920/9765 step 16238146 SPS 1389 kl 0.0058 rew 17.84 max_stage 5.47 mult 0.493 | collect 1.20s update 0.20s (14% upd)
it 7925/9765 step 16248397 SPS 1389 kl 0.0055 rew 17.84 max_stage 5.47 mult 0.514 | collect 1.33s update 0.20s (13% upd)
it 7930/9765 step 16258654 SPS 1389 kl 0.0050 rew 17.91 max_stage 5.49 mult 0.535 | collect 1.33s update 0.12s (9% upd)
it 7935/9765 step 16268907 SPS 1389 kl 0.0062 rew 17.96 max_stage 5.51 mult 0.557 | collect 1.31s update 0.20s (13% upd)
it 7940/9765 step 16279157 SPS 1389 kl 0.0042 rew 17.96 max_stage 5.51 mult 0.403 | collect 1.37s update 0.14s (9% upd)
it 7945/9765 step 16289407 SPS 1389 kl 0.0047 rew 18.01 max_stage 5.53 mult 0.350 | collect 1.23s update 0.18s (13% upd)
it 7950/9765 step 16299658 SPS 1389 kl 0.0033 rew 18.01 max_stage 5.53 mult 0.456 | collect 1.45s update 0.21s (13% upd)
it 7955/9765 step 16309906 SPS 1389 kl 0.0038 rew 18.01 max_stage 5.53 mult 0.395 | collect 1.32s update 0.13s (9% upd)
it 7960/9765 step 16320154 SPS 1389 kl 0.0033 rew 18.01 max_stage 5.53 mult 0.515 | collect 1.27s update 0.20s (14% upd)
it 7965/9765 step 16330403 SPS 1389 kl 0.0053 rew 18.01 max_stage 5.53 mult 0.447 | collect 1.31s update 0.20s (13% upd)
it 7970/9765 step 16340657 SPS 1389 kl 0.0042 rew 18.01 max_stage 5.53 mult 0.582 | collect 1.41s update 0.20s (12% upd)
it 7975/9765 step 16350902 SPS 1389 kl 0.0041 rew 17.93 max_stage 5.50 mult 0.606 | collect 1.29s update 0.20s (14% upd)
it 7980/9765 step 16361154 SPS 1389 kl 0.0066 rew 17.93 max_stage 5.50 mult 0.526 | collect 1.28s update 0.18s (12% upd)
it 7985/9765 step 16371408 SPS 1389 kl 0.0058 rew 17.97 max_stage 5.50 mult 0.548 | collect 1.20s update 0.13s (10% upd)
it 7990/9765 step 16381656 SPS 1389 kl 0.0052 rew 17.97 max_stage 5.50 mult 0.397 | collect 1.38s update 0.18s (12% upd)
it 7995/9765 step 16391903 SPS 1389 kl 0.0061 rew 17.97 max_stage 5.50 mult 0.516 | collect 1.21s update 0.17s (12% upd)
it 8000/9765 step 16402155 SPS 1389 kl 0.0040 rew 17.98 max_stage 5.51 mult 0.672 | collect 1.40s update 0.21s (13% upd)
it 8005/9765 step 16412406 SPS 1389 kl 0.0039 rew 17.97 max_stage 5.51 mult 0.584 | collect 1.16s update 0.10s (8% upd)
it 8010/9765 step 16422661 SPS 1389 kl 0.0065 rew 17.97 max_stage 5.51 mult 0.608 | collect 1.19s update 0.21s (15% upd)
it 8015/9765 step 16432915 SPS 1390 kl 0.0063 rew 17.97 max_stage 5.51 mult 0.440 | collect 1.31s update 0.23s (15% upd)
it 8020/9765 step 16443168 SPS 1389 kl 0.0044 rew 18.03 max_stage 5.51 mult 0.573 | collect 1.31s update 0.20s (13% upd)
it 8025/9765 step 16453415 SPS 1389 kl 0.0057 rew 18.07 max_stage 5.52 mult 0.497 | collect 1.23s update 0.21s (15% upd)
it 8030/9765 step 16463666 SPS 1389 kl 0.0061 rew 18.13 max_stage 5.54 mult 0.518 | collect 1.48s update 0.20s (12% upd)
it 8035/9765 step 16473918 SPS 1389 kl 0.0051 rew 18.13 max_stage 5.54 mult 0.449 | collect 1.34s update 0.21s (14% upd)
it 8040/9765 step 16484166 SPS 1389 kl 0.0051 rew 18.19 max_stage 5.54 mult 0.390 | collect 1.31s update 0.20s (13% upd)
it 8045/9765 step 16494413 SPS 1389 kl 0.0043 rew 18.19 max_stage 5.53 mult 0.508 | collect 1.24s update 0.12s (9% upd)
it 8050/9765 step 16504669 SPS 1389 kl 0.0053 rew 18.19 max_stage 5.53 mult 0.368 | collect 1.32s update 0.21s (14% upd)
it 8055/9765 step 16514918 SPS 1389 kl 0.0034 rew 18.19 max_stage 5.53 mult 0.319 | collect 1.34s update 0.14s (9% upd)
it 8060/9765 step 16525172 SPS 1389 kl 0.0037 rew 18.18 max_stage 5.53 mult 0.498 | collect 1.22s update 0.21s (15% upd)
it 8065/9765 step 16535422 SPS 1389 kl 0.0049 rew 18.18 max_stage 5.53 mult 0.779 | collect 1.19s update 0.21s (15% upd)
it 8070/9765 step 16545666 SPS 1390 kl 0.0048 rew 18.18 max_stage 5.53 mult 0.563 | collect 1.31s update 0.12s (9% upd)
it 8075/9765 step 16555914 SPS 1390 kl 0.0041 rew 18.19 max_stage 5.53 mult 0.408 | collect 1.23s update 0.15s (11% upd)
it 8080/9765 step 16566167 SPS 1390 kl 0.0036 rew 18.29 max_stage 5.55 mult 0.531 | collect 1.21s update 0.20s (14% upd)
it 8085/9765 step 16576417 SPS 1390 kl 0.0058 rew 18.29 max_stage 5.55 mult 0.553 | collect 1.27s update 0.21s (14% upd)
it 8090/9765 step 16586664 SPS 1390 kl 0.0064 rew 18.29 max_stage 5.55 mult 0.480 | collect 1.23s update 0.20s (14% upd)
it 8095/9765 step 16596915 SPS 1390 kl 0.0055 rew 18.32 max_stage 5.54 mult 0.500 | collect 1.34s update 0.17s (11% upd)
it 8100/9765 step 16607164 SPS 1390 kl 0.0048 rew 18.32 max_stage 5.54 mult 0.521 | collect 1.28s update 0.16s (11% upd)
it 8105/9765 step 16617417 SPS 1390 kl 0.0051 rew 18.19 max_stage 5.52 mult 0.452 | collect 1.22s update 0.20s (14% upd)
it 8110/9765 step 16627668 SPS 1390 kl 0.0062 rew 18.19 max_stage 5.52 mult 0.471 | collect 1.32s update 0.18s (12% upd)
it 8115/9765 step 16637916 SPS 1390 kl 0.0063 rew 18.19 max_stage 5.52 mult 0.490 | collect 1.21s update 0.21s (14% upd)
it 8120/9765 step 16648168 SPS 1390 kl 0.0043 rew 18.19 max_stage 5.52 mult 0.639 | collect 1.30s update 0.20s (13% upd)
it 8125/9765 step 16658423 SPS 1390 kl 0.0060 rew 18.19 max_stage 5.52 mult 0.554 | collect 1.29s update 0.20s (13% upd)
it 8130/9765 step 16668674 SPS 1390 kl 0.0045 rew 18.19 max_stage 5.52 mult 0.401 | collect 1.25s update 0.20s (14% upd)
it 8135/9765 step 16678929 SPS 1390 kl 0.0032 rew 18.19 max_stage 5.52 mult 0.522 | collect 1.23s update 0.11s (8% upd)
it 8140/9765 step 16689179 SPS 1390 kl 0.0051 rew 18.12 max_stage 5.51 mult 0.544 | collect 1.33s update 0.15s (10% upd)
it 8145/9765 step 16699430 SPS 1390 kl 0.0060 rew 18.12 max_stage 5.51 mult 0.472 | collect 1.35s update 0.21s (13% upd)
it 8150/9765 step 16709680 SPS 1390 kl 0.0045 rew 18.12 max_stage 5.51 mult 0.615 | collect 1.22s update 0.20s (14% upd)
it 8155/9765 step 16719937 SPS 1390 kl 0.0051 rew 18.12 max_stage 5.51 mult 0.534 | collect 1.22s update 0.21s (14% upd)
it 8160/9765 step 16730188 SPS 1390 kl 0.0056 rew 18.12 max_stage 5.51 mult 0.556 | collect 1.49s update 0.20s (12% upd)
it 8165/9765 step 16740438 SPS 1390 kl 0.0051 rew 18.07 max_stage 5.52 mult 0.482 | collect 1.26s update 0.17s (12% upd)
it 8170/9765 step 16750685 SPS 1390 kl 0.0051 rew 18.07 max_stage 5.52 mult 0.419 | collect 1.34s update 0.20s (13% upd)
it 8175/9765 step 16760933 SPS 1390 kl 0.0044 rew 18.07 max_stage 5.52 mult 0.654 | collect 1.34s update 0.21s (13% upd)
it 8180/9765 step 16771182 SPS 1390 kl 0.0063 rew 18.03 max_stage 5.53 mult 0.682 | collect 1.30s update 0.21s (14% upd)
it 8185/9765 step 16781426 SPS 1390 kl 0.0050 rew 18.12 max_stage 5.55 mult 0.493 | collect 1.29s update 0.15s (10% upd)
it 8190/9765 step 16791672 SPS 1390 kl 0.0039 rew 18.12 max_stage 5.55 mult 0.642 | collect 1.30s update 0.21s (14% upd)
it 8195/9765 step 16801931 SPS 1390 kl 0.0048 rew 18.16 max_stage 5.55 mult 0.464 | collect 1.33s update 0.19s (13% upd)
it 8200/9765 step 16812185 SPS 1390 kl 0.0058 rew 18.08 max_stage 5.51 mult 0.484 | collect 1.26s update 0.19s (13% upd)
it 8205/9765 step 16822444 SPS 1390 kl 0.0059 rew 18.08 max_stage 5.51 mult 0.504 | collect 1.24s update 0.20s (14% upd)
it 8210/9765 step 16832690 SPS 1390 kl 0.0055 rew 18.08 max_stage 5.51 mult 0.437 | collect 1.31s update 0.17s (12% upd)
it 8215/9765 step 16842939 SPS 1390 kl 0.0058 rew 18.08 max_stage 5.51 mult 0.570 | collect 1.34s update 0.15s (10% upd)
it 8220/9765 step 16853196 SPS 1390 kl 0.0050 rew 18.14 max_stage 5.53 mult 0.494 | collect 1.27s update 0.21s (14% upd)
it 8225/9765 step 16863444 SPS 1390 kl 0.0043 rew 18.14 max_stage 5.53 mult 0.644 | collect 1.29s update 0.20s (13% upd)
it 8230/9765 step 16873694 SPS 1390 kl 0.0056 rew 18.14 max_stage 5.53 mult 0.466 | collect 1.32s update 0.19s (13% upd)
it 8235/9765 step 16883941 SPS 1390 kl 0.0055 rew 18.14 max_stage 5.53 mult 0.606 | collect 1.19s update 0.14s (10% upd)
it 8240/9765 step 16894191 SPS 1390 kl 0.0050 rew 18.14 max_stage 5.53 mult 0.439 | collect 1.21s update 0.21s (15% upd)
it 8245/9765 step 16904437 SPS 1390 kl 0.0040 rew 18.14 max_stage 5.53 mult 0.685 | collect 1.19s update 0.21s (15% upd)
it 8250/9765 step 16914692 SPS 1390 kl 0.0047 rew 18.14 max_stage 5.53 mult 0.595 | collect 1.18s update 0.14s (11% upd)
it 8255/9765 step 16924937 SPS 1390 kl 0.0055 rew 18.18 max_stage 5.54 mult 0.620 | collect 1.23s update 0.21s (15% upd)
it 8260/9765 step 16935191 SPS 1390 kl 0.0052 rew 18.18 max_stage 5.54 mult 0.538 | collect 1.23s update 0.21s (14% upd)
it 8265/9765 step 16945440 SPS 1390 kl 0.0046 rew 18.18 max_stage 5.54 mult 0.701 | collect 1.33s update 0.21s (14% upd)
it 8270/9765 step 16955693 SPS 1390 kl 0.0055 rew 18.23 max_stage 5.54 mult 0.507 | collect 1.25s update 0.19s (13% upd)
it 8275/9765 step 16965945 SPS 1390 kl 0.0040 rew 18.29 max_stage 5.55 mult 0.792 | collect 1.41s update 0.20s (12% upd)
it 8280/9765 step 16976193 SPS 1390 kl 0.0049 rew 18.32 max_stage 5.55 mult 0.687 | collect 1.31s update 0.20s (13% upd)
it 8285/9765 step 16986447 SPS 1390 kl 0.0051 rew 18.32 max_stage 5.55 mult 0.497 | collect 1.27s update 0.17s (11% upd)
it 8290/9765 step 16996700 SPS 1390 kl 0.0066 rew 18.32 max_stage 5.55 mult 0.647 | collect 1.23s update 0.18s (12% upd)
it 8295/9765 step 17006957 SPS 1390 kl 0.0052 rew 18.32 max_stage 5.55 mult 0.468 | collect 1.33s update 0.20s (13% upd)
it 8300/9765 step 17017211 SPS 1390 kl 0.0045 rew 18.32 max_stage 5.55 mult 0.732 | collect 1.25s update 0.21s (14% upd)
it 8305/9765 step 17027460 SPS 1390 kl 0.0051 rew 18.32 max_stage 5.55 mult 0.529 | collect 1.18s update 0.16s (12% upd)
it 8310/9765 step 17037712 SPS 1390 kl 0.0053 rew 18.35 max_stage 5.56 mult 0.551 | collect 1.34s update 0.13s (9% upd)
it 8315/9765 step 17047967 SPS 1390 kl 0.0048 rew 18.41 max_stage 5.58 mult 0.718 | collect 1.23s update 0.13s (9% upd)
it 8320/9765 step 17058217 SPS 1390 kl 0.0052 rew 18.41 max_stage 5.58 mult 0.519 | collect 1.19s update 0.16s (12% upd)
it 8325/9765 step 17068468 SPS 1390 kl 0.0043 rew 18.41 max_stage 5.58 mult 0.541 | collect 1.21s update 0.14s (10% upd)
it 8330/9765 step 17078720 SPS 1390 kl 0.0042 rew 18.41 max_stage 5.58 mult 0.704 | collect 1.23s update 0.20s (14% upd)
it 8335/9765 step 17088966 SPS 1390 kl 0.0045 rew 18.41 max_stage 5.58 mult 0.510 | collect 1.19s update 0.15s (11% upd)
it 8340/9765 step 17099215 SPS 1390 kl 0.0049 rew 18.41 max_stage 5.58 mult 0.955 | collect 1.37s update 0.20s (13% upd)
it 8345/9765 step 17109464 SPS 1390 kl 0.0063 rew 18.43 max_stage 5.57 mult 0.691 | collect 1.27s update 0.15s (11% upd)
it 8350/9765 step 17119709 SPS 1390 kl 0.0067 rew 18.46 max_stage 5.57 mult 0.500 | collect 1.23s update 0.20s (14% upd)
it 8355/9765 step 17129955 SPS 1390 kl 0.0052 rew 18.46 max_stage 5.57 mult 0.625 | collect 1.30s update 0.20s (13% upd)
it 8360/9765 step 17140207 SPS 1390 kl 0.0039 rew 18.54 max_stage 5.58 mult 0.542 | collect 1.42s update 0.09s (6% upd)
it 8365/9765 step 17150459 SPS 1390 kl 0.0044 rew 18.60 max_stage 5.58 mult 0.392 | collect 1.18s update 0.16s (12% upd)
it 8370/9765 step 17160709 SPS 1390 kl 0.0051 rew 18.60 max_stage 5.58 mult 0.613 | collect 1.25s update 0.20s (14% upd)
it 8375/9765 step 17170965 SPS 1390 kl 0.0047 rew 18.60 max_stage 5.58 mult 0.532 | collect 1.32s update 0.15s (10% upd)
it 8380/9765 step 17181217 SPS 1390 kl 0.0063 rew 18.60 max_stage 5.58 mult 0.693 | collect 1.25s update 0.16s (11% upd)
it 8385/9765 step 17191463 SPS 1390 kl 0.0023 rew 18.60 max_stage 5.58 mult 0.501 | collect 1.25s update 0.22s (15% upd)
it 8390/9765 step 17201714 SPS 1390 kl 0.0038 rew 18.58 max_stage 5.58 mult 0.653 | collect 1.24s update 0.13s (9% upd)
it 8395/9765 step 17211960 SPS 1390 kl 0.0057 rew 18.58 max_stage 5.58 mult 0.680 | collect 1.23s update 0.22s (15% upd)
it 8400/9765 step 17222203 SPS 1390 kl 0.0046 rew 18.58 max_stage 5.58 mult 0.590 | collect 1.24s update 0.16s (11% upd)
it 8405/9765 step 17232456 SPS 1390 kl 0.0049 rew 18.58 max_stage 5.58 mult 0.512 | collect 1.29s update 0.21s (14% upd)
it 8410/9765 step 17242702 SPS 1390 kl 0.0047 rew 18.58 max_stage 5.58 mult 0.801 | collect 1.26s update 0.20s (14% upd)
it 8415/9765 step 17252951 SPS 1390 kl 0.0052 rew 18.58 max_stage 5.58 mult 0.695 | collect 1.30s update 0.22s (14% upd)
it 8420/9765 step 17263203 SPS 1390 kl 0.0045 rew 18.58 max_stage 5.58 mult 0.905 | collect 1.31s update 0.21s (14% upd)
it 8425/9765 step 17273452 SPS 1390 kl 0.0033 rew 18.58 max_stage 5.58 mult 0.655 | collect 1.29s update 0.21s (14% upd)
it 8430/9765 step 17283706 SPS 1390 kl 0.0044 rew 18.58 max_stage 5.58 mult 0.852 | collect 1.20s update 0.22s (16% upd)
it 8435/9765 step 17293955 SPS 1390 kl 0.0045 rew 18.63 max_stage 5.57 mult 0.617 | collect 1.32s update 0.14s (10% upd)
it 8440/9765 step 17304203 SPS 1390 kl 0.0048 rew 18.63 max_stage 5.57 mult 0.446 | collect 1.20s update 0.19s (13% upd)
it 8445/9765 step 17314454 SPS 1390 kl 0.0058 rew 18.63 max_stage 5.57 mult 0.581 | collect 1.26s update 0.15s (11% upd)
it 8450/9765 step 17324704 SPS 1390 kl 0.0039 rew 18.61 max_stage 5.57 mult 0.756 | collect 1.24s update 0.20s (14% upd)
it 8455/9765 step 17334951 SPS 1390 kl 0.0031 rew 18.59 max_stage 5.57 mult 0.656 | collect 1.33s update 0.20s (13% upd)
it 8460/9765 step 17345199 SPS 1390 kl 0.0046 rew 18.54 max_stage 5.55 mult 0.833 | collect 1.25s update 0.13s (10% upd)
it 8465/9765 step 17355449 SPS 1390 kl 0.0062 rew 18.54 max_stage 5.55 mult 0.603 | collect 1.30s update 0.19s (13% upd)
it 8470/9765 step 17365701 SPS 1390 kl 0.0047 rew 18.43 max_stage 5.54 mult 0.942 | collect 1.35s update 0.20s (13% upd)
it 8475/9765 step 17375951 SPS 1390 kl 0.0041 rew 18.43 max_stage 5.54 mult 0.818 | collect 1.25s update 0.20s (14% upd)
it 8480/9765 step 17386199 SPS 1390 kl 0.0048 rew 18.43 max_stage 5.54 mult 0.710 | collect 1.36s update 0.15s (10% upd)
it 8485/9765 step 17396447 SPS 1390 kl 0.0024 rew 18.43 max_stage 5.54 mult 0.616 | collect 1.36s update 0.08s (5% upd)
it 8490/9765 step 17406696 SPS 1390 kl 0.0057 rew 18.47 max_stage 5.54 mult 0.642 | collect 1.23s update 0.19s (14% upd)
it 8495/9765 step 17416943 SPS 1391 kl 0.0063 rew 18.47 max_stage 5.54 mult 0.833 | collect 1.31s update 0.14s (10% upd)
it 8500/9765 step 17427196 SPS 1391 kl 0.0050 rew 18.47 max_stage 5.54 mult 0.694 | collect 1.37s update 0.21s (13% upd)
it 8505/9765 step 17437447 SPS 1391 kl 0.0051 rew 18.53 max_stage 5.58 mult 0.694 | collect 1.24s update 0.17s (12% upd)
it 8510/9765 step 17447694 SPS 1390 kl 0.0034 rew 18.63 max_stage 5.60 mult 0.723 | collect 1.33s update 0.21s (14% upd)
it 8515/9765 step 17457945 SPS 1391 kl 0.0055 rew 18.63 max_stage 5.60 mult 0.628 | collect 1.22s update 0.18s (13% upd)
it 8520/9765 step 17468196 SPS 1391 kl 0.0065 rew 18.63 max_stage 5.60 mult 0.654 | collect 1.28s update 0.22s (15% upd)
it 8525/9765 step 17478447 SPS 1391 kl 0.0056 rew 18.63 max_stage 5.60 mult 0.681 | collect 1.17s update 0.21s (15% upd)
it 8530/9765 step 17488701 SPS 1391 kl 0.0051 rew 18.64 max_stage 5.60 mult 0.833 | collect 1.26s update 0.14s (10% upd)
it 8535/9765 step 17498951 SPS 1391 kl 0.0052 rew 18.57 max_stage 5.59 mult 0.833 | collect 1.32s update 0.12s (8% upd)
it 8540/9765 step 17509203 SPS 1391 kl 0.0056 rew 18.58 max_stage 5.58 mult 0.723 | collect 1.32s update 0.20s (13% upd)
it 8545/9765 step 17519461 SPS 1391 kl 0.0062 rew 18.65 max_stage 5.62 mult 0.628 | collect 1.26s update 0.20s (14% upd)
it 8550/9765 step 17529710 SPS 1391 kl 0.0034 rew 18.65 max_stage 5.62 mult 0.818 | collect 1.32s update 0.20s (13% upd)
it 8555/9765 step 17539963 SPS 1391 kl 0.0058 rew 18.65 max_stage 5.62 mult 0.833 | collect 1.22s update 0.14s (10% upd)
it 8560/9765 step 17550218 SPS 1391 kl 0.0059 rew 18.65 max_stage 5.62 mult 0.603 | collect 1.23s update 0.20s (14% upd)
it 8565/9765 step 17560473 SPS 1391 kl 0.0037 rew 18.65 max_stage 5.62 mult 0.628 | collect 1.28s update 0.13s (9% upd)
it 8570/9765 step 17570726 SPS 1391 kl 0.0041 rew 18.65 max_stage 5.62 mult 0.981 | collect 1.27s update 0.20s (14% upd)
it 8575/9765 step 17580977 SPS 1391 kl 0.0048 rew 18.65 max_stage 5.62 mult 0.710 | collect 1.33s update 0.14s (10% upd)
it 8580/9765 step 17591227 SPS 1391 kl 0.0064 rew 18.65 max_stage 5.62 mult 0.833 | collect 1.18s update 0.18s (13% upd)
it 8585/9765 step 17601483 SPS 1391 kl 0.0051 rew 18.65 max_stage 5.62 mult 0.694 | collect 1.25s update 0.20s (14% upd)
it 8590/9765 step 17611734 SPS 1391 kl 0.0039 rew 18.67 max_stage 5.62 mult 0.868 | collect 1.15s update 0.20s (15% upd)
it 8595/9765 step 17621986 SPS 1391 kl 0.0033 rew 18.67 max_stage 5.62 mult 0.628 | collect 1.31s update 0.12s (9% upd)
it 8600/9765 step 17632247 SPS 1391 kl 0.0055 rew 18.61 max_stage 5.61 mult 0.654 | collect 1.23s update 0.21s (15% upd)
it 8605/9765 step 17642510 SPS 1390 kl 0.0035 rew 18.61 max_stage 5.61 mult 0.473 | collect 3.17s update 0.30s (9% upd)
it 8610/9765 step 17652768 SPS 1389 kl 0.0055 rew 18.59 max_stage 5.61 mult 0.694 | collect 3.25s update 0.31s (9% upd)
it 8615/9765 step 17663029 SPS 1387 kl 0.0057 rew 18.59 max_stage 5.61 mult 0.603 | collect 3.14s update 0.30s (9% upd)
it 8620/9765 step 17673292 SPS 1386 kl 0.0060 rew 18.59 max_stage 5.61 mult 0.833 | collect 3.17s update 0.32s (9% upd)
it 8625/9765 step 17683542 SPS 1385 kl 0.0049 rew 18.59 max_stage 5.61 mult 1.000 | collect 3.15s update 0.33s (10% upd)
it 8630/9765 step 17693804 SPS 1384 kl 0.0045 rew 18.59 max_stage 5.61 mult 0.482 | collect 3.13s update 0.33s (9% upd)
it 8635/9765 step 17704061 SPS 1383 kl 0.0045 rew 18.59 max_stage 5.61 mult 1.000 | collect 3.08s update 0.35s (10% upd)
it 8640/9765 step 17714318 SPS 1382 kl 0.0064 rew 18.59 max_stage 5.61 mult 0.723 | collect 3.18s update 0.31s (9% upd)
it 8645/9765 step 17724585 SPS 1381 kl 0.0043 rew 18.59 max_stage 5.61 mult 1.000 | collect 3.12s update 0.33s (10% upd)
it 8650/9765 step 17734849 SPS 1380 kl 0.0046 rew 18.58 max_stage 5.61 mult 1.000 | collect 3.10s update 0.33s (10% upd)
it 8655/9765 step 17745105 SPS 1379 kl 0.0047 rew 18.58 max_stage 5.61 mult 0.694 | collect 3.14s update 0.22s (7% upd)
it 8660/9765 step 17755369 SPS 1378 kl 0.0039 rew 18.63 max_stage 5.62 mult 0.868 | collect 3.10s update 0.34s (10% upd)
it 8665/9765 step 17765618 SPS 1377 kl 0.0046 rew 18.63 max_stage 5.62 mult 0.579 | collect 3.04s update 0.31s (9% upd)
it 8670/9765 step 17775873 SPS 1376 kl 0.0040 rew 18.63 max_stage 5.62 mult 0.754 | collect 3.13s update 0.22s (6% upd)
it 8675/9765 step 17786127 SPS 1375 kl 0.0062 rew 18.66 max_stage 5.62 mult 0.833 | collect 3.17s update 0.33s (10% upd)
it 8680/9765 step 17796393 SPS 1374 kl 0.0050 rew 18.66 max_stage 5.62 mult 1.000 | collect 3.07s update 0.35s (10% upd)
it 8685/9765 step 17806641 SPS 1373 kl 0.0064 rew 18.66 max_stage 5.62 mult 1.000 | collect 3.34s update 0.38s (10% upd)
it 8690/9765 step 17816904 SPS 1372 kl 0.0059 rew 18.66 max_stage 5.62 mult 0.868 | collect 3.09s update 0.35s (10% upd)
it 8695/9765 step 17827150 SPS 1371 kl 0.0052 rew 18.66 max_stage 5.62 mult 0.754 | collect 3.15s update 0.27s (8% upd)
it 8700/9765 step 17837411 SPS 1370 kl 0.0039 rew 18.69 max_stage 5.63 mult 0.868 | collect 3.06s update 0.34s (10% upd)
it 8705/9765 step 17847659 SPS 1369 kl 0.0026 rew 18.69 max_stage 5.63 mult 0.754 | collect 3.21s update 0.14s (4% upd)
it 8710/9765 step 17857910 SPS 1368 kl 0.0052 rew 18.69 max_stage 5.63 mult 0.654 | collect 3.12s update 0.34s (10% upd)
it 8715/9765 step 17868171 SPS 1367 kl 0.0060 rew 18.69 max_stage 5.62 mult 0.833 | collect 3.29s update 0.26s (7% upd)
it 8720/9765 step 17878422 SPS 1366 kl 0.0057 rew 18.73 max_stage 5.64 mult 0.694 | collect 3.09s update 0.29s (8% upd)
it 8725/9765 step 17888682 SPS 1365 kl 0.0060 rew 18.73 max_stage 5.64 mult 0.833 | collect 3.22s update 0.31s (9% upd)
it 8730/9765 step 17898946 SPS 1364 kl 0.0049 rew 18.71 max_stage 5.63 mult 0.694 | collect 3.09s update 0.27s (8% upd)
it 8735/9765 step 17909197 SPS 1363 kl 0.0058 rew 18.71 max_stage 5.63 mult 0.833 | collect 3.16s update 0.22s (7% upd)
it 8740/9765 step 17919462 SPS 1362 kl 0.0033 rew 18.75 max_stage 5.62 mult 0.694 | collect 3.20s update 0.13s (4% upd)
it 8745/9765 step 17929727 SPS 1361 kl 0.0047 rew 18.75 max_stage 5.62 mult 1.000 | collect 3.06s update 0.34s (10% upd)
it 8750/9765 step 17939986 SPS 1360 kl 0.0035 rew 18.75 max_stage 5.62 mult 1.000 | collect 3.12s update 0.33s (10% upd)
it 8755/9765 step 17950240 SPS 1359 kl 0.0048 rew 18.75 max_stage 5.62 mult 0.694 | collect 3.08s update 0.31s (9% upd)
it 8760/9765 step 17960502 SPS 1358 kl 0.0051 rew 18.78 max_stage 5.63 mult 1.000 | collect 3.28s update 0.34s (9% upd)
it 8765/9765 step 17970752 SPS 1357 kl 0.0045 rew 18.78 max_stage 5.63 mult 0.833 | collect 3.05s update 0.24s (7% upd)
it 8770/9765 step 17981008 SPS 1356 kl 0.0059 rew 18.78 max_stage 5.63 mult 0.694 | collect 3.09s update 0.34s (10% upd)
it 8775/9765 step 17991274 SPS 1355 kl 0.0059 rew 18.78 max_stage 5.63 mult 0.833 | collect 3.14s update 0.27s (8% upd)
it 8780/9765 step 18001534 SPS 1354 kl 0.0058 rew 18.82 max_stage 5.65 mult 0.833 | collect 3.13s update 0.35s (10% upd)
it 8785/9765 step 18011795 SPS 1353 kl 0.0063 rew 18.86 max_stage 5.67 mult 0.833 | collect 3.11s update 0.31s (9% upd)
it 8790/9765 step 18022041 SPS 1352 kl 0.0045 rew 18.86 max_stage 5.67 mult 1.000 | collect 3.20s update 0.33s (9% upd)
it 8795/9765 step 18032298 SPS 1351 kl 0.0049 rew 18.86 max_stage 5.67 mult 0.694 | collect 3.09s update 0.27s (8% upd)
it 8800/9765 step 18042553 SPS 1350 kl 0.0049 rew 18.86 max_stage 5.67 mult 0.833 | collect 3.20s update 0.27s (8% upd)
it 8805/9765 step 18052817 SPS 1349 kl 0.0028 rew 18.91 max_stage 5.67 mult 0.868 | collect 3.05s update 0.33s (10% upd)
it 8810/9765 step 18063079 SPS 1348 kl 0.0046 rew 18.90 max_stage 5.67 mult 1.000 | collect 3.17s update 0.33s (10% upd)
it 8815/9765 step 18073331 SPS 1347 kl 0.0034 rew 18.90 max_stage 5.67 mult 1.000 | collect 3.07s update 0.34s (10% upd)
it 8820/9765 step 18083587 SPS 1346 kl 0.0035 rew 19.04 max_stage 5.71 mult 1.000 | collect 3.12s update 0.34s (10% upd)
it 8825/9765 step 18093846 SPS 1345 kl 0.0045 rew 19.04 max_stage 5.71 mult 0.833 | collect 3.07s update 0.26s (8% upd)
it 8830/9765 step 18104114 SPS 1344 kl 0.0034 rew 19.04 max_stage 5.71 mult 0.694 | collect 3.07s update 0.18s (6% upd)
it 8835/9765 step 18114374 SPS 1343 kl 0.0031 rew 19.04 max_stage 5.71 mult 0.694 | collect 3.05s update 0.25s (7% upd)
it 8840/9765 step 18124629 SPS 1342 kl 0.0053 rew 19.04 max_stage 5.71 mult 1.000 | collect 3.05s update 0.35s (10% upd)
it 8845/9765 step 18134883 SPS 1341 kl 0.0058 rew 19.04 max_stage 5.71 mult 0.833 | collect 3.02s update 0.25s (8% upd)
it 8850/9765 step 18145139 SPS 1341 kl 0.0045 rew 19.04 max_stage 5.71 mult 1.000 | collect 3.06s update 0.33s (10% upd)
it 8855/9765 step 18155393 SPS 1340 kl 0.0052 rew 19.04 max_stage 5.71 mult 0.833 | collect 3.03s update 0.33s (10% upd)
it 8860/9765 step 18165648 SPS 1339 kl 0.0043 rew 19.04 max_stage 5.71 mult 0.833 | collect 3.05s update 0.26s (8% upd)
it 8865/9765 step 18175903 SPS 1338 kl 0.0046 rew 19.04 max_stage 5.71 mult 1.000 | collect 3.14s update 0.34s (10% upd)
it 8870/9765 step 18186165 SPS 1337 kl 0.0053 rew 19.04 max_stage 5.71 mult 1.000 | collect 3.04s update 0.33s (10% upd)
it 8875/9765 step 18196423 SPS 1336 kl 0.0045 rew 19.04 max_stage 5.71 mult 1.000 | collect 3.11s update 0.34s (10% upd)
it 8880/9765 step 18206688 SPS 1335 kl 0.0055 rew 19.10 max_stage 5.73 mult 0.833 | collect 3.09s update 0.28s (8% upd)
it 8885/9765 step 18216956 SPS 1334 kl 0.0059 rew 19.10 max_stage 5.73 mult 1.000 | collect 3.07s update 0.35s (10% upd)
it 8890/9765 step 18227220 SPS 1333 kl 0.0037 rew 19.10 max_stage 5.73 mult 1.000 | collect 3.03s update 0.35s (10% upd)
it 8895/9765 step 18237473 SPS 1332 kl 0.0044 rew 19.10 max_stage 5.73 mult 1.000 | collect 3.05s update 0.35s (10% upd)
it 8900/9765 step 18247728 SPS 1331 kl 0.0050 rew 19.15 max_stage 5.72 mult 1.000 | collect 3.11s update 0.33s (10% upd)
it 8905/9765 step 18257999 SPS 1330 kl 0.0054 rew 19.15 max_stage 5.72 mult 1.000 | collect 3.03s update 0.33s (10% upd)
it 8910/9765 step 18268256 SPS 1330 kl 0.0040 rew 19.10 max_stage 5.72 mult 1.000 | collect 3.09s update 0.35s (10% upd)
it 8915/9765 step 18278517 SPS 1329 kl 0.0043 rew 18.97 max_stage 5.70 mult 1.000 | collect 3.11s update 0.35s (10% upd)
it 8920/9765 step 18288780 SPS 1328 kl 0.0055 rew 19.03 max_stage 5.70 mult 0.833 | collect 3.06s update 0.33s (10% upd)
it 8925/9765 step 18299028 SPS 1327 kl 0.0044 rew 19.03 max_stage 5.70 mult 0.833 | collect 3.04s update 0.26s (8% upd)
it 8930/9765 step 18309292 SPS 1326 kl 0.0039 rew 19.09 max_stage 5.71 mult 0.833 | collect 3.18s update 0.29s (8% upd)
it 8935/9765 step 18319551 SPS 1325 kl 0.0042 rew 19.09 max_stage 5.71 mult 1.000 | collect 3.03s update 0.35s (10% upd)
it 8940/9765 step 18329816 SPS 1324 kl 0.0046 rew 19.13 max_stage 5.71 mult 1.000 | collect 3.05s update 0.35s (10% upd)
it 8945/9765 step 18340071 SPS 1323 kl 0.0048 rew 19.13 max_stage 5.71 mult 1.000 | collect 3.03s update 0.33s (10% upd)
it 8950/9765 step 18350328 SPS 1322 kl 0.0050 rew 19.07 max_stage 5.73 mult 0.833 | collect 3.19s update 0.30s (9% upd)
it 8955/9765 step 18360577 SPS 1321 kl 0.0027 rew 19.07 max_stage 5.73 mult 0.579 | collect 3.05s update 0.21s (7% upd)
it 8960/9765 step 18370825 SPS 1321 kl 0.0048 rew 19.07 max_stage 5.73 mult 1.000 | collect 3.07s update 0.35s (10% upd)
it 8965/9765 step 18381088 SPS 1320 kl 0.0052 rew 19.07 max_stage 5.73 mult 1.000 | collect 3.11s update 0.34s (10% upd)
it 8970/9765 step 18391352 SPS 1319 kl 0.0031 rew 19.07 max_stage 5.73 mult 0.833 | collect 3.08s update 0.19s (6% upd)
it 8975/9765 step 18401610 SPS 1318 kl 0.0053 rew 19.09 max_stage 5.73 mult 0.833 | collect 3.10s update 0.28s (8% upd)
it 8980/9765 step 18411864 SPS 1317 kl 0.0022 rew 19.09 max_stage 5.73 mult 0.694 | collect 3.08s update 0.14s (4% upd)
it 8985/9765 step 18422123 SPS 1316 kl 0.0054 rew 19.09 max_stage 5.73 mult 1.000 | collect 3.06s update 0.35s (10% upd)
it 8990/9765 step 18432378 SPS 1315 kl 0.0053 rew 18.95 max_stage 5.71 mult 0.833 | collect 3.06s update 0.34s (10% upd)
it 8995/9765 step 18442630 SPS 1314 kl 0.0053 rew 18.95 max_stage 5.71 mult 0.833 | collect 3.14s update 0.32s (9% upd)
it 9000/9765 step 18452887 SPS 1314 kl 0.0036 rew 18.97 max_stage 5.72 mult 0.833 | collect 3.07s update 0.23s (7% upd)
it 9005/9765 step 18463142 SPS 1313 kl 0.0036 rew 18.97 max_stage 5.72 mult 1.000 | collect 3.07s update 0.35s (10% upd)
it 9010/9765 step 18473399 SPS 1312 kl 0.0039 rew 18.97 max_stage 5.72 mult 0.694 | collect 3.06s update 0.30s (9% upd)
it 9015/9765 step 18483661 SPS 1311 kl 0.0044 rew 18.97 max_stage 5.72 mult 1.000 | collect 3.07s update 0.33s (10% upd)
it 9020/9765 step 18493915 SPS 1310 kl 0.0046 rew 18.97 max_stage 5.72 mult 0.833 | collect 3.02s update 0.28s (9% upd)
it 9025/9765 step 18504161 SPS 1309 kl 0.0051 rew 18.98 max_stage 5.71 mult 1.000 | collect 3.15s update 0.35s (10% upd)
it 9030/9765 step 18514418 SPS 1308 kl 0.0041 rew 18.98 max_stage 5.70 mult 0.833 | collect 2.96s update 0.40s (12% upd)
it 9035/9765 step 18524684 SPS 1308 kl 0.0025 rew 18.98 max_stage 5.70 mult 0.694 | collect 3.07s update 0.24s (7% upd)
it 9040/9765 step 18534942 SPS 1307 kl 0.0048 rew 18.98 max_stage 5.70 mult 1.000 | collect 3.13s update 0.33s (10% upd)
it 9045/9765 step 18545197 SPS 1306 kl 0.0033 rew 19.10 max_stage 5.74 mult 0.694 | collect 3.05s update 0.34s (10% upd)
it 9050/9765 step 18555448 SPS 1305 kl 0.0036 rew 19.10 max_stage 5.74 mult 1.000 | collect 3.05s update 0.33s (10% upd)
it 9055/9765 step 18565704 SPS 1304 kl 0.0028 rew 19.10 max_stage 5.74 mult 0.694 | collect 3.03s update 0.27s (8% upd)
it 9060/9765 step 18575968 SPS 1303 kl 0.0042 rew 19.10 max_stage 5.74 mult 0.833 | collect 3.15s update 0.34s (10% upd)
it 9065/9765 step 18586228 SPS 1302 kl 0.0040 rew 19.10 max_stage 5.74 mult 1.000 | collect 3.07s update 0.33s (10% upd)
it 9070/9765 step 18596476 SPS 1302 kl 0.0032 rew 19.10 max_stage 5.74 mult 1.000 | collect 3.06s update 0.33s (10% upd)
it 9075/9765 step 18606738 SPS 1301 kl 0.0029 rew 19.10 max_stage 5.74 mult 1.000 | collect 3.07s update 0.34s (10% upd)
it 9080/9765 step 18616991 SPS 1300 kl 0.0034 rew 19.12 max_stage 5.75 mult 1.000 | collect 3.01s update 0.33s (10% upd)
it 9085/9765 step 18627247 SPS 1299 kl 0.0034 rew 19.12 max_stage 5.75 mult 1.000 | collect 3.13s update 0.35s (10% upd)
it 9090/9765 step 18637491 SPS 1298 kl 0.0039 rew 19.05 max_stage 5.72 mult 0.833 | collect 3.12s update 0.34s (10% upd)
it 9095/9765 step 18647746 SPS 1297 kl 0.0041 rew 19.05 max_stage 5.72 mult 1.000 | collect 3.05s update 0.33s (10% upd)
it 9100/9765 step 18658009 SPS 1297 kl 0.0042 rew 19.09 max_stage 5.74 mult 1.000 | collect 3.14s update 0.34s (10% upd)
it 9105/9765 step 18668265 SPS 1296 kl 0.0028 rew 19.09 max_stage 5.74 mult 1.000 | collect 3.00s update 0.35s (10% upd)
it 9110/9765 step 18678524 SPS 1295 kl 0.0042 rew 19.09 max_stage 5.74 mult 0.833 | collect 3.08s update 0.24s (7% upd)
it 9115/9765 step 18688787 SPS 1294 kl 0.0038 rew 19.14 max_stage 5.76 mult 1.000 | collect 3.18s update 0.35s (10% upd)
it 9120/9765 step 18699049 SPS 1293 kl 0.0039 rew 19.14 max_stage 5.76 mult 1.000 | collect 3.04s update 0.35s (10% upd)
it 9125/9765 step 18709310 SPS 1292 kl 0.0041 rew 19.14 max_stage 5.76 mult 1.000 | collect 3.09s update 0.35s (10% upd)
it 9130/9765 step 18719578 SPS 1292 kl 0.0036 rew 19.14 max_stage 5.76 mult 1.000 | collect 3.26s update 0.33s (9% upd)
it 9135/9765 step 18729836 SPS 1291 kl 0.0038 rew 19.14 max_stage 5.76 mult 1.000 | collect 3.05s update 0.34s (10% upd)
it 9140/9765 step 18740088 SPS 1290 kl 0.0037 rew 19.16 max_stage 5.76 mult 0.833 | collect 3.19s update 0.24s (7% upd)
it 9145/9765 step 18750346 SPS 1289 kl 0.0025 rew 19.12 max_stage 5.76 mult 1.000 | collect 3.12s update 0.33s (10% upd)
it 9150/9765 step 18760609 SPS 1288 kl 0.0039 rew 19.12 max_stage 5.76 mult 1.000 | collect 3.08s update 0.35s (10% upd)
it 9155/9765 step 18770869 SPS 1288 kl 0.0025 rew 19.12 max_stage 5.76 mult 0.833 | collect 3.06s update 0.17s (5% upd)
it 9160/9765 step 18781127 SPS 1287 kl 0.0033 rew 19.12 max_stage 5.76 mult 1.000 | collect 3.13s update 0.34s (10% upd)
it 9165/9765 step 18791381 SPS 1286 kl 0.0037 rew 19.12 max_stage 5.76 mult 1.000 | collect 2.95s update 0.37s (11% upd)
it 9170/9765 step 18801641 SPS 1285 kl 0.0037 rew 19.16 max_stage 5.76 mult 1.000 | collect 2.96s update 0.41s (12% upd)
it 9175/9765 step 18811889 SPS 1284 kl 0.0021 rew 19.16 max_stage 5.76 mult 1.000 | collect 2.97s update 0.38s (11% upd)
it 9180/9765 step 18822137 SPS 1284 kl 0.0039 rew 19.21 max_stage 5.76 mult 1.000 | collect 3.08s update 0.34s (10% upd)
it 9185/9765 step 18832403 SPS 1283 kl 0.0030 rew 19.21 max_stage 5.76 mult 1.000 | collect 3.09s update 0.34s (10% upd)
it 9190/9765 step 18842656 SPS 1282 kl 0.0028 rew 19.21 max_stage 5.76 mult 1.000 | collect 3.07s update 0.34s (10% upd)
it 9195/9765 step 18852921 SPS 1281 kl 0.0022 rew 19.21 max_stage 5.76 mult 1.000 | collect 2.96s update 0.41s (12% upd)
it 9200/9765 step 18863169 SPS 1280 kl 0.0026 rew 19.22 max_stage 5.77 mult 1.000 | collect 3.05s update 0.35s (10% upd)
it 9205/9765 step 18873432 SPS 1280 kl 0.0025 rew 19.22 max_stage 5.77 mult 0.833 | collect 3.05s update 0.17s (5% upd)
it 9210/9765 step 18883685 SPS 1279 kl 0.0034 rew 19.22 max_stage 5.77 mult 1.000 | collect 3.05s update 0.43s (12% upd)
it 9215/9765 step 18893937 SPS 1278 kl 0.0028 rew 19.23 max_stage 5.77 mult 1.000 | collect 3.02s update 0.33s (10% upd)
it 9220/9765 step 18904193 SPS 1277 kl 0.0029 rew 19.27 max_stage 5.76 mult 1.000 | collect 3.06s update 0.33s (10% upd)
it 9225/9765 step 18914451 SPS 1276 kl 0.0032 rew 19.27 max_stage 5.76 mult 1.000 | collect 3.09s update 0.35s (10% upd)
it 9230/9765 step 18924707 SPS 1276 kl 0.0039 rew 19.37 max_stage 5.78 mult 1.000 | collect 3.26s update 0.35s (10% upd)
it 9235/9765 step 18934969 SPS 1275 kl 0.0030 rew 19.37 max_stage 5.78 mult 1.000 | collect 3.04s update 0.33s (10% upd)
it 9240/9765 step 18945229 SPS 1274 kl 0.0038 rew 19.37 max_stage 5.78 mult 0.833 | collect 3.09s update 0.25s (8% upd)
it 9245/9765 step 18955478 SPS 1273 kl 0.0035 rew 19.37 max_stage 5.78 mult 1.000 | collect 3.21s update 0.33s (9% upd)
it 9250/9765 step 18965744 SPS 1272 kl 0.0045 rew 19.36 max_stage 5.79 mult 1.000 | collect 3.05s update 0.39s (11% upd)
it 9255/9765 step 18976001 SPS 1272 kl 0.0030 rew 19.36 max_stage 5.79 mult 1.000 | collect 2.93s update 0.35s (11% upd)
it 9260/9765 step 18986262 SPS 1271 kl 0.0028 rew 19.36 max_stage 5.79 mult 1.000 | collect 3.19s update 0.33s (9% upd)
it 9265/9765 step 18996521 SPS 1270 kl 0.0025 rew 19.41 max_stage 5.79 mult 1.000 | collect 3.23s update 0.34s (9% upd)
it 9270/9765 step 19006774 SPS 1269 kl 0.0019 rew 19.41 max_stage 5.79 mult 1.000 | collect 3.04s update 0.36s (11% upd)
it 9275/9765 step 19017028 SPS 1269 kl 0.0030 rew 19.41 max_stage 5.79 mult 1.000 | collect 3.12s update 0.34s (10% upd)
it 9280/9765 step 19027284 SPS 1268 kl 0.0023 rew 19.27 max_stage 5.79 mult 1.000 | collect 3.21s update 0.33s (9% upd)
it 9285/9765 step 19037542 SPS 1267 kl 0.0022 rew 19.29 max_stage 5.79 mult 1.000 | collect 3.10s update 0.33s (10% upd)
it 9290/9765 step 19047800 SPS 1266 kl 0.0029 rew 19.30 max_stage 5.79 mult 1.000 | collect 3.04s update 0.35s (10% upd)
it 9295/9765 step 19058061 SPS 1266 kl 0.0032 rew 19.25 max_stage 5.78 mult 1.000 | collect 3.03s update 0.33s (10% upd)
it 9300/9765 step 19068327 SPS 1265 kl 0.0025 rew 19.25 max_stage 5.78 mult 1.000 | collect 3.11s update 0.33s (10% upd)
it 9305/9765 step 19078596 SPS 1264 kl 0.0033 rew 19.25 max_stage 5.78 mult 1.000 | collect 3.05s update 0.34s (10% upd)
it 9310/9765 step 19088860 SPS 1263 kl 0.0024 rew 19.16 max_stage 5.75 mult 1.000 | collect 3.18s update 0.33s (9% upd)
it 9315/9765 step 19099114 SPS 1263 kl 0.0020 rew 19.16 max_stage 5.75 mult 1.000 | collect 3.04s update 0.33s (10% upd)
it 9320/9765 step 19109369 SPS 1262 kl 0.0028 rew 19.15 max_stage 5.75 mult 1.000 | collect 3.14s update 0.34s (10% upd)
it 9325/9765 step 19119629 SPS 1261 kl 0.0023 rew 19.15 max_stage 5.75 mult 1.000 | collect 3.06s update 0.34s (10% upd)
it 9330/9765 step 19129881 SPS 1260 kl 0.0024 rew 19.18 max_stage 5.75 mult 1.000 | collect 3.04s update 0.33s (10% upd)
it 9335/9765 step 19140147 SPS 1260 kl 0.0021 rew 19.18 max_stage 5.75 mult 1.000 | collect 3.10s update 0.33s (10% upd)
it 9340/9765 step 19150402 SPS 1259 kl 0.0024 rew 19.18 max_stage 5.75 mult 1.000 | collect 3.06s update 0.33s (10% upd)
it 9345/9765 step 19160655 SPS 1258 kl 0.0032 rew 19.18 max_stage 5.75 mult 1.000 | collect 3.11s update 0.35s (10% upd)
it 9350/9765 step 19170907 SPS 1257 kl 0.0035 rew 19.18 max_stage 5.75 mult 1.000 | collect 2.97s update 0.35s (11% upd)
it 9355/9765 step 19181170 SPS 1257 kl 0.0020 rew 19.01 max_stage 5.71 mult 1.000 | collect 3.17s update 0.34s (10% upd)
it 9360/9765 step 19191422 SPS 1256 kl 0.0025 rew 19.01 max_stage 5.71 mult 0.833 | collect 3.06s update 0.23s (7% upd)
it 9365/9765 step 19201676 SPS 1255 kl 0.0021 rew 19.01 max_stage 5.71 mult 1.000 | collect 3.03s update 0.33s (10% upd)
it 9370/9765 step 19211941 SPS 1254 kl 0.0024 rew 18.97 max_stage 5.70 mult 1.000 | collect 3.12s update 0.33s (10% upd)
it 9375/9765 step 19222198 SPS 1254 kl 0.0028 rew 18.97 max_stage 5.70 mult 1.000 | collect 3.03s update 0.33s (10% upd)
it 9380/9765 step 19232451 SPS 1253 kl 0.0024 rew 18.94 max_stage 5.71 mult 1.000 | collect 3.24s update 0.33s (9% upd)
it 9385/9765 step 19242703 SPS 1252 kl 0.0021 rew 18.92 max_stage 5.70 mult 1.000 | collect 3.02s update 0.33s (10% upd)
it 9390/9765 step 19252967 SPS 1251 kl 0.0023 rew 18.92 max_stage 5.70 mult 1.000 | collect 2.99s update 0.33s (10% upd)
it 9395/9765 step 19263234 SPS 1251 kl 0.0022 rew 18.92 max_stage 5.70 mult 1.000 | collect 3.07s update 0.35s (10% upd)
it 9400/9765 step 19273500 SPS 1250 kl 0.0025 rew 18.92 max_stage 5.70 mult 1.000 | collect 3.09s update 0.33s (10% upd)
it 9405/9765 step 19283758 SPS 1249 kl 0.0015 rew 18.92 max_stage 5.70 mult 1.000 | collect 3.07s update 0.33s (10% upd)
it 9410/9765 step 19294015 SPS 1249 kl 0.0028 rew 18.92 max_stage 5.70 mult 1.000 | collect 3.02s update 0.35s (10% upd)
it 9415/9765 step 19304271 SPS 1248 kl 0.0014 rew 18.92 max_stage 5.70 mult 1.000 | collect 2.99s update 0.33s (10% upd)
it 9420/9765 step 19314525 SPS 1247 kl 0.0019 rew 18.92 max_stage 5.70 mult 1.000 | collect 2.96s update 0.40s (12% upd)
it 9425/9765 step 19324781 SPS 1246 kl 0.0016 rew 18.89 max_stage 5.71 mult 1.000 | collect 3.05s update 0.37s (11% upd)
it 9430/9765 step 19335033 SPS 1246 kl 0.0020 rew 18.89 max_stage 5.71 mult 1.000 | collect 3.07s update 0.37s (11% upd)
it 9435/9765 step 19345286 SPS 1245 kl 0.0016 rew 18.89 max_stage 5.71 mult 1.000 | collect 3.07s update 0.33s (10% upd)
it 9440/9765 step 19355538 SPS 1244 kl 0.0031 rew 18.89 max_stage 5.71 mult 1.000 | collect 3.04s update 0.33s (10% upd)
it 9445/9765 step 19365788 SPS 1244 kl 0.0015 rew 18.89 max_stage 5.71 mult 1.000 | collect 3.09s update 0.33s (10% upd)
it 9450/9765 step 19376045 SPS 1243 kl 0.0017 rew 18.89 max_stage 5.71 mult 1.000 | collect 3.19s update 0.35s (10% upd)
it 9455/9765 step 19386305 SPS 1242 kl 0.0019 rew 18.95 max_stage 5.73 mult 1.000 | collect 3.12s update 0.34s (10% upd)
it 9460/9765 step 19396552 SPS 1241 kl 0.0022 rew 18.93 max_stage 5.72 mult 1.000 | collect 3.11s update 0.34s (10% upd)
it 9465/9765 step 19406812 SPS 1241 kl 0.0016 rew 18.93 max_stage 5.72 mult 1.000 | collect 2.93s update 0.40s (12% upd)
it 9470/9765 step 19417062 SPS 1240 kl 0.0017 rew 18.93 max_stage 5.72 mult 1.000 | collect 3.07s update 0.41s (12% upd)
it 9475/9765 step 19427317 SPS 1239 kl 0.0017 rew 18.98 max_stage 5.74 mult 1.000 | collect 3.17s update 0.33s (10% upd)
it 9480/9765 step 19437581 SPS 1238 kl 0.0018 rew 18.98 max_stage 5.74 mult 1.000 | collect 3.15s update 0.34s (10% upd)
it 9485/9765 step 19447839 SPS 1238 kl 0.0016 rew 18.94 max_stage 5.73 mult 1.000 | collect 3.28s update 0.35s (10% upd)
it 9490/9765 step 19458092 SPS 1237 kl 0.0016 rew 19.00 max_stage 5.74 mult 1.000 | collect 3.22s update 0.34s (9% upd)
it 9495/9765 step 19468350 SPS 1236 kl 0.0018 rew 19.00 max_stage 5.74 mult 1.000 | collect 3.10s update 0.34s (10% upd)
it 9500/9765 step 19478604 SPS 1236 kl 0.0011 rew 19.03 max_stage 5.74 mult 1.000 | collect 3.51s update 0.34s (9% upd)
it 9505/9765 step 19488858 SPS 1235 kl 0.0014 rew 19.03 max_stage 5.74 mult 1.000 | collect 3.02s update 0.33s (10% upd)
it 9510/9765 step 19499120 SPS 1234 kl 0.0012 rew 19.03 max_stage 5.74 mult 1.000 | collect 3.12s update 0.35s (10% upd)
it 9515/9765 step 19509378 SPS 1234 kl 0.0013 rew 19.03 max_stage 5.74 mult 1.000 | collect 3.06s update 0.34s (10% upd)
it 9520/9765 step 19519622 SPS 1233 kl 0.0013 rew 19.03 max_stage 5.74 mult 1.000 | collect 3.03s update 0.33s (10% upd)
it 9525/9765 step 19529878 SPS 1232 kl 0.0012 rew 19.02 max_stage 5.74 mult 1.000 | collect 3.08s update 0.33s (10% upd)
it 9530/9765 step 19540139 SPS 1231 kl 0.0015 rew 19.02 max_stage 5.74 mult 1.000 | collect 3.05s update 0.33s (10% upd)
it 9535/9765 step 19550395 SPS 1231 kl 0.0012 rew 19.02 max_stage 5.74 mult 1.000 | collect 3.09s update 0.33s (10% upd)
it 9540/9765 step 19560656 SPS 1230 kl 0.0016 rew 19.02 max_stage 5.74 mult 1.000 | collect 3.14s update 0.33s (10% upd)
it 9545/9765 step 19570914 SPS 1229 kl 0.0016 rew 19.03 max_stage 5.74 mult 1.000 | collect 3.02s update 0.33s (10% upd)
it 9550/9765 step 19581169 SPS 1229 kl 0.0014 rew 19.08 max_stage 5.74 mult 1.000 | collect 3.08s update 0.35s (10% upd)
it 9555/9765 step 19591428 SPS 1228 kl 0.0015 rew 19.08 max_stage 5.74 mult 1.000 | collect 3.16s update 0.35s (10% upd)
it 9560/9765 step 19601688 SPS 1227 kl 0.0009 rew 19.08 max_stage 5.74 mult 1.000 | collect 3.14s update 0.35s (10% upd)
it 9565/9765 step 19611938 SPS 1227 kl 0.0011 rew 19.08 max_stage 5.74 mult 1.000 | collect 3.05s update 0.42s (12% upd)
it 9570/9765 step 19622187 SPS 1226 kl 0.0009 rew 19.08 max_stage 5.74 mult 1.000 | collect 3.15s update 0.34s (10% upd)
it 9575/9765 step 19632449 SPS 1225 kl 0.0011 rew 19.08 max_stage 5.74 mult 1.000 | collect 3.08s update 0.33s (10% upd)
it 9580/9765 step 19642709 SPS 1225 kl 0.0013 rew 19.08 max_stage 5.74 mult 1.000 | collect 3.14s update 0.34s (10% upd)
it 9585/9765 step 19652976 SPS 1224 kl 0.0008 rew 19.08 max_stage 5.74 mult 1.000 | collect 3.05s update 0.40s (12% upd)
it 9590/9765 step 19663230 SPS 1223 kl 0.0012 rew 19.13 max_stage 5.75 mult 1.000 | collect 3.05s update 0.35s (10% upd)
it 9595/9765 step 19673488 SPS 1223 kl 0.0011 rew 19.22 max_stage 5.77 mult 1.000 | collect 3.10s update 0.38s (11% upd)
it 9600/9765 step 19683754 SPS 1222 kl 0.0012 rew 19.22 max_stage 5.77 mult 1.000 | collect 3.12s update 0.34s (10% upd)
it 9605/9765 step 19694018 SPS 1221 kl 0.0009 rew 19.26 max_stage 5.77 mult 1.000 | collect 3.05s update 0.35s (10% upd)
it 9610/9765 step 19704280 SPS 1221 kl 0.0010 rew 19.26 max_stage 5.77 mult 1.000 | collect 3.00s update 0.34s (10% upd)
it 9615/9765 step 19714528 SPS 1220 kl 0.0010 rew 19.26 max_stage 5.77 mult 1.000 | collect 3.04s update 0.41s (12% upd)
it 9620/9765 step 19724791 SPS 1219 kl 0.0008 rew 19.26 max_stage 5.77 mult 1.000 | collect 3.12s update 0.35s (10% upd)
it 9625/9765 step 19735042 SPS 1219 kl 0.0007 rew 19.26 max_stage 5.77 mult 1.000 | collect 3.21s update 0.33s (9% upd)
it 9630/9765 step 19745297 SPS 1218 kl 0.0008 rew 19.24 max_stage 5.76 mult 1.000 | collect 3.09s update 0.35s (10% upd)
it 9635/9765 step 19755556 SPS 1217 kl 0.0008 rew 19.28 max_stage 5.77 mult 1.000 | collect 3.20s update 0.34s (10% upd)
it 9640/9765 step 19765811 SPS 1217 kl 0.0008 rew 19.14 max_stage 5.75 mult 1.000 | collect 3.07s update 0.35s (10% upd)
it 9645/9765 step 19776074 SPS 1216 kl 0.0006 rew 19.14 max_stage 5.75 mult 1.000 | collect 3.06s update 0.33s (10% upd)
it 9650/9765 step 19786328 SPS 1215 kl 0.0007 rew 19.14 max_stage 5.75 mult 1.000 | collect 3.34s update 0.33s (9% upd)
it 9655/9765 step 19796596 SPS 1215 kl 0.0008 rew 19.13 max_stage 5.73 mult 1.000 | collect 3.01s update 0.34s (10% upd)
it 9660/9765 step 19806858 SPS 1214 kl 0.0011 rew 19.13 max_stage 5.73 mult 1.000 | collect 3.15s update 0.34s (10% upd)
it 9665/9765 step 19817106 SPS 1213 kl 0.0006 rew 19.11 max_stage 5.73 mult 1.000 | collect 3.15s update 0.35s (10% upd)
it 9670/9765 step 19827358 SPS 1213 kl 0.0006 rew 19.13 max_stage 5.74 mult 1.000 | collect 3.05s update 0.33s (10% upd)
it 9675/9765 step 19837615 SPS 1212 kl 0.0008 rew 19.13 max_stage 5.74 mult 1.000 | collect 3.10s update 0.33s (10% upd)
it 9680/9765 step 19847874 SPS 1211 kl 0.0006 rew 19.17 max_stage 5.75 mult 1.000 | collect 3.10s update 0.33s (10% upd)
it 9685/9765 step 19858131 SPS 1211 kl 0.0006 rew 19.17 max_stage 5.75 mult 1.000 | collect 3.10s update 0.33s (10% upd)
it 9690/9765 step 19868385 SPS 1210 kl 0.0006 rew 19.17 max_stage 5.75 mult 1.000 | collect 3.10s update 0.33s (10% upd)
it 9695/9765 step 19878631 SPS 1210 kl 0.0004 rew 19.17 max_stage 5.75 mult 1.000 | collect 3.07s update 0.35s (10% upd)
it 9700/9765 step 19888882 SPS 1209 kl 0.0006 rew 19.17 max_stage 5.75 mult 1.000 | collect 3.08s update 0.35s (10% upd)
it 9705/9765 step 19899144 SPS 1208 kl 0.0007 rew 19.17 max_stage 5.75 mult 1.000 | collect 3.07s update 0.35s (10% upd)
it 9710/9765 step 19909406 SPS 1208 kl 0.0006 rew 19.09 max_stage 5.73 mult 1.000 | collect 3.15s update 0.35s (10% upd)
it 9715/9765 step 19919657 SPS 1207 kl 0.0004 rew 18.97 max_stage 5.70 mult 1.000 | collect 3.00s update 0.34s (10% upd)
it 9720/9765 step 19929922 SPS 1206 kl 0.0003 rew 18.97 max_stage 5.70 mult 1.000 | collect 3.09s update 0.33s (10% upd)
it 9725/9765 step 19940182 SPS 1206 kl 0.0016 rew 18.97 max_stage 5.70 mult 2.826 | collect 3.17s update 0.22s (6% upd)
it 9730/9765 step 19950450 SPS 1205 kl 0.0004 rew 18.92 max_stage 5.68 mult 1.000 | collect 3.12s update 0.35s (10% upd)
it 9735/9765 step 19960692 SPS 1204 kl 0.0005 rew 18.92 max_stage 5.68 mult 1.000 | collect 3.10s update 0.34s (10% upd)
it 9740/9765 step 19970952 SPS 1204 kl 0.0003 rew 18.92 max_stage 5.68 mult 1.000 | collect 3.17s update 0.35s (10% upd)
it 9745/9765 step 19981214 SPS 1203 kl 0.0003 rew 18.82 max_stage 5.67 mult 1.000 | collect 3.06s update 0.35s (10% upd)
it 9750/9765 step 19991481 SPS 1203 kl 0.0003 rew 18.82 max_stage 5.67 mult 1.000 | collect 3.17s update 0.33s (9% upd)
it 9755/9765 step 20001740 SPS 1202 kl 0.0003 rew 18.82 max_stage 5.67 mult 1.000 | collect 3.09s update 0.37s (11% upd)
it 9760/9765 step 20012003 SPS 1201 kl 0.0002 rew 18.82 max_stage 5.67 mult 1.000 | collect 3.02s update 0.33s (10% upd)
it 9765/9765 step 20022261 SPS 1201 kl 0.0002 rew 18.82 max_stage 5.67 mult 1.000 | collect 3.16s update 0.35s (10% upd)
wandb: updating run metadata
wandb: 
wandb: Run history:
wandb:               charts/SPS ▇▇▇▇▇▇▇████████████████████████████████▁
wandb: progress/best_stage_ever ▁▅▅▅▅▅██████████████████████████████████
wandb:      rollout/ep_len_mean ▁▄▆▆▆▆▆▆▇▇▇▇▇▇▇▇▇▇▇▇▇▆▆▆▆▆▆▆▆▆▇▇▇▇▇▇████
wandb:      rollout/ep_rew_mean ▁▁▂▂▃▄▄▃▄▄▄▄▄▅▅▅▅▅▅▅▅▅▅▆▆▆▆▆▆▅▅▆▅▆▇█████
wandb:         stage_reach/ge_1 ▁███████████████████████████████████████
wandb:        stage_reach/ge_10 ▁▁▁▁▁▁▁▁▁▁▁▁▁▁▁▁▁▁▁▁▁▁▁▁▁▁▁▁▁▁▁▁▁▁▁▁▁▁▁▁
wandb:         stage_reach/ge_2 ████▆▂▁▁▁▂▂▂▂▃▇██▇▇▆▆▆▆▆▆▅▅▆▆▆▆▆▅▅▅▃▃▃▂▂
wandb:         stage_reach/ge_3 ▁▃▆▅▅▆▆▆▇▇██████▇▇▇▇▇▇▆▆▇▇▇▇▇▇▇▇▇███████
wandb:         stage_reach/ge_4 ▁▁▆▆▇▇▇▇▇▇▇▇▇▇▇▇▇█████████▇▇▇███████████
wandb:         stage_reach/ge_5 ▁▁▂▁▃▃▄▄▄▄▅▅▅▅▅▅▆▆▆▆▆▆▆▆▆▇▆▆▆▆▆▆▆▆▆▇████
wandb:                      +24 ...
wandb: 
wandb: Run summary:
wandb:               charts/SPS 1201
wandb: progress/best_stage_ever 9
wandb:      rollout/ep_len_mean 25764.43
wandb:      rollout/ep_rew_mean 18.8205
wandb:         stage_reach/ge_1 1
wandb:        stage_reach/ge_10 0
wandb:         stage_reach/ge_2 0.965
wandb:         stage_reach/ge_3 0.915
wandb:         stage_reach/ge_4 0.88
wandb:         stage_reach/ge_5 0.785
wandb:                      +24 ...
wandb: 
wandb: 🚀 View run 02:38PM-Jun-14-2026_cleanrl_228876 at: https://wandb.ai/ningcong-chen/ppo-new-200M/runs/jfvok6b7
wandb: ⭐️ View project at: https://wandb.ai/ningcong-chen/ppo-new-200M
wandb: Synced 8 W&B file(s), 0 media file(s), 0 artifact file(s) and 0 other file(s)
wandb: Find logs at: ./wandb/run-20260614_143802-jfvok6b7/logs
